<?xml version="1.0" encoding="UTF-8"?>
<Document>
<TEXT>Three chicks go into a bar. Seriously. "We go to trivia night," says Dixie Chick Natalie Maines, explaining why she and her fellow Chicks, sisters <NODE id="147" />Emily Robison<NODE id="160" /> and <NODE id="165" />Martie Maguire<NODE id="179" />, turn up most Tuesday nights at an Irish pub near their home base of Austin, Texas. "They call out questions, and every table is a team."

"Don't say our team name," blurts a mortified Maguire, sipping a glass of red wine in an Austin restaurant. "We're going to lose fans."

Maines is undaunted. "The name of our team is Kenny Chesney Stuffs His Pants with a Pimento Cheese Sandwich"—a bawdy reference to the hard-bodied country star whose jeans appear not so much fitted as painted on. "Isn't that a great trivia name? They say it every single round! They'll go, 'Kenny Chesney Stuffs His Pants with a Pimento Cheese Sandwich, 23 points!' And everyone laughs."

No, the Chicks have never been the shy sort. (Chesney, for the record, takes the ribbing in stride. "They said what?" he asks, cracking up at his former tour mates' gag. "Least they're lookin'.") Gutsy and confrontational, the trio rocked Nashville off its formulaic hinges with their 1998 debut, Wide Open Spaces, and since then have sold 25 million CDs and racked up four Grammys and 10 Country Music Association awards. "The Chicks are my favorite singing group," says Stevie Nicks, whose 1975 Fleetwood Mac hit "Landslide" is covered on the trio's recent CD Home. "If I were younger, I would at this minute be convincing them that I should be the fourth Dixie Chick.' "

Careful what you wish for. Not only do the three women work and tour together, they shop together, work out together (yoga is a current passion) and even play bingo together. Their homes are within driving distance, and all three turned up in the delivery room when <NODE id="1785" />Robison<NODE id="1792" /> gave birth in November to son <NODE id="1823" />Charles Augustus<NODE id="1839" />. "We're all sisters out here," says Maines. As with any siblings, sometimes tempers can flare. But if one acts up, adds Maines, "we're close enough to go, 'You're being a bitch, you need to stop.' Just like sisters would."

Now, after a three-month break from the limelight, the Chicks are set to sing the national anthem at the Super Bowl Jan. 26 and perform at the Grammys Feb. 23, where they are up for seven awards, including Album of the Year.

Would they like to win? Sure. But the Chicks say they're looking for other rewards now. "I neglected a lot of loving relationships to pursue this ultimate goal—success," says Maguire, 33. "Now we take the time to realize what's important. Family comes first."

But not always easily. After Maines gave birth to <NODE id="2601" />Jackson Slade<NODE id="2614" />, almost 2, <NODE id="2626" />her<NODE id="2629" /> son with actor husband <NODE id="2653" />Adrian Pasdar<NODE id="2666" />, in March 2001, she and Maguire watched Emily and <NODE id="2717" />her<NODE id="2720" /> husband, <NODE id="2730" />Charlie Robison<NODE id="2745" />, struggle to have a baby of their own. "It was a journey," says Emily, 30, who married in May '99. "Our frustration level was high." Over the course of two years, she underwent laparoscopic surgery to rule out physical problems, endured several failed artificial inseminations, then finally received daily fertility injections and had her eggs harvested for in vitro fertilization. Maines, 28, who got pregnant "first try," tears up at the memories. "You ask why is this happening to her?" For Maguire, the experience was even more personal. "It's tough having to watch your sister give herself injections, worry about a million medications and see different doctors in different cities on the road," she says.

Which made things that much more joyous when Emily—with her sister and Maines on hand—delivered 8 lb. 13 oz. Gus in Methodist Hospital in San Antonio. "She was at, like, two centimeters," says Maines, "and she saw where this was going and said, 'Drugs, please!' She's not even in the pain club." Or, for that matter, the privacy club. "I said, 'Y'all come on in.' I wanted everybody to enjoy it." Martie, eyeing her sister, says, "You were in the best mood—you were on Demerol! Then Charlie came out and said, 'Emily'd like you, Martie, to videotape and Natalie to take pictures.' We were elated."

<NODE id="4057" />Maguire<NODE id="4064" />, who has been trying for a year to get pregnant naturally with second husband <NODE id="4143" />Gareth Maguire<NODE id="4157" />, 28, admits her sister's ordeal concerns her. "I'm 33 and I realize fertility's not a given, it's a gift." Diagnosed last December with endometriosis, she underwent laparoscopic surgery to remove the growths and improve her chances of conceiving. So far she's not ready to take any more proactive steps, noting <NODE id="4469" />her<NODE id="4472" /> older sister <NODE id="4486" />Julia<NODE id="4491" />, 35, an administrator at Stanford University Law School, easily conceived her two kids in her 30s. "There's no reason to get aggressive yet," she says.

For all three Chicks the embrace of music and family has always been tight. <NODE id="4721" />Martha<NODE id="4727" /> and <NODE id="4732" />Emily Erwin<NODE id="4743" />, daughters of music-loving teachers <NODE id="4780" />Paul<NODE id="4784" /> (country) and <NODE id="4799" />Barbara<NODE id="4806" /> (classical), grew up in Dallas, where Dad was headmaster of a private school. They studied violin at home and joined a kids band by the time they were teens.

In 1989 the sisters formed the Dixie Chicks with Robin Macy (guitar) and bassist-singer Laura Lynch. (The name comes from Little Feat's '70s hit "Dixie Chicken.") Even as Emily finished high school—"She faxed her calculus homework in before gigs," says Martie—they played street corners in spangled cowgirl garb, with Emily on banjo and Martie on fiddle. "In our first hour," says Emily, "we collected $375. So we thought we might want to do something with this."

<NODE id="5431" />Maines<NODE id="5437" />, meanwhile, grew up in Lubbock, Texas, one of two daughters of veteran sessions pedal steel player <NODE id="5537" />Lloyd Maines<NODE id="5549" /> and his wife, <NODE id="5564" />Tina<NODE id="5568" />. Natalie was, says Lloyd, a born belter: "Even at 6 she could sing totally in tune and hear harmonies. She absorbed everything. She was fearless."

After graduating from high school in 1991 she briefly attended several colleges, including Boston's Berklee College of Music. "No one knew what country or bluegrass was, so I became the country flag-waver to be different."

By the mid-'90s the Chicks were selling their three self-made CDs out of their RVs. Their steel player was often Lloyd Maines, who proudly gave the sisters daughter Natalie's Berklee audition tape. If they were blown away, it wasn't mutual. "We'd play Lubbock, and Lloyd would have us for dinner," says Martie, "but Natalie always had something else to do. She thought we were so uncool." In a rut in late 1995, the Chicks fired Lynch (Macy left early on) and invited Natalie in as lead singer. Immediately her high-octane swagger and powerhouse pipes recharged the Chicks. "It was destiny," says Emily.

Personal bonds took longer to forge. "We knew nothing about each other," says Natalie. Then in 1999, as the trio's debut CD took off, Maguire's and Maines's marriages collapsed. "One day I just burst into the studio and said, 'I'm getting a divorce,' " recalls <NODE id="6807" />Natalie<NODE id="6814" />, then married for 19 months to bass player <NODE id="6858" />Michael Tarabay<NODE id="6873" />. "And Martie burst into tears and said, 'I'm not happy either.' It broke down a wall between us. We hadn't been honest with each other about our lives outside the Chicks." Natalie, who blames her breakup on being "too young," offered support to Martie, who says long times apart caused her eventual split from drug firm rep Ted Seidel. "Night after night," says Martie, "Nat and I had facing bunks in our RV and we'd have our curtains drawn and talk. Our divorces made us real to each other."

And almost too real for Emily, who was planning <NODE id="7416" />her<NODE id="7419" /> wedding to musician <NODE id="7440" />Robison<NODE id="7447" />, 38. "They were trying to save me from the drama," says Emily. "I just wanted to know, 'How much is the caterer?' I was on cloud nine, and my way of empathizing was staying out of their way."

There's no staying out of anyone's way now. Maines met Pasdar, 37, at <NODE id="7711" />Emily<NODE id="7716" />'s wedding, where he was a groomsman to pal <NODE id="7760" />Robison<NODE id="7767" />, she a bridesmaid (they married in Las Vegas in June 2000); <NODE id="7828" />Martie<NODE id="7834" /> met husband <NODE id="7847" />Maguire<NODE id="7854" /> when he was best man for <NODE id="7880" />his<NODE id="7883" /> brother <NODE id="7892" />Shane<NODE id="7897" />, who married <NODE id="7911" />Natalie<NODE id="7918" />'s sister <NODE id="7928" />Kim<NODE id="7931" /> in <NODE id="7935" />August 2000<NODE id="7946" />. At the time, Martie was not looking for a serious romance. "My divorce had been final for two days," she says. "I wanted to play the field." "You were in the mood for a fling," says Natalie. The Irish-born Gareth, too. "He had a girlfriend in Ireland and another at the wedding," says Martie. "I was third string." Not for long. "As soon as I saw her, my heart leapt," says Gareth. "She was the one." (They married in Hawaii in August 2001.)

It all makes for one gnarled family tree. "Martie," Maines notes, "is my sister's sister-in-law, and we're both aunts to her baby." Says Lloyd Maines: "It's not inbred at this point, but sort of. It works."

Certainly the threesome are never far apart. Maines and Pasdar live in a colorful, quirky Austin home with Mexican folk art, primitive masks, a slot machine in the living room and a velvet Elvis flanked by Jesus and Mary on the deep-red dining room wall. Martie and Gareth live 20 minutes away in a 5,000-sq.-ft. home in a gated community outside Austin, where he acts in local theater. "It's very private. I can go skinny-dipping in the pool," she says.

The Robisons, who began dating after Nashville's Fan Fair in '98, live in a 70-year-old stone and cedar-beamed farmhouse about two hours south, in Medina, Texas. The home is part of a 1,200-acre working ranch with eight horses and 75 head of cattle. "Charlie does all the hands-on ranch stuff," says Emily. "I write the checks."

The family groove continues even on workdays. Slade was in the studio every day when they cut Home, and "he learned to crawl there—on the nasty, crunchy carpet," says Natalie. Last month Robison had Gus on the same carpet. ("He was on a blanket," she points out.) And when they hit the road in spring for a U.S. tour, they'll be riding in Faith Hill's old bus—child-proofed for her two young girls. "All the doors," says Maines, "are soundproofed and padded, no doorknobs, nothing the kids could bump their heads on. A big sink so you can bathe the baby. And a full-size refrigerator for Emily to store her bottles." Fulltime nannies for Slade and Gus will be in tow, but the Chicks are quickly learning to mix babies with business. "Emily will be burping Gus in one arm and on the phone with the other making business decisions," says Robison.

Like their 2001 claim against their label, Sony Music. The Chicks accused Sony of "systematic thievery," saying they had been cheated out of millions in royalties. Sony responded with a $100 million suit, then settled, offering the Chicks a reported $20 million to stay, plus a steep royalty raise. "We hash things out. We're equals," says Emily of the band's one-for-all strategy. Natalie agrees. "We do have egos," she admits, "but if anyone acted alone, the trust would be out the window."

In fact, wherever Chicks fly, instinct seems to guide them to do it in formation. Last August Maines and Pasdar bought an apartment in New York City, where they enjoy getting away to visit pals. Martie decided to get a place too—and ended up looking at more than 60 before striking gold. "We walked in," she says, "and Gareth said, 'I can picture us here.' I said, 'I love it.' " And that's when the realtor said, "Well, look out the window because that's Natalie's apartment." Says Martie: "We can't get away from each other."</TEXT>
<Meta /><Entities>
<Entity id="0" startPos="147" endPos="160" type="person" surface="Emily Robison">
<feature featureName="cm_id" featureValue="108_2" />
<feature featureName="annotator" featureValue="R.H., V.M." /></Entity>
<Entity id="1" startPos="165" endPos="179" type="person" surface="Martie Maguire">
<feature featureName="cm_id" featureValue="126_1" />
<feature featureName="annotator" featureValue="R.H., V.M." /></Entity>
<Entity id="2" startPos="1785" endPos="1792" type="person" surface="Robison">
<feature featureName="cm_id" featureValue="91_1" />
<feature featureName="annotator" featureValue="R.H., V.M." /></Entity>
<Entity id="3" startPos="1823" endPos="1839" type="person" surface="Charles Augustus">
<feature featureName="cm_id" featureValue="129_2" />
<feature featureName="annotator" featureValue="R.H., V.M." /></Entity>
<Entity id="4" startPos="2601" endPos="2614" type="person" surface="Jackson Slade">
<feature featureName="cm_id" featureValue="27_4" />
<feature featureName="annotator" featureValue="R.H., V.M." /></Entity>
<Entity id="5" startPos="2626" endPos="2629" type="person" surface="her">
<feature featureName="cm_id" featureValue="52_8" />
<feature featureName="annotator" featureValue="R.H., V.M." /></Entity>
<Entity id="6" startPos="2653" endPos="2666" type="person" surface="Adrian Pasdar">
<feature featureName="cm_id" featureValue="79_1" />
<feature featureName="annotator" featureValue="R.H., V.M." /></Entity>
<Entity id="7" startPos="2717" endPos="2720" type="person" surface="her">
<feature featureName="cm_id" featureValue="143_5" />
<feature featureName="annotator" featureValue="R.H., V.M." /></Entity>
<Entity id="8" startPos="2730" endPos="2745" type="person" surface="Charlie Robison">
<feature featureName="cm_id" featureValue="156_2" />
<feature featureName="annotator" featureValue="R.H., V.M." /></Entity>
<Entity id="9" startPos="4057" endPos="4064" type="person" surface="Maguire">
<feature featureName="cm_id" featureValue="0_1" />
<feature featureName="annotator" featureValue="R.H., V.M." /></Entity>
<Entity id="10" startPos="4143" endPos="4157" type="person" surface="Gareth Maguire">
<feature featureName="cm_id" featureValue="86_2" />
<feature featureName="annotator" featureValue="R.H., V.M." /></Entity>
<Entity id="11" startPos="4469" endPos="4472" type="person" surface="her">
<feature featureName="cm_id" featureValue="64_1" />
<feature featureName="annotator" featureValue="R.H., V.M." /></Entity>
<Entity id="12" startPos="4486" endPos="4491" type="person" surface="Julia">
<feature featureName="cm_id" featureValue="81_3" />
<feature featureName="annotator" featureValue="R.H., V.M." /></Entity>
<Entity id="13" startPos="4721" endPos="4727" type="person" surface="Martha">
<feature featureName="cm_id" featureValue="0_4" />
<feature featureName="annotator" featureValue="R.H., V.M." /></Entity>
<Entity id="14" startPos="4732" endPos="4743" type="person" surface="Emily Erwin">
<feature featureName="cm_id" featureValue="11_1" />
<feature featureName="annotator" featureValue="R.H., V.M." /></Entity>
<Entity id="15" startPos="4780" endPos="4784" type="person" surface="Paul">
<feature featureName="cm_id" featureValue="59_3" />
<feature featureName="annotator" featureValue="R.H., V.M." /></Entity>
<Entity id="16" startPos="4799" endPos="4806" type="person" surface="Barbara">
<feature featureName="cm_id" featureValue="78_2" />
<feature featureName="annotator" featureValue="R.H., V.M." /></Entity>
<Entity id="17" startPos="5431" endPos="5437" type="person" surface="Maines">
<feature featureName="cm_id" featureValue="0_2" />
<feature featureName="annotator" featureValue="R.H., V.M." /></Entity>
<Entity id="18" startPos="5537" endPos="5549" type="person" surface="Lloyd Maines">
<feature featureName="cm_id" featureValue="106_1" />
<feature featureName="annotator" featureValue="R.H., V.M." /></Entity>
<Entity id="19" startPos="5564" endPos="5568" type="person" surface="Tina">
<feature featureName="cm_id" featureValue="133_3" />
<feature featureName="annotator" featureValue="R.H., V.M." /></Entity>
<Entity id="20" startPos="6807" endPos="6814" type="person" surface="Natalie">
<feature featureName="cm_id" featureValue="83_1" />
<feature featureName="annotator" featureValue="R.H., V.M." /></Entity>
<Entity id="21" startPos="6858" endPos="6873" type="person" surface="Michael Tarabay">
<feature featureName="cm_id" featureValue="134_2" />
<feature featureName="annotator" featureValue="R.H., V.M." /></Entity>
<Entity id="22" startPos="7416" endPos="7419" type="person" surface="her">
<feature featureName="cm_id" featureValue="48_1" />
<feature featureName="annotator" featureValue="R.H., V.M." /></Entity>
<Entity id="23" startPos="7440" endPos="7447" type="person" surface="Robison">
<feature featureName="cm_id" featureValue="72_2" />
<feature featureName="annotator" featureValue="R.H., V.M." /></Entity>
<Entity id="24" startPos="7711" endPos="7716" type="person" surface="Emily">
<feature featureName="cm_id" featureValue="26_11" />
<feature featureName="annotator" featureValue="R.H., V.M." /></Entity>
<Entity id="25" startPos="7760" endPos="7767" type="person" surface="Robison">
<feature featureName="cm_id" featureValue="75_4" />
<feature featureName="annotator" featureValue="R.H., V.M." /></Entity>
<Entity id="26" startPos="7828" endPos="7834" type="person" surface="Martie">
<feature featureName="cm_id" featureValue="143_8" />
<feature featureName="annotator" featureValue="R.H., V.M." /></Entity>
<Entity id="27" startPos="7847" endPos="7854" type="person" surface="Maguire">
<feature featureName="cm_id" featureValue="162_3" />
<feature featureName="annotator" featureValue="R.H., V.M." /></Entity>
<Entity id="28" startPos="7880" endPos="7883" type="person" surface="his">
<feature featureName="cm_id" featureValue="195_7" />
<feature featureName="annotator" featureValue="R.H., V.M." /></Entity>
<Entity id="29" startPos="7892" endPos="7897" type="person" surface="Shane">
<feature featureName="cm_id" featureValue="207_13" />
<feature featureName="annotator" featureValue="R.H., V.M." /></Entity>
<Entity id="30" startPos="7911" endPos="7918" type="person" surface="Natalie">
<feature featureName="cm_id" featureValue="226_5" />
<feature featureName="annotator" featureValue="R.H., V.M." /></Entity>
<Entity id="31" startPos="7928" endPos="7931" type="person" surface="Kim">
<feature featureName="cm_id" featureValue="243_15" />
<feature featureName="annotator" featureValue="R.H., V.M." /></Entity>
<Entity id="32" startPos="7935" endPos="7946" type="date" surface="August 2000">
<feature featureName="cm_id" featureValue="250_9" />
<feature featureName="date_year" featureValue="2000" />
<feature featureName="annotator" featureValue="R.H., V.M." />
<feature featureName="date_month" featureValue="August" /></Entity></Entities><Relations>
<Relation id="33" NAME="sibling_relationship">
<Entity id="1" label="person" />
<Entity id="0" label="person" />
<feature featureName="annotator" featureValue="V.M., L.S." />
<feature featureName="rm_id" featureValue="doc144_39_1_202" />
</Relation>
<Relation id="34" NAME="person_parent">
<Entity id="3" label="person" />
<Entity id="2" label="parent" />
<feature featureName="annotator" featureValue="R.H., V.M." />
<feature featureName="rm_id" featureValue="doc144_1694_1" />
</Relation>
<Relation id="35" NAME="marriage">
<Entity id="8" label="person" />
<Entity id="7" label="person" />
<feature featureName="annotator" featureValue="R.H., V.M." />
<feature featureName="rm_id" featureValue="doc144_2574_1" />
</Relation>
<Relation id="36" NAME="person_parent">
<Entity id="4" label="person" />
<Entity id="5" label="parent" />
<Entity id="6" label="parent" />
<feature featureName="annotator" featureValue="R.H., L.S." />
<feature featureName="rm_id" featureValue="doc144_2574_1_200" />
</Relation>
<Relation id="37" NAME="marriage">
<Entity id="5" label="person" />
<Entity id="6" label="person" />
<feature featureName="annotator" featureValue="R.H., L.S." />
<feature featureName="rm_id" featureValue="doc144_2574_0_190" />
</Relation>
<Relation id="38" NAME="marriage">
<Entity id="10" label="person" />
<Entity id="9" label="person" />
<feature featureName="annotator" featureValue="R.H., V.M." />
<feature featureName="rm_id" featureValue="doc144_4057_1" />
</Relation>
<Relation id="39" NAME="sibling_relationship">
<Entity id="12" label="person" />
<Entity id="11" label="person" />
<feature featureName="annotator" featureValue="R.H., V.M." />
<feature featureName="rm_id" featureValue="doc144_4405_1" />
</Relation>
<Relation id="40" NAME="person_parent">
<Entity id="14" label="person" />
<Entity id="13" label="person" />
<Entity id="16" label="parent" />
<Entity id="15" label="parent" />
<feature featureName="annotator" featureValue="R.H., V.M." />
<feature featureName="rm_id" featureValue="doc144_4721_1" />
</Relation>
<Relation id="41" NAME="sibling_relationship">
<Entity id="14" label="person" />
<Entity id="13" label="person" />
<feature featureName="annotator" featureValue="R.H., V.M." />
<feature featureName="rm_id" featureValue="doc144_4721_2" />
</Relation>
<Relation id="42" NAME="person_parent">
<Entity id="17" label="person" />
<Entity id="19" label="parent" />
<Entity id="18" label="parent" />
<feature featureName="annotator" featureValue="R.H., V.M." />
<feature featureName="rm_id" featureValue="doc144_5431_1" />
</Relation>
<Relation id="43" NAME="marriage">
<Entity id="19" label="person" />
<Entity id="18" label="person" />
<feature featureName="annotator" featureValue="R.H., V.M." />
<feature featureName="rm_id" featureValue="doc144_5431_2" />
</Relation>
<Relation id="44" NAME="marriage">
<Entity id="20" label="person" />
<Entity id="21" label="person" />
<feature featureName="annotator" featureValue="R.H., V.M." />
<feature featureName="rm_id" featureValue="doc144_6724_1" />
</Relation>
<Relation id="45" NAME="marriage">
<Entity id="23" label="person" />
<Entity id="22" label="person" />
<feature featureName="annotator" featureValue="R.H., L.S." />
<feature featureName="rm_id" featureValue="doc144_7368_0_195" />
</Relation>
<Relation id="46" NAME="marriage">
<Entity id="27" label="person" />
<Entity id="26" label="person" />
<feature featureName="annotator" featureValue="R.H., V.M." />
<feature featureName="rm_id" featureValue="doc144_7685_1" />
</Relation>
<Relation id="47" NAME="marriage">
<Entity id="29" label="person" />
<Entity id="31" label="person" />
<Entity id="32" label="from" />
<feature featureName="annotator" featureValue="R.H., V.M." />
<feature featureName="rm_id" featureValue="doc144_7685_2" />
</Relation>
<Relation id="48" NAME="sibling_relationship">
<Entity id="29" label="person" />
<Entity id="28" label="person" />
<feature featureName="annotator" featureValue="R.H., V.M." />
<feature featureName="rm_id" featureValue="doc144_7685_3" />
</Relation>
<Relation id="49" NAME="sibling_relationship">
<Entity id="30" label="person" />
<Entity id="31" label="person" />
<feature featureName="annotator" featureValue="R.H., V.M." />
<feature featureName="rm_id" featureValue="doc144_7685_4" />
</Relation>
<Relation id="50" NAME="marriage">
<Entity id="25" label="person" />
<Entity id="24" label="person" />
<feature featureName="annotator" featureValue="V.M., L.S." />
<feature featureName="rm_id" featureValue="doc144_7685_1_195" />
</Relation></Relations>
</Document>
