<?xml version="1.0" encoding="UTF-8"?>
<Document>
<TEXT>To an observer it might have looked like the perfect Father's Day tableau: a dad and his daughter, munching on deli sandwiches and watching a soccer match on TV. But when actor Ryan O'Neal got together with <NODE id="207" />his<NODE id="210" /> often-estranged daughter <NODE id="236" />Tatum<NODE id="241" /> on June 16, the only ordinary thing about the scene was the cold cuts. Although the elder O'Neal, who was diagnosed with leukemia last year, was feeling healthy thanks to the anticancer drug Gleevec, his daughter was thin and shaky, the result of coming off a six-month cocaine bender. And despite nearly four decades of pain between them, the conversation never turned deep. "We're not going to do that talk," Tatum says flatly. "Different generations."

Ryan O'Neal may prefer to keep family secrets to himself, but his troubled daughter is finally—and loudly—breaking her silence. Prompted in part by a new memoir written by <NODE id="870" />her<NODE id="873" /> ex-husband, tennis ace <NODE id="897" />John McEnroe<NODE id="909" />—in which he portrays Tatum as an emotional tsunami—the 38-year-old O'Neal pulls no punches as she looks back on a life that makes the most shocking E! True Hollywood Story look like Sesame Street. Abandoned by an overwhelmed, drug-abusing mother at age 7, she was an Oscar winner at 10 and began using drugs by 14, moving from marijuana, Quaaludes and cocaine to, years later, heroin. With her father caught up in the celebrity scene of the 1970s, a teenage Tatum and <NODE id="1378" />her<NODE id="1381" /> younger brother <NODE id="1398" />Griffin<NODE id="1405" /> were left on their own in Ryan's Malibu house while their father moved in with actress Farrah Fawcett. Then came <NODE id="1519" />her<NODE id="1522" /> failed six-year marriage to <NODE id="1551" />McEnroe<NODE id="1558" />, 43, toward whom she remains openly hostile. Worst of all is the loss of <NODE id="1632" />her<NODE id="1635" /> children <NODE id="1645" />Kevin<NODE id="1650" />, 16, <NODE id="1656" />Sean<NODE id="1660" />, 14, and <NODE id="1670" />Emily<NODE id="1675" />, 11: When O'Neal became a heroin addict in 1995, McEnroe took control of their kids and has retained it ever since. "Not being able to see my kids is like part of me is missing," she says. "Part of my soul is missing."

And yet, even though many of her troubles can probably be traced to her chaotic childhood, O'Neal retains sympathy for the man who might have made things better: her father. When she learned by phone in April last year that Ryan, 61, had been diagnosed with cancer, "I told him how much I loved him, how much he had given me," she says. "He's the love of my life."

O'Neal speaks far less warmly of her ex-husband, whom she calls "the main stress for so long that I can't count anymore." After years of bitter battling over their children, the pair are at loggerheads again over McEnroe's bestselling memoir You Cannot Be Serious. <NODE id="2527" />O'Neal<NODE id="2533" /> claims <NODE id="2541" />he<NODE id="2543" /> misrepresents the way their marriage ended and generally casts her in an unflattering light while minimizing his own faults. Although she concedes that he is generally a good father to their children and that "most of the stuff [in the book] is true," O'Neal says she resents the invasion of privacy. "He crossed the line, and I feel like it's time to fight back," she says. One tactic: She has made public a transcript of a 20-minute 1999 phone argument with McEnroe regarding their children's vacation plans that O'Neal secretly taped and submitted in court as part of her custody case. During the conversation a foulmouthed McEnroe—barely a line goes by without a curse—tacitly admits to smoking pot and berating and even hitting one of their children. At one point, McEnroe screams that he is not going to let their kids "go down the tube because they got a f——— wacko as a mother."

For a woman who admits that her young daughter once stumbled across Mommy using heroin, drawing more attention to the couple's marital mess might seem an odd strategy. O'Neal acknowledges this and admits that publicizing the tape's contents "is kind of exploitative." Still, she says, "I have to protect what dignity and truth is mine." McEnroe, in a statement to PEOPLE, responded that "I am very disappointed in Tatum's statements. I had hoped that after all these years she would see things more accurately and that she would share my concern for the welfare of our children."

Now, after a half-dozen stints in rehab, O'Neal claims that she has crashed-and-burned for the last time. Prior to her most recent coke binge, "I kept hearing a voice in my head say, 'You're a coward. I hate you. Your kids hate you. You're not worth a thing, Tatum,' " she recalls. For now, she insists, she has prevailed: She says she has been clean for three months. Describing herself as "one strong bitch," she says, "I have this gnarly inner strength."

It has certainly been tested. <NODE id="4502" />Tatum<NODE id="4507" /> was 2 when her parents—<NODE id="4531" />Ryan<NODE id="4535" /> and actress <NODE id="4548" />Joanna Moore<NODE id="4560" />, who had met on the 1960s TV show The Virginian—divorced. While Ryan continued to pursue a career in Hollywood, <NODE id="4673" />Tatum<NODE id="4678" /> and <NODE id="4683" />Griffin<NODE id="4690" /> lived in "a really dilapidated house" in Reseda, Calif., with their mother, who soon began to use drugs "pretty heavily" and left her kids to fend for themselves. "Griffin and I ran away three times, barefooted," she says. "We would steal sugary stuff out of the Jolly Jug [liquor store]. I lived in a bathroom, saw maggots...real nice."

When O'Neal was 7, her father intervened and sent the children briefly to a boarding school in Arizona. Miserable and isolated, "I ended up cutting off my hair and sending it to my grandmother, begging her to take me home," she recalls. When Moore checked into a Camarillo, Calif., mental hospital, Ryan—who sometimes visited on weekends—took Tatum to live with him in Malibu, while Griffin rejoined his mother. (<NODE id="5443" />O'Neal<NODE id="5449" /> also has two younger half siblings: <NODE id="5486" />Patrickh<NODE id="5494" />, <NODE id="5496" />Ryan<NODE id="5500" />'s 34-year-old son with actress <NODE id="5532" />Leigh Taylor-Young<NODE id="5550" />, and <NODE id="5556" />Redmond<NODE id="5563" />, 17, <NODE id="5569" />his<NODE id="5572" /> son with <NODE id="5582" />Fawcett<NODE id="5589" />.) Having recently starred in 1970's Love Story, Ryan "was this handsome playboy who wanted to take care of me," O'Neal recalls. The love-starved child soon became possessive of him—following him everywhere and even climbing into his bed—which ticked off his girlfriends, including former Bond girl Ursula Andress. "I don't want to sleep with you while your daughter is in the bed," O'Neal recalls Andress complaining. "It's weird."

Then came the role that would unite—and divide—Tatum and her father. Cast opposite Ryan as precocious con artist Addie Loggins in 1973's Paper Moon, 8-year-old O'Neal was a novice in every way. "I remember practicing lines with my dad, like I'd have to say, 'I love you,' and I'd think, 'I can't say that,' " she recalls. Yet she stole the show—and an Oscar nomination. "That's when things started getting rough in our relationship," she says. Stricken with a stress-induced ulcer, she became the youngest-ever Oscar winner while her paternal grandparents watched from the audience; Ryan, who was filming in London, didn't attend. "I was happy for her," recalls Moon's director Peter Bogdanovich, "although I knew it was going to be the beginning of a lot of problems."

First, though, there were a lot of parties. Ryan O'Neal didn't exactly shelter young Tatum from the wilds of Hollywood. "When Tatum was 9 or 10, she was a source of embarrassment to all of us older people because she would be brought to these parties where we'd be smoking marijuana," says Ryan's former agent Sue Mengers. "And there was that little face, staring at us with such disapproval. But she had no place else to be." Dependent as she was, O'Neal also pricked her father's vanity. Ryan bet Tatum that his movie Barry Lyndon would beat her 1976 kids' flick The Bad News Bears at the box office. When it didn't, "he started getting crazy and more out of control," she says. "He's got some Irish bully in him and couldn't control his fists." During one fit of rage, "my dad threw a pool cue at my head because my brother was beating him in pool," she says. (Ryan O'Neal declined repeated requests to comment for this story.)

At 13, O'Neal accompanied her dad on location for 1977's A Bridge Too Far, where she says, she was molested by one of his friends. As a result, "I slit my wrists and took a lot of drugs and drank everything in the minibar in an attempt to kill myself," she says. A year later she began experimenting with marijuana and the prescription drug Quaalude. Then, on one occasion, O'Neal's pal Carrie Adelson was driving her to Big Sur after partying with actress MacKenzie Phillips the night before when Adelson crashed Joanna Moore's Jeep on the California coast. "Dad didn't take us to the emergency room," O'Neal says. "He sent a limo."

With scrapes on her leg that required skin grafts, O'Neal spent the next six weeks in the hospital, visited by her Bears costar Walter Matthau and, on one occasion each, her parents. "That was probably the lowest point in my adolescence," she says. Back home, things continued to go downhill after Ryan began his 18-year romance with Charlie's Angel Farrah Fawcett, with whom Tatum had a chilly relationship. She fought regularly with her dad, who, she says, told her at age 15 that she was fat and should use cocaine to lose weight. Their battles continued until one day two years later, when O'Neal says Ryan, angry that she was late for a racquetball match, punched her in the head. "That was it," she recalls. "I didn't see him for years after that."

Tatum's pal, singer Jennifer Young, says she never witnessed Ryan physically abuse Tatum, but she does recall an incident involving <NODE id="9249" />Tatum<NODE id="9254" />'s brother <NODE id="9265" />Griffin<NODE id="9272" />. "We were all hanging out—Leif [Garrett], Nicollette Sheridan and me, and next thing Ryan and Griffin get in a huge fight," Young, 37, recalls. "Ryan threw Griffin across the room and into the wall." On another occasion Ryan famously slugged the teen, knocking out two of his front teeth. "I was all over my dad when he did that stuff to my brother," says Tatum. "Griffin would lie about what had happened when he got beat up."

When Tatum was 17, she and Griffin moved into an apartment in Beverly Hills. In 1986 Griffin was driving the boat that claimed the life of <NODE id="9841" />Gian Carlo Coppola<NODE id="9859" />, the 22-year-old son of director <NODE id="9893" />Francis Ford Coppola<NODE id="9913" />. Don Crutchfield, an L.A. private investigator who worked for the O'Neal family, says, "It was a Hollywood family and a mess from the word go. Joanna was too busy scoring drugs to be a good mom. Ryan was busy with his career." Tatum, he says, "was the only sane one of the bunch."

O'Neal was still estranged from her father in 1984 when she met 25-year-old McEnroe at a Los Angeles party. Within two months the pair were living together. In May 1986 their son Kevin was born, and they wed three months later. "I loved him, but I also think going away with him was a great survival tactic," says O'Neal. "It got me away from my family."

Still, it was a difficult adjustment. "I thought Tatum was mature and equipped enough to deal with [parenthood]," McEnroe told PEOPLE in a May interview. "As I look back now, it was asking a lot for her at 22 years of age, given what she had been through." Just over a year after Kevin's arrival, their son Sean was born.

As McEnroe's ranking dropped from No.1 to No.20, O'Neal began itching to return to acting. Influenced by Madonna, who had befriended her—"She said, 'You have got to get strong, girl.' I was very meek"—she began working out with the singer's trainer and built confidence as well as muscles. But her growing independence created tension. "McEnroe was vehement about her not working," says O'Neal's friend Mengers. "When I used to call the house to talk to her, he'd grab the phone and say, 'You aren't to call here and talk about work.' " In his book McEnroe maintains that "her acting career had tailed off." What he "felt strongly about," he writes, "was that I never wanted both of us to be working at the same time."

A year after the birth of their third child, Emily, in 1991, they separated, sharing joint custody of the children. Asked about McEnroe's assertion in You Cannot Be Serious that she was the first to call it quits, O'Neal counters, "He kicked me out of the house. He pushed me down the stairs. He almost broke my arm, almost broke my nose and called me every name in the book and blamed me for losing matches." Following their split, "I just didn't have a vision of how ugly it would become. It became a war."

At the end of 1994, O'Neal says, she hooked up with a young poet who introduced her to heroin. She started off sniffing, graduating to speedballs and, finally, needles. "It's not something I'm proud of at all," she says now. "I did it in my bedroom. Emily had to wait outside the door. Then one day she opened the door and saw. I realized it immediately and at that moment I told her that Mommy had a problem. That's easily the worst thing ever in my life." Today, she says, she tells her daughter, "If you need to be angry with me, be angry with me. Don't hold it in."

During O'Neal's heroin addiction, McEnroe got primary custody of the children while O'Neal went in and out of rehab. She says she cleaned up in 1998 with the help of therapy and Alcoholics Anonymous. Granted supervised visits with her children, she underwent twice-weekly urine tests until last summer, when, fed up, she stopped. "I'd spent about $20,000 on testing. I'd done it for four years. It was very demeaning. And it meant John still had some control over me," she explains. Tired of the legal wrangling, O'Neal says, she threw in the towel, giving McEnroe full custody of their children.

For a while O'Neal found a degree of happiness with Miramax executive Steve Hutensky, 37, whom she met at a wedding in 1998. After dating for almost two years, the pair became engaged on a carriage ride through Central Park in January 2000. But the wedding plans were short-lived. After Ryan was diagnosed with leukemia, O'Neal broke off the engagement and moved west to be near her dad. "I was a runaway bride," she says. "Steve's a great guy. I'm sure he's extremely pissed off. But I'm still fighting this first marriage." The breakup, coupled with her father's diagnosis, "sent me into a terrible spin," she says. She ended three years of sobriety by turning to cocaine.

It's a long path back, but O'Neal insists she has taken the first steps. "I think it would be terribly sad if I killed myself with my addiction," she says. "How sad would I be if I couldn't overcome my legacy? I tell myself that I have to channel it into art, work, loving my kids, living a good life. There are people who will love me if I let them."

Twice a month she visits New York City, where her three-bedroom apartment is just eight blocks from the Central Park West home McEnroe shares with their children, <NODE id="14466" />his<NODE id="14469" /> second wife, rock singer <NODE id="14495" />Patty Smyth<NODE id="14506" />, 45, her daughter and their two kids. She sees Kevin, Sean and Emily only when McEnroe will allow—which, in their current state of bitterness, she says, translates to seldom, if at all. Instead, they communicate by cell phone—"I leave long messages, and they say, 'Geez, Mom, you're wasting my battery!' "—and O'Neal spends much of her time at her home in West Hollywood. There, with her dog Lena, a Scottie, and cats Wallet, Zoey and Percy, she has settled into a quiet routine of weekly yoga, daily meditation and twice-daily AA meetings. She is also hoping to revive her acting career with a role in The Scoundrel's Wife, an indie film that is looking for a distributor. Meanwhile, despite her dad's reluctance to have a heart-to-heart, O'Neal is focused on making peace. "He's all I have," she says. "We may not have a great relationship, but he loves me to pieces, and I love him. And you know what? I forgive him."

Michelle Tauber Todd Gold and Lorenzo Benet in Los Angeles and KC Baker in New York City</TEXT>
<Meta /><Entities>
<Entity id="0" startPos="207" endPos="210" type="person" surface="his">
<feature featureName="cm_id" featureValue="45_2" />
<feature featureName="annotator" featureValue="R.H., V.M." /></Entity>
<Entity id="1" startPos="236" endPos="241" type="person" surface="Tatum">
<feature featureName="cm_id" featureValue="74_3" />
<feature featureName="annotator" featureValue="R.H., V.M." /></Entity>
<Entity id="2" startPos="870" endPos="873" type="person" surface="her">
<feature featureName="cm_id" featureValue="44_1" />
<feature featureName="annotator" featureValue="R.H., V.M." /></Entity>
<Entity id="3" startPos="897" endPos="909" type="person" surface="John McEnroe">
<feature featureName="cm_id" featureValue="71_2" />
<feature featureName="annotator" featureValue="R.H., V.M." /></Entity>
<Entity id="4" startPos="1378" endPos="1381" type="person" surface="her">
<feature featureName="cm_id" featureValue="83_2" />
<feature featureName="annotator" featureValue="R.H., V.M." /></Entity>
<Entity id="5" startPos="1398" endPos="1405" type="person" surface="Griffin">
<feature featureName="cm_id" featureValue="103_3" />
<feature featureName="annotator" featureValue="R.H., V.M." /></Entity>
<Entity id="6" startPos="1519" endPos="1522" type="person" surface="her">
<feature featureName="cm_id" featureValue="10_2" />
<feature featureName="annotator" featureValue="R.H., V.M." /></Entity>
<Entity id="7" startPos="1551" endPos="1558" type="person" surface="McEnroe">
<feature featureName="cm_id" featureValue="42_1" />
<feature featureName="annotator" featureValue="R.H., V.M." /></Entity>
<Entity id="8" startPos="1632" endPos="1635" type="person" surface="her">
<feature featureName="cm_id" featureValue="28_3" />
<feature featureName="annotator" featureValue="R.H., V.M." /></Entity>
<Entity id="9" startPos="1645" endPos="1650" type="person" surface="Kevin">
<feature featureName="cm_id" featureValue="41_4" />
<feature featureName="annotator" featureValue="R.H., V.M." /></Entity>
<Entity id="10" startPos="1656" endPos="1660" type="person" surface="Sean">
<feature featureName="cm_id" featureValue="52_5" />
<feature featureName="annotator" featureValue="R.H., V.M." /></Entity>
<Entity id="11" startPos="1670" endPos="1675" type="person" surface="Emily">
<feature featureName="cm_id" featureValue="66_2" />
<feature featureName="annotator" featureValue="R.H., V.M." /></Entity>
<Entity id="12" startPos="2527" endPos="2533" type="person" surface="O'Neal">
<feature featureName="cm_id" featureValue="0_1" />
<feature featureName="annotator" featureValue="R.H., V.M." /></Entity>
<Entity id="13" startPos="2541" endPos="2543" type="person" surface="he">
<feature featureName="cm_id" featureValue="14_2" />
<feature featureName="annotator" featureValue="R.H., V.M." /></Entity>
<Entity id="14" startPos="4502" endPos="4507" type="person" surface="Tatum">
<feature featureName="cm_id" featureValue="0_2" />
<feature featureName="annotator" featureValue="R.H., V.M." /></Entity>
<Entity id="15" startPos="4531" endPos="4535" type="person" surface="Ryan">
<feature featureName="cm_id" featureValue="29_3" />
<feature featureName="annotator" featureValue="R.H., V.M." /></Entity>
<Entity id="16" startPos="4548" endPos="4560" type="person" surface="Joanna Moore">
<feature featureName="cm_id" featureValue="46_1" />
<feature featureName="annotator" featureValue="R.H., V.M." /></Entity>
<Entity id="17" startPos="4673" endPos="4678" type="person" surface="Tatum">
<feature featureName="cm_id" featureValue="54_1" />
<feature featureName="annotator" featureValue="R.H., V.M." /></Entity>
<Entity id="18" startPos="4683" endPos="4690" type="person" surface="Griffin">
<feature featureName="cm_id" featureValue="64_3" />
<feature featureName="annotator" featureValue="R.H., V.M." /></Entity>
<Entity id="19" startPos="5443" endPos="5449" type="person" surface="O'Neal">
<feature featureName="cm_id" featureValue="1_7" />
<feature featureName="annotator" featureValue="R.H., V.M." /></Entity>
<Entity id="20" startPos="5486" endPos="5494" type="person" surface="Patrickh">
<feature featureName="cm_id" featureValue="44_3" />
<feature featureName="annotator" featureValue="R.H., V.M." /></Entity>
<Entity id="21" startPos="5496" endPos="5500" type="person" surface="Ryan">
<feature featureName="cm_id" featureValue="54_6" />
<feature featureName="annotator" featureValue="R.H., V.M." /></Entity>
<Entity id="22" startPos="5532" endPos="5550" type="person" surface="Leigh Taylor-Young">
<feature featureName="cm_id" featureValue="90_2" />
<feature featureName="annotator" featureValue="R.H., V.M." /></Entity>
<Entity id="23" startPos="5556" endPos="5563" type="person" surface="Redmond">
<feature featureName="cm_id" featureValue="114_4" />
<feature featureName="annotator" featureValue="R.H., V.M." /></Entity>
<Entity id="24" startPos="5569" endPos="5572" type="person" surface="his">
<feature featureName="cm_id" featureValue="127_1" />
<feature featureName="annotator" featureValue="R.H., V.M." /></Entity>
<Entity id="25" startPos="5582" endPos="5589" type="person" surface="Fawcett">
<feature featureName="cm_id" featureValue="140_5" />
<feature featureName="annotator" featureValue="R.H., V.M." /></Entity>
<Entity id="26" startPos="9249" endPos="9254" type="person" surface="Tatum">
<feature featureName="cm_id" featureValue="132_2" />
<feature featureName="annotator" featureValue="R.H., V.M." /></Entity>
<Entity id="27" startPos="9265" endPos="9272" type="person" surface="Griffin">
<feature featureName="cm_id" featureValue="148_4" />
<feature featureName="annotator" featureValue="R.H., V.M." /></Entity>
<Entity id="28" startPos="9841" endPos="9859" type="person" surface="Gian Carlo Coppola">
<feature featureName="cm_id" featureValue="62_1" />
<feature featureName="annotator" featureValue="R.H., V.M." /></Entity>
<Entity id="29" startPos="9893" endPos="9913" type="person" surface="Francis Ford Coppola">
<feature featureName="cm_id" featureValue="114_2" />
<feature featureName="annotator" featureValue="R.H., V.M." /></Entity>
<Entity id="30" startPos="14466" endPos="14469" type="person" surface="his">
<feature featureName="cm_id" featureValue="163_2" />
<feature featureName="annotator" featureValue="R.H., V.M." /></Entity>
<Entity id="31" startPos="14495" endPos="14506" type="person" surface="Patty Smyth">
<feature featureName="cm_id" featureValue="192_1" />
<feature featureName="annotator" featureValue="R.H., V.M." /></Entity></Entities><Relations>
<Relation id="32" NAME="person_parent">
<Entity id="1" label="person" />
<Entity id="0" label="parent" />
<feature featureName="annotator" featureValue="V.M., L.S." />
<feature featureName="rm_id" featureValue="doc131_162_0_285" />
</Relation>
<Relation id="33" NAME="marriage">
<Entity id="2" label="person" />
<Entity id="3" label="person" />
<feature featureName="annotator" featureValue="R.H., V.M." />
<feature featureName="rm_id" featureValue="doc131_826_1" />
</Relation>
<Relation id="34" NAME="sibling_relationship">
<Entity id="4" label="person" />
<Entity id="5" label="person" />
<feature featureName="annotator" featureValue="R.H., V.M." />
<feature featureName="rm_id" featureValue="doc131_1295_1" />
</Relation>
<Relation id="35" NAME="marriage">
<Entity id="7" label="person" />
<Entity id="6" label="person" />
<feature featureName="annotator" featureValue="V.M., L.S." />
<feature featureName="rm_id" featureValue="doc131_1509_0_281" />
</Relation>
<Relation id="36" NAME="person_parent">
<Entity id="9" label="person" />
<Entity id="11" label="person" />
<Entity id="10" label="person" />
<Entity id="8" label="parent" />
<feature featureName="annotator" featureValue="R.H., V.M." />
<feature featureName="rm_id" featureValue="doc131_1604_1" />
</Relation>
<Relation id="37" NAME="sibling_relationship">
<Entity id="9" label="person" />
<Entity id="11" label="person" />
<Entity id="10" label="person" />
<feature featureName="annotator" featureValue="V.M., L.S." />
<feature featureName="rm_id" featureValue="doc131_1604_0_293" />
</Relation>
<Relation id="38" NAME="marriage">
<Entity id="12" label="person" />
<Entity id="13" label="person" />
<feature featureName="annotator" featureValue="V.M., L.S." />
<feature featureName="rm_id" featureValue="doc131_2527_0_282" />
</Relation>
<Relation id="39" NAME="person_parent">
<Entity id="14" label="person" />
<Entity id="16" label="parent" />
<Entity id="15" label="parent" />
<feature featureName="annotator" featureValue="R.H., V.M." />
<feature featureName="rm_id" featureValue="doc131_4502_1" />
</Relation>
<Relation id="40" NAME="marriage">
<Entity id="16" label="person" />
<Entity id="15" label="person" />
<feature featureName="annotator" featureValue="R.H., V.M." />
<feature featureName="rm_id" featureValue="doc131_4502_2" />
</Relation>
<Relation id="41" NAME="sibling_relationship">
<Entity id="18" label="person" />
<Entity id="17" label="person" />
<feature featureName="annotator" featureValue="V.M., L.S." />
<feature featureName="rm_id" featureValue="doc131_4619_0_294" />
</Relation>
<Relation id="42" NAME="person_parent">
<Entity id="19" label="person" />
<Entity id="21" label="parent" />
<feature featureName="annotator" featureValue="R.H., V.M." />
<feature featureName="rm_id" featureValue="doc131_5442_1" />
</Relation>
<Relation id="43" NAME="sibling_relationship">
<Entity id="23" label="person" />
<Entity id="19" label="person" />
<Entity id="20" label="person" />
<feature featureName="annotator" featureValue="R.H., V.M." />
<feature featureName="rm_id" featureValue="doc131_5442_2" />
</Relation>
<Relation id="44" NAME="person_parent">
<Entity id="23" label="person" />
<Entity id="25" label="parent" />
<Entity id="24" label="parent" />
<feature featureName="annotator" featureValue="R.H., V.M." />
<feature featureName="rm_id" featureValue="doc131_5442_3" />
</Relation>
<Relation id="45" NAME="person_parent">
<Entity id="20" label="person" />
<Entity id="21" label="parent" />
<Entity id="22" label="parent" />
<feature featureName="annotator" featureValue="R.H., V.M." />
<feature featureName="rm_id" featureValue="doc131_5442_4" />
</Relation>
<Relation id="46" NAME="sibling_relationship">
<Entity id="27" label="person" />
<Entity id="26" label="person" />
<feature featureName="annotator" featureValue="R.H., V.M." />
<feature featureName="rm_id" featureValue="doc131_9117_1" />
</Relation>
<Relation id="47" NAME="person_parent">
<Entity id="28" label="person" />
<Entity id="29" label="parent" />
<feature featureName="annotator" featureValue="R.H., V.M." />
<feature featureName="rm_id" featureValue="doc131_9779_1" />
</Relation>
<Relation id="48" NAME="marriage">
<Entity id="31" label="person" />
<Entity id="30" label="person" />
<feature featureName="annotator" featureValue="R.H., V.M." />
<feature featureName="rm_id" featureValue="doc131_14303_1" />
</Relation></Relations>
</Document>
