<?xml version="1.0" encoding="UTF-8"?>
<Document>
<TEXT>Julia Roberts was in fine form. Walking the red carpet for the L.A. premiere of America's Sweethearts last month, she was radiant in a sheer gold top, strappy sandals, a flirtatious toe ring—and the kind of wide-screen grin only the woman TIME declared America's Best Movie Star can muster. She gave hello hugs to costars John Cusack, Billy Crystal and, finally, Catherine Zeta-Jones, who locked her in a tight embrace as they rocked back and forth. While cameras flashed, Mrs. Michael Douglas leaned in for a second's girl talk. "How are you?" she whispered. Roberts pulled back, grinned, and quietly responded, "I'm great." But Zeta-Jones wasn't having it. "No—how are you?" she persisted. Roberts looked at her again, apparently just getting the question behind the question: How are you now that your it-all-seemed-so-perfect four-year romance with Benjamin Bratt just collapsed in smoke and ashes?

Photographers closed in before Roberts, 33, could respond. But the $20 million-per-film, Oscar-winning addition to the dating game had effectively given her answer two weeks earlier on the Late Show with David Letterman, revealing to the host the never-complain-never-explain line she has been practicing in front of her mirror lately: "Hi. I'm Julia. I'm single. Doesn't make me a bad person."

The next Mr. Lucky probably won't need that assurance before jotting her phone number down on a cocktail napkin. And, yes, it's unlikely that Roberts—as well as recently single stars Meg Ryan and Nicole Kidman—would have to do more to get a date than approve applications. But while power, fame, money and sex appeal are a powerful quartet, they don't always lead to romantic harmony. And though it might be hard, in a world full of lonely hearts, to feel sympathy for a few superstars who just made life more difficult for everyone else, things are tough all over. "Being a star brings its own set of problems and baggage," a close friend says of Ryan, 39. "Men don't seek her out. Friends of mine will say, 'So-and-so would like to go out with her, but he doesn't have the [glandular fortitude].' These girls are not stupid—you have to have a really secure guy. They don't just fall off trees."

No kidding. But here's a possible surprise: "Celebrities are just like us," maintains L.A.-based shrink Noelle Nelson, "except that all the world is a stage for their dating lives. They can't get whiny and depressed like we do. They can't get chubby and sloppy. Everything they do, everything they say, every decision they make is scrutinized and discussed."

And the general public can be tougher than an overbearing mom—especially, it seems, for a woman. Male stars like George Clooney or Bruce Willis don't seem compelled to defend their dating habits. But for <NODE id="2762" />Roberts<NODE id="2769" />, after a broken engagement (to Kiefer Sutherland), a string of high-profile romances (with Dylan McDermott, Jason Patric and Matthew Perry), a failed 21-month marriage (to singer <NODE id="2949" />Lyle Lovett<NODE id="2960" />) and now the end of nearly four seemingly blissful years with Bratt, 37, the scrutiny and discussion often end with the same conclusion: Poor thing; she just can't get her love life together. "There's a tinge of the pathetic that's always projected onto movie stars who are without a man," says Marcelle Clements, author of 1998's The Improvised Woman: Single Women Reinventing Single Life. "An unmarried male celebrity becomes a glamorous bachelor. A woman becomes a stereotype—either a wallflower or a tart or a neurotic or bitchy broad who can't get along with men."

The truth, of course, is more complicated. In Las Vegas in June, for example, Roberts was not looking for another chance with the 43-year-old Lovett (dating his former personal assistant April Kimble for three years) but a heart-to-heart chat with a man who has remained a close friend. Shortly after her split from Bratt became headline news, she checked into the swank Bellagio Hotel and headed for a nearby park to take in one of the country star's concerts. The two also strolled the grounds of the Regent Los Vegas hotel deep in conversation and had breakfast at a coffee shop. Even Ryan—who ended <NODE id="4135" />her<NODE id="4138" /> nine-year marriage to <NODE id="4161" />Dennis Quaid<NODE id="4173" />, 47, last summer, only to jump into (and out of) a nine-month romance with her Proof of Life costar Russell Crowe, 37—breaks bread with her exes. <NODE id="4320" />She<NODE id="4323" /> bought an $8.9 million dollar home in Bel Air—a few miles from <NODE id="4387" />Quaid<NODE id="4392" />—to be near their 9-year-old son <NODE id="4425" />Jack<NODE id="4429" />. (They have joint custody.) In July she took photos of Jack as he played piano alongside Quaid's band, the Sharks, at the Chico Hot Springs nightclub in Paradise Valley, Mont. And in June she was nibbling sushi at Man Ray in Manhattan with Crowe. Eating with an old boyfriend, it seems, is the safest thing on the menu these days.

On one occasion recently, "she went for dinner [with a man] and found out that he thought he was on a date," says her friend. "She'll have to get back on the horse soon, but she doesn't want to date really. You have to stop for a minute and examine how you next make a move."

And when she's ready, her pal says, chances are good she'll end up—for better or worse—with a familiar face. "There are not a lot of ways you can meet people, unless you meet them on movies," the friend says. "Hopefully, next time we're going to skip the bad-boy actor with a rock band."

Whatever her romantic future, Ryan's time now is for herself. For spiritual support, she heads to Upstate New York and the counsel of Gurumayi Chidvilasananda, the leader of the Siddha Yoga movement and the ashram Ryan has attended for years. And then it's back to Manhattan for lunch at a restaurant like Serendipity 3—best known as an ice-cream parlor—where she met up with pals Carrie Fisher, <NODE id="5724" />Fisher<NODE id="5730" />'s daughter <NODE id="5742" />Billie<NODE id="5748" /> and Meryl Streep last week. Ryan, says a friend, is less likely to talk romance (or lack of it) than whether she should commit, say, to the pricey handbag she eyed in Barneys' Madison Avenue shop (the answer: yes). Recently, Ryan also reordered her New York City life, selling her three-bedroom Upper East Side apartment and buying two adjacent 3000-sq.-ft. downtown lofts she plans to turn into a single sprawling unit—for a total of $9 million.

Money, however, can't buy love—as Ryan and the nation's estimated 44 million other unattached women know too well. According to Clements, financially independent, well-educated women are statistically the most likely to find themselves alone watching Xena: Warrior Princess on a Saturday night. Given so many choices, "they don't have to settle" and are willing to give up the "old-fashioned romantic fantasy of being with a man in favor of the fantasy of independence." Of course, as Nicole Kidman can attest, it's best to read the fine print on any fantasy package. The 34-year-old Australian actress scoured the divorce papers <NODE id="6827" />Tom Cruise<NODE id="6837" /> served <NODE id="6845" />her<NODE id="6848" /> in February—just six weeks after celebrating their 10th anniversary—and still, she told close friends, she couldn't come up with a reason for their split. His cryptic explanation—"Nic knows why"—provided fodder for speculation that she cheated on him. But she denies any extramarital romance-and her friends insist Cruise fathered the child she miscarried in March. As one said, "No shadow of a doubt."

Nor can there be any doubt that Cruise, 39, has moved on: He arrived arm-in-arm with Penélope Cruz at the L.A. premiere of her new film, Captain Corelli's Mandolin, on Aug. 13, and the pair spent the screening hand-in-hand (see photo, page 8). After meeting the 27-year-old Spanish beauty on the set of the upcoming romantic thriller Vanilla Sky, which filmed from last November through March, Cruise and Cruz have spent the last month appearing together around L.A. As the romance went public—a display Kidman found "shocking," says a pal—she was across the ocean, having <NODE id="7826" />her<NODE id="7829" /> own fun with kids <NODE id="7848" />Isabella<NODE id="7856" />, 8, and <NODE id="7865" />Connor<NODE id="7871" />, 6, in Sydney in late July. At Darcy's restaurant in Paddington, she downed a half-dozen oysters, Western Australian scampi and wine, chatted with a staffer about her high heels and had such fun with fellow diners Russell Crowe ("like a big brother to her," says one friend) and members of his band, 30 Odd Foot of Grunts, that they left a hole in the ceiling. Says owner Attilio Marinangeli: "We want to keep it as proof of the lovely evening we had with them."

Potentially less lovely was Kidman's return to L.A. for the premiere of The Others just a day before her divorce took effect on Aug. 8. An encounter with producer Cruise never took place, but just in case he came with Cruz, Kidman's hand was firmly clenched by girlfriend Naomi Watts. Says Dr. Nelson, who has treated entertainment clients for more than 14 years: "We all feel if our ex has someone on his arm, we want someone on ours."

Now that her work duties are through, Kidman intends to take the rest of the year off to "take care of my self and my children," she told Canada's National Post in May. "I want to have two kids who grow up and say, 'We are happy and healthy, and we love you, Mom.' I want to know them, and I am willing to give up everything for that."

For now, her own happiness does not include looking for romance. "I'm sure one day in the long-distant future she hopes to find love," says one friend. But as her publicist Catherine Olim explains, "Right now she's focusing on her kids." As Kidman has said of finding a soulmate, "Oooh, that's a long way off." Still, as long as she's thinking about things to give up, beaus in the biz might be good candidates. Ditto for Mariah Carey, whose recent meltdown has been attributed in part to trouble in her three-year romance with Latin singer Luis Miguel. And friends blame that split—like Ryan's and Quaid's—on too much time apart. Says Carey's friend Jasmine Dotiwala, 31, an MTV producer and presenter in London: "Once I showed her pictures my boyfriend and I took with a timer camera, and she said, 'Luis and I could never do that. It would never happen that we would ever be alone to do that.' How easy can romance be when you are surrounded by your entourage all the time?"

Not very. Says Nelson of showbiz couples: "The nature of the industry means you are intensely involved in your work for long periods of time. You don't have the routine that regular couples have to bond—long leisurely Sundays or dinner together. You may have two deliciously romantic weeks in Italy together and then be gone from each other for months." And then, perhaps, for good. "There you are, far away from home with a glamorous someone, and he's paying an awful lot of attention to you. If you're having a hard time in your relationship, it's so easy to walk away, because there is always someone else who thinks you're a goddess."

Not every star, however, seems willing to give up. <NODE id="10781" />Kim Basinger<NODE id="10793" />, who split from <NODE id="10810" />Alec Baldwin<NODE id="10822" /> in January after seven years of marriage, has been spotted all over Wilmington, N.C., this summer with her siblings, her parents, her daughter Ireland—and her estranged 43-year-old husband. "Nobody knows what's going to happen," says a source close to Basinger, 47, whose father cited Baldwin's temper as part of the cause for their split. "Give them a chance."

Yeah—and spread those chances around. As far as Roberts is concerned, both she and Bratt are "two kids trying to find our way in the world." The advice from the couch: Don't hurry love. Even when she's ready to date, Ryan, for one, won't be waiting around for the phone to ring. As one close friend explains, there just aren't that many desirable bachelors who would be calling: "You find guys that are cocky. But they're not secure." Recently Ryan was one of 350 celeb guests, including Paul McCartney, Tom Hanks and Mick Jagger, invited on an Aug. 17 luxury cruise from Helsinki to St. Petersburg, Russia, arranged by billionaire Microsoft cofounder Paul Allen. Even if it turns out to be no love boat, no problem. "She's really enjoying her life this way," says her friend. "She's never been alone before. She's having a fantastic time."

Karen S. Schneider Joseph V. Tirella and Elizabeth McNeil in New York City, Julie Jordan, Maureen Harrington, Rachel Biermann and Marisa Laudadio in Los Angeles, Kate Maddox in Las Vegas, Michaele Ballard in Wilmington, Kimberly Roecker and Pete Norman in London and Dennis Passa in Sydney</TEXT>
<Meta /><Entities>
<Entity id="0" startPos="2762" endPos="2769" type="person" surface="Roberts">
<feature featureName="cm_id" featureValue="8_4" />
<feature featureName="annotator" featureValue="R.H., V.M." /></Entity>
<Entity id="1" startPos="2949" endPos="2960" type="person" surface="Lyle Lovett">
<feature featureName="cm_id" featureValue="195_1" />
<feature featureName="annotator" featureValue="R.H., V.M." /></Entity>
<Entity id="2" startPos="4135" endPos="4138" type="person" surface="her">
<feature featureName="cm_id" featureValue="20_2" />
<feature featureName="annotator" featureValue="R.H., V.M." /></Entity>
<Entity id="3" startPos="4161" endPos="4173" type="person" surface="Dennis Quaid">
<feature featureName="cm_id" featureValue="46_1" />
<feature featureName="annotator" featureValue="R.H., V.M." /></Entity>
<Entity id="4" startPos="4320" endPos="4323" type="person" surface="She">
<feature featureName="cm_id" featureValue="0_3" />
<feature featureName="annotator" featureValue="R.H., V.M." /></Entity>
<Entity id="5" startPos="4387" endPos="4392" type="person" surface="Quaid">
<feature featureName="cm_id" featureValue="67_1" />
<feature featureName="annotator" featureValue="R.H., V.M." /></Entity>
<Entity id="6" startPos="4425" endPos="4429" type="person" surface="Jack">
<feature featureName="cm_id" featureValue="105_2" />
<feature featureName="annotator" featureValue="R.H., V.M." /></Entity>
<Entity id="7" startPos="5724" endPos="5730" type="person" surface="Fisher">
<feature featureName="cm_id" featureValue="153_1" />
<feature featureName="annotator" featureValue="R.H., V.M." /></Entity>
<Entity id="8" startPos="5742" endPos="5748" type="person" surface="Billie">
<feature featureName="cm_id" featureValue="171_3" />
<feature featureName="annotator" featureValue="R.H., V.M." /></Entity>
<Entity id="9" startPos="6827" endPos="6837" type="person" surface="Tom Cruise">
<feature featureName="cm_id" featureValue="62_1" />
<feature featureName="annotator" featureValue="R.H., V.M." /></Entity>
<Entity id="10" startPos="6845" endPos="6848" type="person" surface="her">
<feature featureName="cm_id" featureValue="80_2" />
<feature featureName="annotator" featureValue="R.H., V.M." /></Entity>
<Entity id="11" startPos="7826" endPos="7829" type="person" surface="her">
<feature featureName="cm_id" featureValue="106_5" />
<feature featureName="annotator" featureValue="R.H., V.M." /></Entity>
<Entity id="12" startPos="7848" endPos="7856" type="person" surface="Isabella">
<feature featureName="cm_id" featureValue="128_2" />
<feature featureName="annotator" featureValue="R.H., V.M." /></Entity>
<Entity id="13" startPos="7865" endPos="7871" type="person" surface="Connor">
<feature featureName="cm_id" featureValue="145_1" />
<feature featureName="annotator" featureValue="R.H., V.M." /></Entity>
<Entity id="14" startPos="10781" endPos="10793" type="person" surface="Kim Basinger">
<feature featureName="cm_id" featureValue="0_1" />
<feature featureName="annotator" featureValue="R.H., V.M." /></Entity>
<Entity id="15" startPos="10810" endPos="10822" type="person" surface="Alec Baldwin">
<feature featureName="cm_id" featureValue="29_6" />
<feature featureName="annotator" featureValue="R.H., V.M." /></Entity></Entities><Relations>
<Relation id="16" NAME="marriage">
<Entity id="0" label="person" />
<Entity id="1" label="person" />
<feature featureName="annotator" featureValue="R.H., V.M." />
<feature featureName="rm_id" featureValue="doc133_2754_1" />
</Relation>
<Relation id="17" NAME="marriage">
<Entity id="3" label="person" />
<Entity id="2" label="person" />
<feature featureName="annotator" featureValue="R.H., V.M." />
<feature featureName="rm_id" featureValue="doc133_4115_1" />
</Relation>
<Relation id="18" NAME="person_parent">
<Entity id="6" label="person" />
<Entity id="4" label="parent" />
<Entity id="5" label="parent" />
<feature featureName="annotator" featureValue="R.H., L.S." />
<feature featureName="rm_id" featureValue="doc133_4320_0_205" />
</Relation>
<Relation id="19" NAME="person_parent">
<Entity id="8" label="person" />
<Entity id="7" label="parent" />
<feature featureName="annotator" featureValue="R.H., V.M." />
<feature featureName="rm_id" featureValue="doc133_5571_1" />
</Relation>
<Relation id="20" NAME="marriage">
<Entity id="10" label="person" />
<Entity id="9" label="person" />
<feature featureName="annotator" featureValue="R.H., V.M." />
<feature featureName="rm_id" featureValue="doc133_6765_1" />
</Relation>
<Relation id="21" NAME="person_parent">
<Entity id="13" label="person" />
<Entity id="12" label="person" />
<Entity id="11" label="parent" />
<feature featureName="annotator" featureValue="R.H., L.S." />
<feature featureName="rm_id" featureValue="doc133_7720_0_207" />
</Relation>
<Relation id="22" NAME="sibling_relationship">
<Entity id="13" label="person" />
<Entity id="12" label="person" />
<feature featureName="annotator" featureValue="V.M., L.S." />
<feature featureName="rm_id" featureValue="doc133_7720_2_175" />
</Relation>
<Relation id="23" NAME="marriage">
<Entity id="15" label="person" />
<Entity id="14" label="person" />
<feature featureName="annotator" featureValue="R.H., V.M." />
<feature featureName="rm_id" featureValue="doc133_10781_1" />
</Relation></Relations>
</Document>
