<?xml version="1.0" encoding="UTF-8"?>
<Document>
<TEXT>Every morning at 3:45, portable generators power up, and huge klieg lights switch on in the darkness outside a modest colonial home in Bolingbrook, Ill. It is the racket of TV crews coming to life and engulfing Drew Peterson. "I'm getting some sleep, but then it wakes me up," he says. "It constantly reminds me of this grim shadow over my head."

Drew Peterson knows what people are saying about him. He knows there are many who believe he murdered <NODE id="450" />his<NODE id="453" /> third wife, <NODE id="466" />Kathleen Savio<NODE id="480" />—whose 2004 drowning was ruled an accident—and that he had something to do with the disappearance of <NODE id="581" />his<NODE id="584" /> fourth wife, <NODE id="598" />Stacy<NODE id="603" />, the pretty mother of their two young children who has been missing since Oct. 28. He knows that as a suspect in Stacy's disappearance, he could be arrested at any time. Yet Peterson, 53, who gave PEOPLE a wide-ranging, two-hour interview Nov. 18, says he can handle the pressure because he knows one other thing: He is innocent. Did he kill Kathleen Savio? "No," he insists. Does he know where Stacy is? "I don't." Does he think she is alive? "I hope so," he says. "I miss her."

Peterson seemed composed and relaxed during the interview, despite facing the possibility that his wife may be dead and his ex-wife may have been brutally murdered. He teared up only once, when discussing the day Stacy disappeared, but otherwise showed little emotion. His claims that he did nothing wrong, however, cannot stop the investigation that is starting to tighten around him. While the search continues for Stacy, 23—and her loved ones continue to insist she would never walk out on <NODE id="1578" />her<NODE id="1581" /> children <NODE id="1591" />Lacy<NODE id="1595" />, 2, and <NODE id="1604" />Anthony<NODE id="1611" />, 4—authorities have impanelled a grand jury to reexamine the Kathleen Savio case. On Nov. 13 investigators exhumed her body to perform another autopsy. Test results won't be available for several weeks, but Will County State's Attorney James Glasgow has already said the case files alone suggest Savio's death was a homicide staged to look like an accident. "We always knew what happened to Kathleen was not an accident," says <NODE id="2039" />her<NODE id="2042" /> brother <NODE id="2051" />Henry Savio<NODE id="2062" />, 49. "And we knew it was going to happen again."

From Peterson's own words to PEOPLE, and the record of his four troubled marriages, a portrait of the ex-police sergeant emerges—confident and charismatic but also controlling and sometimes abusive; drawn to vulnerable women and eager to buy them things to make them feel secure, but just as quick to intimidate them to get his own way. The eldest of three children, his father was a strict ex-Marine, and his mother a diligent housewife. "My dad would get up to go to the bathroom in the morning, and my mom would have the bed made," says Peterson. "I expected all of my wives to be like my mom, meticulous housekeepers, and they weren't." Peterson was 20 when he married <NODE id="2786" />his<NODE id="2789" /> high school sweetheart <NODE id="2813" />Carol Brown<NODE id="2824" />, then 17; when she had a miscarriage, Peterson was "very supportive," Brown, 50, told the Chicago Tribune. But after six years and two sons together, she discovered <NODE id="2990" />he<NODE id="2992" /> cheated on <NODE id="3004" />her<NODE id="3007" />, and they divorced in <NODE id="3030" />1980<NODE id="3034" />. "I take full responsibility for that," Peterson says. "Carol was a good woman and I was unfaithful."

Two years later <NODE id="3154" />he<NODE id="3156" /> met <NODE id="3161" />Vicki Connolly<NODE id="3175" /> in a bar; they married six months later and raised each other's children from their previous marriages. "When it was good, it was wonderful, it was great," Connolly, 48, told the Tribune. "But when it was bad, it was really bad." She accused Peterson of playing "mind games" and claimed he bugged their house so he could keep tabs on her even while he was having an affair. Peterson admits he "sought romance in other places" but denies he ever bugged the house. "Vicki was a loving, warm person," he says, "until things started deteriorating."

After they divorced in 1992, Peterson met Kathleen Savio on a blind date. "He seemed wonderful," recalls <NODE id="3827" />Savio<NODE id="3832" />'s sister <NODE id="3842" />Anna Marie Doman<NODE id="3858" />. "He was Mr. Romance, the nice, upstanding young cop." <NODE id="3914" />Savio<NODE id="3919" />'s other sister <NODE id="3935" />Susan Doman<NODE id="3946" /> says, "in the beginning their marriage was great. Kathleen had things like she never had: a beautiful home, fur coats, everything. She felt like a princess." Peterson calls their early years "very romantic. We had a lot of fun together and I thought she was beautiful. I loved being next to her."

But after she gave birth to their two sons, claims Peterson, "she became repeatedly violent." Records show 18 calls to the police from their home, and in 2002 Kathleen obtained an order of protection, claiming in court papers that Peterson "restrained me, held me down, knocked me into a walls, come after me ... ripped my necklace off, left marks on my body."

Peterson says he made some of the 18 calls to police himself, and that in the other cases, "she would say I was violent after chasing me around the house, swinging at me. I never laid a finger on her." Peterson also says <NODE id="4828" />Savio<NODE id="4833" />'s abusive childhood caused the erratic behavior <NODE id="4882" />he<NODE id="4884" /> blames for the failure of their marriage. "I didn't want to divorce her; I wanted to help her," he contends. "We tried five marriage counselors. But she refused to accept that the problem was her, ever."

<NODE id="5090" />Savio<NODE id="5095" />'s brother <NODE id="5106" />Henry<NODE id="5111" /> denies his sister was somehow broken by her childhood; he says they grew up in a close-knit family that was not abusive and that Kathleen was a proud woman determined not to let Drew intimidate her. Toward the end of their marriage, <NODE id="5345" />Kathleen<NODE id="5353" /> "found out <NODE id="5365" />Drew<NODE id="5369" /> was having an affair with a 17-year-old," says <NODE id="5417" />her<NODE id="5420" /> sister <NODE id="5428" />Susan<NODE id="5433" />. "Someone anonymously sent her a letter saying she was the laughingstock of the police department." Peterson admits he was still married when he started seeing Stacy, then working as a hotel desk clerk. "I asked her, 'Why don't we go out?'" he recalls. "I thought she was older than she was. I said, 'Do you mind that I'm 47?' She said, 'Not at all. I'm 17.' I was shocked. But I was a lonely old man."

Peterson's affair with Stacy ended <NODE id="5873" />his<NODE id="5876" /> marriage to <NODE id="5889" />Savio<NODE id="5894" />, and their divorce became official in <NODE id="5933" />2003<NODE id="5937" />. In March 2004 Peterson became alarmed after not hearing from Savio for more than a day, he says. "I was coming home from work around 9:30 p.m. when Drew stopped me," says Peterson's former neighbor and good friend Steve Carcerano, 39. "He said, 'I've been trying to drop off the kids and Kathy's not answering. I need to get into the house.'" After a locksmith opened the door, Carcerano and his neighbor Mary went into the house while Peterson waited in the foyer. "I walked by the bathroom, and I noticed what I thought was an exercise ball in the tub," says Carcerano. "Then I looked down and saw it was Kathy. Mary came in and started screaming 'Oh my god!' and then Drew came running upstairs."

Peterson's reaction? "He checked her pulse, and he was trembling and said, 'What am I going to tell the children?'" says Carcerano. "He was emotional, distraught." Despite puzzling questions—why was there no water in the tub? why was Savio's body so bruised?—a coroner's jury quickly ruled her death an accidental drowning. "The investigation was very fast; it was 1-2-3," says <NODE id="7018" />Savio<NODE id="7023" />'s sister <NODE id="7033" />Susan<NODE id="7038" />. "But my sister always told everyone that he would kill her and make it look like an accident."

Michael Baden, the prominent forensic pathologist obtained by Savio's family to perform its own autopsy on Nov. 16, says her death was clearly not accidental. "Kathleen had a bloody head, a bleeding laceration on the top of the head and about 10 other blunt-force bruises on the body," says Baden. "This was a woman who was beaten up and drowned. That's a homicide." Peterson shrugs off Baden's conclusions. "He was giving statements before he even examined the body," he says.

Like Kathleen, <NODE id="7630" />Peterson<NODE id="7638" />'s fourth wife, <NODE id="7654" />Stacy<NODE id="7659" />, "had a tragic and poor beginning," he says. "I had this uncontrollable need to protect her." When Stacy was young, two of her siblings died suddenly, one in a fire and another of SIDS; when she was in her early teens, her mother —who had walked out on the family before—disappeared for good. "I always knew why <NODE id="7972" />she<NODE id="7975" /> married <NODE id="7984" />Drew<NODE id="7988" />: she needed security," says her longtime friend Cheryl Weiser. "She may have loved him, but she also needed someone to take care of her."

At first, says Peterson, he pampered his young wife. "If Stacy wanted anything, she got it," he claims. "Breast implants, a tummy tuck, Lasik, braces, hair removal, everything." Their relationship changed, he says, after <NODE id="8349" />Stacy<NODE id="8354" />'s sister <NODE id="8364" />Tina<NODE id="8368" /> died of cancer in 2006. Stacy started taking "mood-altering medication," he says, "and began having big mood swings. It became an emotional roller coaster. She'd be snapping at the kids one minute and loving them the next, just like with me." <NODE id="8612" />Stacy<NODE id="8617" />'s sister <NODE id="8627" />Cassandra Cales<NODE id="8642" />, 22, says Stacy was taking antidepressants, but that "she was on the drugs because of him and the way he treated her. She was trying to stay together for the kids. She didn't want what happened to us, with our mom, to happen to those kids."

Friends and relatives interviewed by PEOPLE say Stacy had told Peterson that she wanted a divorce. On top of caring for her two children, she was attending nursing classes two days a week because "she was planning to leave Drew," says her friend Cheryl. "She said, 'I need to take care of myself.'" Peterson insists <NODE id="9201" />Stacy<NODE id="9206" />'s demands to divorce <NODE id="9228" />him<NODE id="9231" /> weren't genuine, and he even says she would only talk about divorce when she was premenstrual. "That was a reality," he says. "If she was PMSing, hungry or tired, her emotions were high."

On Oct. 26 Stacy called her friend Pamela Bosco and "said she was looking to rent my rental property; she said she was looking to move out with her children," says Bosco, who is now the official spokeswoman for Stacy's family. "She said her husband was acting a little unusual." The next night, <NODE id="9716" />Stacy<NODE id="9721" />'s sister <NODE id="9731" />Cassandra<NODE id="9740" /> dropped by for a visit; that was the last time anyone other than Peterson is known to have had any contact with Stacy. Peterson says he got off work at 4 a.m. on Oct. 28 and got in bed beside his wife; around 9 a.m. he spoke briefly with her after their children jumped in their bed. "I went back to sleep," says Peterson, "and when I woke up, she was gone."

Peterson's friend Ric Mims says he talked with Peterson after Stacy disappeared. "He said Stacy had met someone else she wanted to be with," says Mims. "He thought she was seeing about four or five different guys. I said, 'That's karma, man, because you've cheated on all your other wives.'"

On Nov. 9 police officially named Peterson a suspect in his wife's disappearance and labeled it a "possible homicide." Peterson, who last week retired after 29 years with the Bolingbrook Police Department, says, "I believe the state's attorney and the cops will be under scrutiny if they don't arrest me, so I'm prepared for it." For the moment, he has custody of <NODE id="10758" />his<NODE id="10761" /> four youngest children—the two teenage boys he had with Savio, and little <NODE id="10836" />Lacy<NODE id="10840" /> and <NODE id="10845" />Anthony<NODE id="10852" />—and is caring for them in his home with the help of <NODE id="10905" />his<NODE id="10908" /> brother <NODE id="10917" />Paul<NODE id="10921" />. His focus, he says, is on shielding his kids—and himself—from the media scrutiny that now defines their lives. "We're under a magnifying glass," he says. "I'm not a perfect man by any means, but nobody is. And you're only seeing my dirty laundry. You don't see all the positive things I've done."

Meanwhile the search for Stacy continues. On Nov. 17 some 130 volunteers spent five hours combing the woods near her home in Bolingbrook. That same day around 100 people marched the few blocks from the two-story home where Kathleen Savio once lived to Stacy's house. The skies darkened, and a cold rain came, and the marchers shivered as they clutched small candles and held up signs in their solemn vigil. "I'm just praying Stacy will be found, and that somehow she'll be alive," says her friend Cheryl. "There's always that hope and that's my prayer. But we don't always get what we want."</TEXT>
<Meta /><Entities>
<Entity id="0" startPos="450" endPos="453" type="person" surface="his">
<feature featureName="cm_id" featureValue="48_1" />
<feature featureName="annotator" featureValue="R.H., V.M." /></Entity>
<Entity id="1" startPos="466" endPos="480" type="person" surface="Kathleen Savio">
<feature featureName="cm_id" featureValue="64_2" />
<feature featureName="annotator" featureValue="R.H., V.M." /></Entity>
<Entity id="2" startPos="581" endPos="584" type="person" surface="his">
<feature featureName="cm_id" featureValue="179_5" />
<feature featureName="annotator" featureValue="R.H., V.M." /></Entity>
<Entity id="3" startPos="598" endPos="603" type="person" surface="Stacy">
<feature featureName="cm_id" featureValue="196_6" />
<feature featureName="annotator" featureValue="R.H., V.M." /></Entity>
<Entity id="4" startPos="1578" endPos="1581" type="person" surface="her">
<feature featureName="cm_id" featureValue="107_2" />
<feature featureName="annotator" featureValue="R.H., V.M." /></Entity>
<Entity id="5" startPos="1591" endPos="1595" type="person" surface="Lacy">
<feature featureName="cm_id" featureValue="120_6" />
<feature featureName="annotator" featureValue="R.H., V.M." /></Entity>
<Entity id="6" startPos="1604" endPos="1611" type="person" surface="Anthony">
<feature featureName="cm_id" featureValue="133_3" />
<feature featureName="annotator" featureValue="R.H., V.M." /></Entity>
<Entity id="7" startPos="2039" endPos="2042" type="person" surface="her">
<feature featureName="cm_id" featureValue="69_1" />
<feature featureName="annotator" featureValue="R.H., V.M." /></Entity>
<Entity id="8" startPos="2051" endPos="2062" type="person" surface="Henry Savio">
<feature featureName="cm_id" featureValue="81_3" />
<feature featureName="annotator" featureValue="R.H., V.M." /></Entity>
<Entity id="9" startPos="2786" endPos="2789" type="person" surface="his">
<feature featureName="cm_id" featureValue="32_2" />
<feature featureName="annotator" featureValue="R.H., V.M." /></Entity>
<Entity id="10" startPos="2813" endPos="2824" type="person" surface="Carol Brown">
<feature featureName="cm_id" featureValue="59_1" />
<feature featureName="annotator" featureValue="R.H., V.M." /></Entity>
<Entity id="11" startPos="2990" endPos="2992" type="person" surface="he">
<feature featureName="cm_id" featureValue="58_1" />
<feature featureName="annotator" featureValue="R.H., V.M." /></Entity>
<Entity id="12" startPos="3004" endPos="3007" type="person" surface="her">
<feature featureName="cm_id" featureValue="72_3" />
<feature featureName="annotator" featureValue="R.H." /></Entity>
<Entity id="13" startPos="3030" endPos="3034" type="date" surface="1980">
<feature featureName="cm_id" featureValue="98_2" />
<feature featureName="date_year" featureValue="1980" />
<feature featureName="annotator" featureValue="R.H., V.M." /></Entity>
<Entity id="14" startPos="3154" endPos="3156" type="person" surface="he">
<feature featureName="cm_id" featureValue="16_1" />
<feature featureName="annotator" featureValue="R.H., V.M." /></Entity>
<Entity id="15" startPos="3161" endPos="3175" type="person" surface="Vicki Connolly">
<feature featureName="cm_id" featureValue="23_2" />
<feature featureName="annotator" featureValue="R.H., V.M." /></Entity>
<Entity id="16" startPos="3827" endPos="3832" type="person" surface="Savio">
<feature featureName="cm_id" featureValue="31_3" />
<feature featureName="annotator" featureValue="R.H., V.M." /></Entity>
<Entity id="17" startPos="3842" endPos="3858" type="person" surface="Anna Marie Doman">
<feature featureName="cm_id" featureValue="46_2" />
<feature featureName="annotator" featureValue="R.H., V.M." /></Entity>
<Entity id="18" startPos="3914" endPos="3919" type="person" surface="Savio">
<feature featureName="cm_id" featureValue="0_2" />
<feature featureName="annotator" featureValue="R.H., V.M." /></Entity>
<Entity id="19" startPos="3935" endPos="3946" type="person" surface="Susan Doman">
<feature featureName="cm_id" featureValue="21_1" />
<feature featureName="annotator" featureValue="R.H., V.M." /></Entity>
<Entity id="20" startPos="4828" endPos="4833" type="person" surface="Savio">
<feature featureName="cm_id" featureValue="19_1" />
<feature featureName="annotator" featureValue="R.H., V.M." /></Entity>
<Entity id="21" startPos="4882" endPos="4884" type="person" surface="he">
<feature featureName="cm_id" featureValue="73_3" />
<feature featureName="annotator" featureValue="R.H., V.M." /></Entity>
<Entity id="22" startPos="5090" endPos="5095" type="person" surface="Savio">
<feature featureName="cm_id" featureValue="0_1" />
<feature featureName="annotator" featureValue="R.H., V.M." /></Entity>
<Entity id="23" startPos="5106" endPos="5111" type="person" surface="Henry">
<feature featureName="cm_id" featureValue="16_4" />
<feature featureName="annotator" featureValue="R.H., V.M." /></Entity>
<Entity id="24" startPos="5345" endPos="5353" type="person" surface="Kathleen">
<feature featureName="cm_id" featureValue="34_3" />
<feature featureName="annotator" featureValue="R.H., V.M." /></Entity>
<Entity id="25" startPos="5365" endPos="5369" type="person" surface="Drew">
<feature featureName="cm_id" featureValue="54_1" />
<feature featureName="annotator" featureValue="R.H., V.M." /></Entity>
<Entity id="26" startPos="5417" endPos="5420" type="person" surface="her">
<feature featureName="cm_id" featureValue="106_2" />
<feature featureName="annotator" featureValue="R.H., V.M." /></Entity>
<Entity id="27" startPos="5428" endPos="5433" type="person" surface="Susan">
<feature featureName="cm_id" featureValue="117_4" />
<feature featureName="annotator" featureValue="R.H., V.M." /></Entity>
<Entity id="28" startPos="5873" endPos="5876" type="person" surface="his">
<feature featureName="cm_id" featureValue="35_3" />
<feature featureName="annotator" featureValue="R.H., V.M." /></Entity>
<Entity id="29" startPos="5889" endPos="5894" type="person" surface="Savio">
<feature featureName="cm_id" featureValue="51_1" />
<feature featureName="annotator" featureValue="R.H., V.M." /></Entity>
<Entity id="30" startPos="5933" endPos="5937" type="date" surface="2003">
<feature featureName="cm_id" featureValue="95_5" />
<feature featureName="date_year" featureValue="2003" />
<feature featureName="annotator" featureValue="V.M." /></Entity>
<Entity id="31" startPos="7018" endPos="7023" type="person" surface="Savio">
<feature featureName="cm_id" featureValue="54_1" />
<feature featureName="annotator" featureValue="R.H., V.M." /></Entity>
<Entity id="32" startPos="7033" endPos="7038" type="person" surface="Susan">
<feature featureName="cm_id" featureValue="69_2" />
<feature featureName="annotator" featureValue="R.H., V.M." /></Entity>
<Entity id="33" startPos="7630" endPos="7638" type="person" surface="Peterson">
<feature featureName="cm_id" featureValue="15_1" />
<feature featureName="annotator" featureValue="R.H., V.M." /></Entity>
<Entity id="34" startPos="7654" endPos="7659" type="person" surface="Stacy">
<feature featureName="cm_id" featureValue="39_3" />
<feature featureName="annotator" featureValue="R.H., V.M." /></Entity>
<Entity id="35" startPos="7972" endPos="7975" type="person" surface="she">
<feature featureName="cm_id" featureValue="19_3" />
<feature featureName="annotator" featureValue="R.H., V.M." /></Entity>
<Entity id="36" startPos="7984" endPos="7988" type="person" surface="Drew">
<feature featureName="cm_id" featureValue="31_1" />
<feature featureName="annotator" featureValue="R.H., V.M." /></Entity>
<Entity id="37" startPos="8349" endPos="8354" type="person" surface="Stacy">
<feature featureName="cm_id" featureValue="43_3" />
<feature featureName="annotator" featureValue="R.H., V.M." /></Entity>
<Entity id="38" startPos="8364" endPos="8368" type="person" surface="Tina">
<feature featureName="cm_id" featureValue="58_1" />
<feature featureName="annotator" featureValue="R.H., V.M." /></Entity>
<Entity id="39" startPos="8612" endPos="8617" type="person" surface="Stacy">
<feature featureName="cm_id" featureValue="0_5" />
<feature featureName="annotator" featureValue="R.H., V.M." /></Entity>
<Entity id="40" startPos="8627" endPos="8642" type="person" surface="Cassandra Cales">
<feature featureName="cm_id" featureValue="15_1" />
<feature featureName="annotator" featureValue="R.H., V.M." /></Entity>
<Entity id="41" startPos="9201" endPos="9206" type="person" surface="Stacy">
<feature featureName="cm_id" featureValue="17_4" />
<feature featureName="annotator" featureValue="R.H., V.M." /></Entity>
<Entity id="42" startPos="9228" endPos="9231" type="person" surface="him">
<feature featureName="cm_id" featureValue="44_2" />
<feature featureName="annotator" featureValue="R.H., V.M." /></Entity>
<Entity id="43" startPos="9716" endPos="9721" type="person" surface="Stacy">
<feature featureName="cm_id" featureValue="16_3" />
<feature featureName="annotator" featureValue="R.H., V.M." /></Entity>
<Entity id="44" startPos="9731" endPos="9740" type="person" surface="Cassandra">
<feature featureName="cm_id" featureValue="31_2" />
<feature featureName="annotator" featureValue="R.H., V.M." /></Entity>
<Entity id="45" startPos="10758" endPos="10761" type="person" surface="his">
<feature featureName="cm_id" featureValue="34_6" />
<feature featureName="annotator" featureValue="R.H., V.M." /></Entity>
<Entity id="46" startPos="10836" endPos="10840" type="person" surface="Lacy">
<feature featureName="cm_id" featureValue="112_7" />
<feature featureName="annotator" featureValue="R.H., V.M." /></Entity>
<Entity id="47" startPos="10845" endPos="10852" type="person" surface="Anthony">
<feature featureName="cm_id" featureValue="121_9" />
<feature featureName="annotator" featureValue="R.H., V.M." /></Entity>
<Entity id="48" startPos="10905" endPos="10908" type="person" surface="his">
<feature featureName="cm_id" featureValue="181_3" />
<feature featureName="annotator" featureValue="R.H., V.M." /></Entity>
<Entity id="49" startPos="10917" endPos="10921" type="person" surface="Paul">
<feature featureName="cm_id" featureValue="193_8" />
<feature featureName="annotator" featureValue="R.H., V.M." /></Entity></Entities><Relations>
<Relation id="50" NAME="marriage">
<Entity id="0" label="person" />
<Entity id="1" label="person" />
<feature featureName="annotator" featureValue="R.H., V.M." />
<feature featureName="rm_id" featureValue="doc139_402_1" />
</Relation>
<Relation id="51" NAME="marriage">
<Entity id="3" label="person" />
<Entity id="2" label="person" />
<feature featureName="annotator" featureValue="R.H., V.M." />
<feature featureName="rm_id" featureValue="doc139_402_2" />
</Relation>
<Relation id="52" NAME="person_parent">
<Entity id="6" label="person" />
<Entity id="5" label="person" />
<Entity id="4" label="parent" />
<feature featureName="annotator" featureValue="R.H., V.M." />
<feature featureName="rm_id" featureValue="doc139_1471_1" />
</Relation>
<Relation id="53" NAME="sibling_relationship">
<Entity id="6" label="person" />
<Entity id="5" label="person" />
<feature featureName="annotator" featureValue="V.M., L.S." />
<feature featureName="rm_id" featureValue="doc139_1471_0_330" />
</Relation>
<Relation id="54" NAME="sibling_relationship">
<Entity id="8" label="person" />
<Entity id="7" label="person" />
<feature featureName="annotator" featureValue="R.H., V.M." />
<feature featureName="rm_id" featureValue="doc139_1970_1" />
</Relation>
<Relation id="55" NAME="marriage">
<Entity id="9" label="person" />
<Entity id="10" label="person" />
<feature featureName="annotator" featureValue="R.H., L.S." />
<feature featureName="rm_id" featureValue="doc139_2754_0_375" />
</Relation>
<Relation id="56" NAME="marriage">
<Entity id="13" label="to" />
<Entity id="11" label="person" />
<Entity id="12" label="person" />
<feature featureName="annotator" featureValue="R.H., L.S." />
<feature featureName="rm_id" featureValue="doc139_2932_0_376" />
</Relation>
<Relation id="57" NAME="marriage">
<Entity id="14" label="person" />
<Entity id="15" label="person" />
<feature featureName="annotator" featureValue="R.H., V.M." />
<feature featureName="rm_id" featureValue="doc139_3138_1" />
</Relation>
<Relation id="58" NAME="sibling_relationship">
<Entity id="16" label="person" />
<Entity id="17" label="person" />
<feature featureName="annotator" featureValue="R.H., V.M." />
<feature featureName="rm_id" featureValue="doc139_3796_1" />
</Relation>
<Relation id="59" NAME="sibling_relationship">
<Entity id="18" label="person" />
<Entity id="19" label="person" />
<feature featureName="annotator" featureValue="R.H., V.M." />
<feature featureName="rm_id" featureValue="doc139_3914_1" />
</Relation>
<Relation id="60" NAME="marriage">
<Entity id="20" label="person" />
<Entity id="21" label="person" />
<feature featureName="annotator" featureValue="V.M., L.S." />
<feature featureName="rm_id" featureValue="doc139_4809_0_322" />
</Relation>
<Relation id="61" NAME="sibling_relationship">
<Entity id="22" label="person" />
<Entity id="23" label="person" />
<feature featureName="annotator" featureValue="R.H., V.M." />
<feature featureName="rm_id" featureValue="doc139_5090_1" />
</Relation>
<Relation id="62" NAME="sibling_relationship">
<Entity id="27" label="person" />
<Entity id="26" label="person" />
<feature featureName="annotator" featureValue="R.H., V.M." />
<feature featureName="rm_id" featureValue="doc139_5311_1" />
</Relation>
<Relation id="63" NAME="marriage">
<Entity id="24" label="person" />
<Entity id="25" label="person" />
<feature featureName="annotator" featureValue="R.H., V.M." />
<feature featureName="rm_id" featureValue="doc139_5311_2" />
</Relation>
<Relation id="64" NAME="marriage">
<Entity id="30" label="to" />
<Entity id="28" label="person" />
<Entity id="29" label="person" />
<feature featureName="annotator" featureValue="V.M., L.S." />
<feature featureName="rm_id" featureValue="doc139_5838_0_324" />
</Relation>
<Relation id="65" NAME="sibling_relationship">
<Entity id="31" label="person" />
<Entity id="32" label="person" />
<feature featureName="annotator" featureValue="R.H., V.M." />
<feature featureName="rm_id" featureValue="doc139_6964_1" />
</Relation>
<Relation id="66" NAME="marriage">
<Entity id="34" label="person" />
<Entity id="33" label="person" />
<feature featureName="annotator" featureValue="R.H., V.M." />
<feature featureName="rm_id" featureValue="doc139_7615_1" />
</Relation>
<Relation id="67" NAME="marriage">
<Entity id="36" label="person" />
<Entity id="35" label="person" />
<feature featureName="annotator" featureValue="V.M., L.S." />
<feature featureName="rm_id" featureValue="doc139_7953_0_326" />
</Relation>
<Relation id="68" NAME="sibling_relationship">
<Entity id="38" label="person" />
<Entity id="37" label="person" />
<feature featureName="annotator" featureValue="R.H., V.M." />
<feature featureName="rm_id" featureValue="doc139_8306_1" />
</Relation>
<Relation id="69" NAME="sibling_relationship">
<Entity id="39" label="person" />
<Entity id="40" label="person" />
<feature featureName="annotator" featureValue="R.H., V.M." />
<feature featureName="rm_id" featureValue="doc139_8612_1" />
</Relation>
<Relation id="70" NAME="marriage">
<Entity id="42" label="person" />
<Entity id="41" label="person" />
<feature featureName="annotator" featureValue="V.M., L.S." />
<feature featureName="rm_id" featureValue="doc139_9184_0_327" />
</Relation>
<Relation id="71" NAME="sibling_relationship">
<Entity id="43" label="person" />
<Entity id="44" label="person" />
<feature featureName="annotator" featureValue="R.H., V.M." />
<feature featureName="rm_id" featureValue="doc139_9700_1" />
</Relation>
<Relation id="72" NAME="sibling_relationship">
<Entity id="48" label="person" />
<Entity id="49" label="person" />
<feature featureName="annotator" featureValue="R.H., V.M." />
<feature featureName="rm_id" featureValue="doc139_10724_1" />
</Relation>
<Relation id="73" NAME="person_parent">
<Entity id="46" label="person" />
<Entity id="47" label="person" />
<Entity id="45" label="parent" />
<feature featureName="annotator" featureValue="V.M., L.S." />
<feature featureName="rm_id" featureValue="doc139_10724_0_329" />
</Relation>
<Relation id="74" NAME="sibling_relationship">
<Entity id="46" label="person" />
<Entity id="47" label="person" />
<feature featureName="annotator" featureValue="V.M., L.S." />
<feature featureName="rm_id" featureValue="doc139_10724_1_340" />
</Relation></Relations>
</Document>
