<?xml version="1.0" encoding="UTF-8"?>
<Document>
<TEXT>How hot was L.A. Law? Cast members got to speak at American Bar Association conventions. The show took home 15 Emmys during its eight-year run (1986-94), and law school applications soared. Still, Law was a gamble for NBC. "My big fear," recalls co-creator Steven Bochco, "was that it would just be talking heads—blah, blah, blah." Instead, the hotshots at McKenzie, Brackman, Chaney &amp; Kuzak grappled with headline cases (from the L.A. riots to dwarf tossing), whiplash plot twists—when one ex-partner got the shaft, it was a fall down an elevator—and oodles of sex. (Even Dr. Ruth still must be mystified by the Venus Butterfly technique, but more about that later.) With a TV reunion on the docket for May 12, we subpoenaed 12 cast members to testify about life behind the scenes, and after.

Corbin Bernsen Dastardly-but-lovable Divorce Lawyer Arnie Becker

From lady-killer to cyberwonk. "I want to make everything interactive," says Bernsen, 47. Eight years after retiring as McKenzie, Brackman and crew's bronzed Lothario, Bernsen still acts—since 1999 he has played Judge Sebring on CBS's JAG—but his passion now is his own independent film company, Public Filmworks, and its start-up Web site, which he hopes someday will allow fans to vote online for everything from a film's casting to its costumes: "My intent is to spread enthusiasm." Costar Michael Tucker agrees. "Corbin has a new idea every minute—and a lot of mouths to feed." Married for 13 years to actress <NODE id="1475" />Amanda Pays<NODE id="1486" />, 42, <NODE id="1492" />he<NODE id="1494" /> has four sons—<NODE id="1509" />Oliver<NODE id="1515" />, 13, twins <NODE id="1527" />Henry<NODE id="1532" /> and <NODE id="1537" />Angus<NODE id="1542" />, 10, and <NODE id="1552" />Finley<NODE id="1558" />, 3. Reminded that he's infamous on the Law set for mooning, Bernsen smiles. "I just have a beautiful ass," he says, "and I have to share."

Richard Dysart Patriarchal Partner Leland McKenzie

Since he ended his run as Law's shrewd and kindly boss in 1994, the 73-year-old actor has been in retirement—only don't call it that. "It's advancement," he says, laughing. "Leaving the work you've done all your life is not a retreat. There's freedom out there. You no longer have to jump when the phone rings." Dysart is now another sort of senior partner: <NODE id="2109" />He<NODE id="2111" /> met third wife <NODE id="2127" />Kathryn Jacobi<NODE id="2141" />, 55, an artist with a grown son, not long before he was cast in Law—"We've been together ever since," he says. They made it legal in '87. Splitting his time between Santa Monica and British Columbia, he couldn't turn down the chance to reprise his favorite role. "But at 73," he says, "I remember the names of the characters better than the names of the actors. I knew that was going to happen. So I said, The hell with it. Call them by their characters' names.' "

Michele Greene Determined Intern Abby Perkins

Buttoned-up young Abby had one of the show's most famous moments—a lesbian kiss with attorney C.J. Lamb (Amanda Donohoe)—but what Greene remembers most is the indignity of playing a frump. When an earthquake rocked the set in 1987, she recalls, she crouched under a table thinking, "I don't want to die in Abby clothes." Now 40 and living in Glendale, Calif., she's dressing—and working—more like Sheryl Crow. In June she'll release her first album, Ojo de Tiburón (Eye of the Shark), a collection of her own songs in English and Spanish. (<NODE id="3195" />Her<NODE id="3198" /> mother, <NODE id="3207" />Dorita<NODE id="3213" />, a former singer, is Mexican.) "It took me a few years to find my sound," she says. Her love life still hasn't settled into a groove. "I've had a series of crazy boyfriends," says <NODE id="3394" />Greene<NODE id="3400" />, who wed and quickly split from camera grip <NODE id="3445" />Brahms Yaich<NODE id="3457" /> in <NODE id="3461" />'98<NODE id="3464" />. "I can't go out with any more crazy people."

Susan Ruttan Loyal and Loving Secretary Roxanne Melman

"I have one precious prince," says Ruttan of <NODE id="3613" />her<NODE id="3616" /> son <NODE id="3621" />Jackson<NODE id="3628" />, 9. And fans of the woman who played Arnie Becker's anxious office assistant quickly learn to bow: "When people come up to me and go, 'I love L.A. Law,' Jackson says, 'Well, what about me? Do you know me? Have you seen me before?' " Post-Law, <NODE id="3872" />Ruttan<NODE id="3878" />, 53—who left the show after its seventh season—eased up on her acting career to raise <NODE id="3965" />Jackson<NODE id="3972" />, whom she adopted after <NODE id="3997" />her<NODE id="4000" /> <NODE id="4001" />1992<NODE id="4005" /> divorce from third husband <NODE id="4033" />Randy McDonald<NODE id="4047" />, a boom operator she had met on the set in 1986. "I've sort of taken a long breather," says Ruttan, whose last notable role was as the late David Strickland's mother on Suddenly Susan. After years of being complimented by friends for her decorating style, she started her own interior design business in 2000. "It's me, one assistant and a painter," Ruttan says. "I'm really enjoying it. I just did a place. The children's room came out so pretty, I just wanted to get rid of the client and move in myself."

Susan Dey Gritty Grace Van Owen

"I loved how much Grace believed in the system," says Dey, 49, of the crusading former D.A., "even when she thought the system failed." Same goes for the cause-conscious Dey, a star since she was 18 thanks to The Partridge Family. "She was a champion for the homeless," says Harry Hamlin, who played occasional flame Michael Kuzak. Recently Dey has fought violence against women, appearing before Congress and serving on the board of the Rape Treatment Center in Santa Monica. <NODE id="5067" />Dey<NODE id="5070" />, who has a daughter, actress <NODE id="5100" />Sarah Hirshnan<NODE id="5114" />, 23, from <NODE id="5125" />her<NODE id="5128" /> marriage to ex-manager <NODE id="5152" />Leonard Hirshnan<NODE id="5168" />, also waged a personal battle. A recovering alcoholic since the late '80s, she no longer discusses it. "It is who I am," says <NODE id="5295" />Dey<NODE id="5298" />, who wed producer <NODE id="5317" />Bernard Sofronski<NODE id="5334" />, 67, in <NODE id="5343" />'88<NODE id="5346" />. "To a point."

Alan Rachins Reptilian Partner Douglas Brackman Jr.

Okay, so his brother-in-law (producer Steven Bochco) got him the job. Nevertheless, Rachins excelled as the sublimely slimy Brackman. "I always think of Doug feeding his fish in his office—his man-eating fish," says Jill Eikenberry, though Rachins, she says, "is a doll." Bochco agrees. Still, he says, "Alan was able to inform this guy with a pomposity and self-centeredness that made him hilarious but real." After Law ended, <NODE id="5844" />Rachins<NODE id="5851" />'s wife (and <NODE id="5864" />Bochco<NODE id="5870" />'s sister), <NODE id="5882" />Joanna Frank<NODE id="5894" />, 61, who played <NODE id="5911" />Doug<NODE id="5915" />'s squabbling spouse, <NODE id="5937" />Sheila<NODE id="5943" />, retired from acting. <NODE id="5966" />Rachins<NODE id="5973" />, 59, with whom <NODE id="5989" />she<NODE id="5992" /> has a son, <NODE id="6004" />Robert<NODE id="6010" />, 20, soldiers on, playing Jenna Elfman's dad on Dharma &amp; Greg. He calls his old series "groundbreaking in treating the audience like intelligent adults."

Jimmy Smits Victor Sifuentes

Smits, who played the firm's first minority associate, "took his work very seriously, and of course we kidded him. mercilessly," says Michael Tucker. But even Smits, 46, had to laugh at one of his favorite scenes: Victor's anguish at seeing his prized BMW stolen—"an ode," says the actor; "to '80s materialism." Involved since 1985 with actress Wanda De Jesus, 43, he departed Law in '91 and ended a four-year run on NYPD Blue in 1998. "It made me weep," says Susan Ruttan, when Smits had to bow out of the reunion to costar in the latest Star Wars film. But he did send each of his old castmates a handwritten note. "It was heartfelt," says Richard Dysart. "It was none of that 'Sorry I can't be with you' stuff. Just 'Do a good job.' That's jimmy."

Blair Underwood Jonathan Rollins

"He was a kid then, just a baby," says Steven Bochco. In fact Underwood, now 38, was a, 23-year-old drama major at Carnegie Mellon University, Bochco's alma mater, when he was tapped in 1987 to play the brash Rollins, the firm's first black attorney, on the show's second season. Fellow Carnegie alum Michael Tucker became his mentor. Seven years later when the show ended, "I realized what a mature actor he had become," says Tucker. Indeed, <NODE id="7425" />Underwood<NODE id="7434" />, who has two daughters and an infant son with wife <NODE id="7486" />Desiree<NODE id="7493" />, 36, went on to play a doctor on CBS's City of Angels in 2000 and a soldier that same year in the film Rules of Engagement. In August he'll costar with Julia Roberts in Full Frontal. Says Bochco: "I think he's a star waiting to happen."

Larry Drake Benevolent Guy Friday Benny Stulwicz

"My favorite scene in the seven years I was on the show," says Drake, 53, who played the mentally handicapped Benny, "was the one with Jimmy Smits taking me to the drug store to buy a condom. I pull out one of those little squeeze coin purses and I count out all the change, and it takes an excruciatingly long time." But worth every second. Drake's sensitive portrayal of Benny, whose late mother had entrusted his care to her lawyers, earned the actor two Emmys. On the street "most people, after they met me, didn't believe I was Benny," he says. Extending his range, he went on to play villains in 1990's Darkman and '92's Dr. Giggles. Unattached—he doesn't want to talk about a brief marriage—"I'm not looking but, yes," he says, "love is a wonderful thing that one misses." One thing he doesn't miss is the sprawling Victorian house he bought with his Law earnings. He sold it in 2001, put his antiques into storage and moved into a modest L.A. penthouse. "I needed to simplify," says Drake, who does stage work and still pops up in minor film roles. "I didn't need all that space."

Jill Eikenberry and Michael Tucker Lovers Ann Kelsey and Stuart Markowitz

Married in real life since <NODE id="8974" />1973<NODE id="8978" />, <NODE id="8980" />Tucker<NODE id="8986" /> and <NODE id="8991" />Eikenberry<NODE id="9001" /> saw their characters—<NODE id="9023" />Stuart<NODE id="9029" />, a gentle tax attorney, and <NODE id="9058" />Ann<NODE id="9061" />, a hard-charging litigator—kindle an office romance that led to matrimony in the show's first season. "We are almost reverse personalities in real life," says Eikenberry, 55. Perhaps, but fans loved their odd-couple chemistry. "One of the biggest surprises was having construction workers shout out our names," says the actress, who was diagnosed with breast cancer just as the show was taking off in 1986. Successfully treated with a lumpectomy and radiation therapy, she got an additional boost reporting to the set daily to play "a take-no-prisoners gal." After Law, the couple left Hollywood for Northern California. "We wanted our son [Max, now 20 and a college student] to have a different environment," his mom explains. In recent years, as she and Tucker, 58, have done theater and TV movies, Law buffs continue to ask: What was the Venus Butterfly maneuver that Stuart performed on Ann in bed? "If I do know," says Eikenberry, "I'm not telling!"

Harry Hamlin Legal Boy Scout Michael Kuzak

"In many ways," says costar Michael Tucker, "Harry has blossomed the most." The actor named PEOPLE'S 1987 Sexiest Man Alive just needed to put down some roots. Even before Law, Hamlin was a Hollywood hunk, baring his chest in 1981's Clash of the Titans and carrying on a highly public affair with '60s bombshell <NODE id="10374" />Ursula Andress<NODE id="10388" /> (with whom <NODE id="10400" />he<NODE id="10402" /> had a son, <NODE id="10414" />Dimitri<NODE id="10421" />, now 21). In the course of Law, <NODE id="10454" />he<NODE id="10456" /> divorced actress <NODE id="10474" />Laura Johnson<NODE id="10487" /> and wed <NODE id="10496" />Nicollette Sheridan<NODE id="10515" /> (that marriage also broke up). "The experiences in my life have been a rather steep learning curve," the 50-year-old Hamlin says gingerly of those days. "They were what I needed to have the foundation to handle a long-term relationship." The lessons paid off in 1992 when he met Melrose Place star Lisa Rinna, 38. Wed in 1997, they have two girls, Delilah Belle, 3, and Amelia Gray, almost 1. Dimitri wasn't much older than that when he would visit Dad on the Law set. He's currently attending college on the East Coast. "I told him about the reunion," Hamlin says, "and he said, 'Cool, Dad. I got to get back to my paper.' "

Tom Gliatto and Michael A. Lipton Cynthia Wang and Pamela Warrick in Los Angeles</TEXT>
<Meta /><Entities>
<Entity id="0" startPos="1475" endPos="1486" type="person" surface="Amanda Pays">
<feature featureName="cm_id" featureValue="32_2" />
<feature featureName="annotator" featureValue="R.H., V.M." /></Entity>
<Entity id="1" startPos="1492" endPos="1494" type="person" surface="he">
<feature featureName="cm_id" featureValue="49_4" />
<feature featureName="annotator" featureValue="R.H., V.M." /></Entity>
<Entity id="2" startPos="1509" endPos="1515" type="person" surface="Oliver">
<feature featureName="cm_id" featureValue="66_3" />
<feature featureName="annotator" featureValue="R.H., V.M." /></Entity>
<Entity id="3" startPos="1527" endPos="1532" type="person" surface="Henry">
<feature featureName="cm_id" featureValue="84_6" />
<feature featureName="annotator" featureValue="R.H., V.M." /></Entity>
<Entity id="4" startPos="1537" endPos="1542" type="person" surface="Angus">
<feature featureName="cm_id" featureValue="94_5" />
<feature featureName="annotator" featureValue="R.H., V.M." /></Entity>
<Entity id="5" startPos="1552" endPos="1558" type="person" surface="Finley">
<feature featureName="cm_id" featureValue="109_1" />
<feature featureName="annotator" featureValue="R.H., V.M." /></Entity>
<Entity id="6" startPos="2109" endPos="2111" type="person" surface="He">
<feature featureName="cm_id" featureValue="46_2" />
<feature featureName="annotator" featureValue="R.H., V.M." /></Entity>
<Entity id="7" startPos="2127" endPos="2141" type="person" surface="Kathryn Jacobi">
<feature featureName="cm_id" featureValue="64_1" />
<feature featureName="annotator" featureValue="R.H., V.M." /></Entity>
<Entity id="8" startPos="3195" endPos="3198" type="person" surface="Her">
<feature featureName="cm_id" featureValue="1_2" />
<feature featureName="annotator" featureValue="R.H., V.M." /></Entity>
<Entity id="9" startPos="3207" endPos="3213" type="person" surface="Dorita">
<feature featureName="cm_id" featureValue="13_1" />
<feature featureName="annotator" featureValue="R.H., V.M." /></Entity>
<Entity id="10" startPos="3394" endPos="3400" type="person" surface="Greene">
<feature featureName="cm_id" featureValue="46_1" />
<feature featureName="annotator" featureValue="R.H., V.M." /></Entity>
<Entity id="11" startPos="3445" endPos="3457" type="person" surface="Brahms Yaich">
<feature featureName="cm_id" featureValue="97_2" />
<feature featureName="annotator" featureValue="R.H., V.M." /></Entity>
<Entity id="12" startPos="3461" endPos="3464" type="date" surface="">
<feature featureName="cm_id" featureValue="113" /></Entity>
<Entity id="13" startPos="3613" endPos="3616" type="person" surface="her">
<feature featureName="cm_id" featureValue="45_1" />
<feature featureName="annotator" featureValue="R.H., V.M." /></Entity>
<Entity id="14" startPos="3621" endPos="3628" type="person" surface="Jackson">
<feature featureName="cm_id" featureValue="53_2" />
<feature featureName="annotator" featureValue="R.H., V.M." /></Entity>
<Entity id="15" startPos="3872" endPos="3878" type="person" surface="Ruttan">
<feature featureName="cm_id" featureValue="10_3" />
<feature featureName="annotator" featureValue="R.H., V.M." /></Entity>
<Entity id="16" startPos="3965" endPos="3972" type="person" surface="Jackson">
<feature featureName="cm_id" featureValue="103_8" />
<feature featureName="annotator" featureValue="R.H., V.M." /></Entity>
<Entity id="17" startPos="3997" endPos="4000" type="person" surface="her">
<feature featureName="cm_id" featureValue="135_5" />
<feature featureName="annotator" featureValue="R.H., V.M." /></Entity>
<Entity id="18" startPos="4001" endPos="4005" type="date" surface="1992">
<feature featureName="cm_id" featureValue="139_7" />
<feature featureName="date_year" featureValue="1992" />
<feature featureName="annotator" featureValue="R.H., V.M." /></Entity>
<Entity id="19" startPos="4033" endPos="4047" type="person" surface="Randy McDonald">
<feature featureName="cm_id" featureValue="171_6" />
<feature featureName="annotator" featureValue="R.H., V.M." /></Entity>
<Entity id="20" startPos="5067" endPos="5070" type="person" surface="Dey">
<feature featureName="cm_id" featureValue="0_3" />
<feature featureName="annotator" featureValue="R.H., V.M." /></Entity>
<Entity id="21" startPos="5100" endPos="5114" type="person" surface="Sarah Hirshnan">
<feature featureName="cm_id" featureValue="33_4" />
<feature featureName="annotator" featureValue="R.H., V.M." /></Entity>
<Entity id="22" startPos="5125" endPos="5128" type="person" surface="her">
<feature featureName="cm_id" featureValue="58_2" />
<feature featureName="annotator" featureValue="R.H., V.M." /></Entity>
<Entity id="23" startPos="5152" endPos="5168" type="person" surface="Leonard Hirshnan">
<feature featureName="cm_id" featureValue="85_1" />
<feature featureName="annotator" featureValue="R.H., V.M." /></Entity>
<Entity id="24" startPos="5295" endPos="5298" type="person" surface="Dey">
<feature featureName="cm_id" featureValue="23_2" />
<feature featureName="annotator" featureValue="R.H., V.M." /></Entity>
<Entity id="25" startPos="5317" endPos="5334" type="person" surface="Bernard Sofronski">
<feature featureName="cm_id" featureValue="45_1" />
<feature featureName="annotator" featureValue="R.H., V.M." /></Entity>
<Entity id="26" startPos="5343" endPos="5346" type="date" surface="">
<feature featureName="cm_id" featureValue="71" /></Entity>
<Entity id="27" startPos="5844" endPos="5851" type="person" surface="Rachins">
<feature featureName="cm_id" featureValue="17_2" />
<feature featureName="annotator" featureValue="R.H., V.M." /></Entity>
<Entity id="28" startPos="5864" endPos="5870" type="person" surface="Bochco">
<feature featureName="cm_id" featureValue="37_4" />
<feature featureName="annotator" featureValue="R.H., V.M." /></Entity>
<Entity id="29" startPos="5882" endPos="5894" type="person" surface="Joanna Frank">
<feature featureName="cm_id" featureValue="55_1" />
<feature featureName="annotator" featureValue="R.H., V.M." /></Entity>
<Entity id="30" startPos="5911" endPos="5915" type="person" surface="Doug">
<feature featureName="cm_id" featureValue="84_5" />
<feature featureName="annotator" featureValue="R.H., V.M." /></Entity>
<Entity id="31" startPos="5937" endPos="5943" type="person" surface="Sheila">
<feature featureName="cm_id" featureValue="110_3" />
<feature featureName="annotator" featureValue="R.H., V.M." /></Entity>
<Entity id="32" startPos="5966" endPos="5973" type="person" surface="Rachins">
<feature featureName="cm_id" featureValue="0_2" />
<feature featureName="annotator" featureValue="R.H., V.M." /></Entity>
<Entity id="33" startPos="5989" endPos="5992" type="person" surface="she">
<feature featureName="cm_id" featureValue="23_3" />
<feature featureName="annotator" featureValue="R.H., V.M." /></Entity>
<Entity id="34" startPos="6004" endPos="6010" type="person" surface="Robert">
<feature featureName="cm_id" featureValue="38_1" />
<feature featureName="annotator" featureValue="R.H., V.M." /></Entity>
<Entity id="35" startPos="7425" endPos="7434" type="person" surface="Underwood">
<feature featureName="cm_id" featureValue="8_1" />
<feature featureName="annotator" featureValue="R.H., V.M." /></Entity>
<Entity id="36" startPos="7486" endPos="7493" type="person" surface="Desiree">
<feature featureName="cm_id" featureValue="69_2" />
<feature featureName="annotator" featureValue="R.H., V.M." /></Entity>
<Entity id="37" startPos="8974" endPos="8978" type="date" surface="1973">
<feature featureName="cm_id" featureValue="27_1" />
<feature featureName="date_year" featureValue="1973" />
<feature featureName="annotator" featureValue="R.H., V.M." /></Entity>
<Entity id="38" startPos="8980" endPos="8986" type="person" surface="Tucker">
<feature featureName="cm_id" featureValue="33_3" />
<feature featureName="annotator" featureValue="R.H., V.M." /></Entity>
<Entity id="39" startPos="8991" endPos="9001" type="person" surface="Eikenberry">
<feature featureName="cm_id" featureValue="44_2" />
<feature featureName="annotator" featureValue="R.H., V.M." /></Entity>
<Entity id="40" startPos="9023" endPos="9029" type="person" surface="Stuart">
<feature featureName="cm_id" featureValue="76_4" />
<feature featureName="annotator" featureValue="R.H., V.M." /></Entity>
<Entity id="41" startPos="9058" endPos="9061" type="person" surface="Ann">
<feature featureName="cm_id" featureValue="111_5" />
<feature featureName="annotator" featureValue="R.H., V.M." /></Entity>
<Entity id="42" startPos="10374" endPos="10388" type="person" surface="Ursula Andress">
<feature featureName="cm_id" featureValue="152_1" />
<feature featureName="annotator" featureValue="R.H., V.M." /></Entity>
<Entity id="43" startPos="10400" endPos="10402" type="person" surface="he">
<feature featureName="cm_id" featureValue="178_2" />
<feature featureName="annotator" featureValue="R.H., V.M." /></Entity>
<Entity id="44" startPos="10414" endPos="10421" type="person" surface="Dimitri">
<feature featureName="cm_id" featureValue="192_4" />
<feature featureName="annotator" featureValue="R.H., V.M." /></Entity>
<Entity id="45" startPos="10454" endPos="10456" type="person" surface="he">
<feature featureName="cm_id" featureValue="22_2" />
<feature featureName="annotator" featureValue="R.H., V.M." /></Entity>
<Entity id="46" startPos="10474" endPos="10487" type="person" surface="Laura Johnson">
<feature featureName="cm_id" featureValue="42_3" />
<feature featureName="annotator" featureValue="R.H., V.M." /></Entity>
<Entity id="47" startPos="10496" endPos="10515" type="person" surface="Nicollette Sheridan">
<feature featureName="cm_id" featureValue="64_1" />
<feature featureName="annotator" featureValue="R.H., V.M." /></Entity></Entities><Relations>
<Relation id="48" NAME="marriage">
<Entity id="0" label="person" />
<Entity id="1" label="person" />
<feature featureName="annotator" featureValue="R.H., V.M." />
<feature featureName="rm_id" featureValue="doc149_1443_1" />
</Relation>
<Relation id="49" NAME="sibling_relationship">
<Entity id="4" label="person" />
<Entity id="5" label="person" />
<Entity id="3" label="person" />
<Entity id="2" label="person" />
<feature featureName="annotator" featureValue="R.H., V.M." />
<feature featureName="rm_id" featureValue="doc149_1443_2" />
</Relation>
<Relation id="50" NAME="person_parent">
<Entity id="4" label="person" />
<Entity id="5" label="person" />
<Entity id="3" label="person" />
<Entity id="2" label="person" />
<Entity id="0" label="parent" />
<Entity id="1" label="parent" />
<feature featureName="annotator" featureValue="R.H., L.S." />
<feature featureName="rm_id" featureValue="doc149_1443_0_270" />
</Relation>
<Relation id="51" NAME="marriage">
<Entity id="6" label="person" />
<Entity id="7" label="person" />
<feature featureName="annotator" featureValue="R.H., V.M." />
<feature featureName="rm_id" featureValue="doc149_2063_1" />
</Relation>
<Relation id="52" NAME="person_parent">
<Entity id="8" label="person" />
<Entity id="9" label="parent" />
<feature featureName="annotator" featureValue="V.M., L.S." />
<feature featureName="rm_id" featureValue="doc149_3194_0_269" />
</Relation>
<Relation id="53" NAME="marriage">
<Entity id="11" label="person" />
<Entity id="10" label="person" />
<Entity id="12" label="from" />
<feature featureName="annotator" featureValue="V.M., L.S." />
<feature featureName="rm_id" featureValue="doc149_3348_1_257" />
</Relation>
<Relation id="54" NAME="person_parent">
<Entity id="14" label="person" />
<Entity id="13" label="parent" />
<feature featureName="annotator" featureValue="R.H., V.M." />
<feature featureName="rm_id" featureValue="doc149_3568_1" />
</Relation>
<Relation id="55" NAME="marriage">
<Entity id="18" label="to" />
<Entity id="17" label="person" />
<Entity id="19" label="person" />
<feature featureName="annotator" featureValue="R.H., V.M." />
<feature featureName="rm_id" featureValue="doc149_3862_1" />
</Relation>
<Relation id="56" NAME="person_parent">
<Entity id="16" label="person" />
<Entity id="15" label="parent" />
<feature featureName="annotator" featureValue="R.H., L.S." />
<feature featureName="rm_id" featureValue="doc149_3862_0_272" />
</Relation>
<Relation id="57" NAME="marriage">
<Entity id="22" label="person" />
<Entity id="23" label="person" />
<feature featureName="annotator" featureValue="R.H., V.M." />
<feature featureName="rm_id" featureValue="doc149_5067_1" />
</Relation>
<Relation id="58" NAME="person_parent">
<Entity id="21" label="person" />
<Entity id="20" label="parent" />
<Entity id="23" label="parent" />
<feature featureName="annotator" featureValue="R.H., V.M." />
<feature featureName="rm_id" featureValue="doc149_5067_2" />
</Relation>
<Relation id="59" NAME="marriage">
<Entity id="24" label="person" />
<Entity id="25" label="person" />
<Entity id="26" label="from" />
<feature featureName="annotator" featureValue="R.H., V.M." />
<feature featureName="rm_id" featureValue="doc149_5272_1" />
</Relation>
<Relation id="60" NAME="sibling_relationship">
<Entity id="29" label="person" />
<Entity id="28" label="person" />
<feature featureName="annotator" featureValue="R.H., V.M." />
<feature featureName="rm_id" featureValue="doc149_5827_1" />
</Relation>
<Relation id="61" NAME="marriage">
<Entity id="29" label="person" />
<Entity id="27" label="person" />
<feature featureName="annotator" featureValue="R.H., V.M." />
<feature featureName="rm_id" featureValue="doc149_5827_2" />
</Relation>
<Relation id="62" NAME="marriage">
<Entity id="31" label="person" />
<Entity id="30" label="person" />
<feature featureName="annotator" featureValue="V.M., L.S." />
<feature featureName="rm_id" featureValue="doc149_5827_0_262" />
</Relation>
<Relation id="63" NAME="person_parent">
<Entity id="34" label="person" />
<Entity id="33" label="parent" />
<Entity id="32" label="parent" />
<feature featureName="annotator" featureValue="R.H., V.M." />
<feature featureName="rm_id" featureValue="doc149_5966_1" />
</Relation>
<Relation id="64" NAME="marriage">
<Entity id="35" label="person" />
<Entity id="36" label="person" />
<feature featureName="annotator" featureValue="R.H., V.M." />
<feature featureName="rm_id" featureValue="doc149_7417_1" />
</Relation>
<Relation id="65" NAME="marriage">
<Entity id="39" label="person" />
<Entity id="38" label="person" />
<Entity id="37" label="from" />
<feature featureName="annotator" featureValue="R.H., V.M." />
<feature featureName="rm_id" featureValue="doc149_8947_1" />
</Relation>
<Relation id="66" NAME="marriage">
<Entity id="40" label="person" />
<Entity id="41" label="person" />
<feature featureName="annotator" featureValue="V.M., L.S." />
<feature featureName="rm_id" featureValue="doc149_8947_0_265" />
</Relation>
<Relation id="67" NAME="person_parent">
<Entity id="44" label="person" />
<Entity id="42" label="parent" />
<Entity id="43" label="parent" />
<feature featureName="annotator" featureValue="R.H., V.M." />
<feature featureName="rm_id" featureValue="doc149_10222_1" />
</Relation>
<Relation id="68" NAME="marriage">
<Entity id="47" label="person" />
<Entity id="45" label="person" />
<feature featureName="annotator" featureValue="R.H., V.M." />
<feature featureName="rm_id" featureValue="doc149_10432_1" />
</Relation>
<Relation id="69" NAME="marriage">
<Entity id="45" label="person" />
<Entity id="46" label="person" />
<feature featureName="annotator" featureValue="R.H., V.M." />
<feature featureName="rm_id" featureValue="doc149_10432_2" />
</Relation></Relations>
</Document>
