<?xml version="1.0" encoding="UTF-8"?>
<Document>
<TEXT>They were strangers on a plane, three men who, as they departed Newark, N.J., on United Airlines Flight 93, probably were thinking of the business meetings that awaited them in California. It was a fluke that Jeremy Glick, 31, Tom Burnett Jr., 38, and Mark Bingham, 31, were all on the Boeing 757; Glick was supposed to have left a day earlier, but a fire at Newark International Airport delayed his departure. But it was also grim serendipity that they were clustered near one another in the first few rows of the cabin. In the terrifying minutes before their craft plunged nose-first into a field 65 miles southeast of Pittsburgh, killing all 45 people aboard, these men found the courage to band together. It appears that their concerted action thwarted at least four hijackers from crashing the craft into a Washington target, perhaps the Capitol building or the White House. Thanks to their efforts, hundreds, if not thousands, of lives were saved.

"Clearly, we know the plane that crashed outside Pittsburgh was headed for Washington," Vice President Dick Cheney told NBC's Meet the Press. "Mr. Glick and others—Mr. Burnett—were very courageous when they made that decision, knowing that they were doomed." Unless voice recorders recovered from the wreckage detail what happened—and that's iffy at best—the public may never know precisely what the three men did. Yet it is clear from the cell and in-flight phone calls they made to loved ones that once they learned their lives were in jeopardy, they resolved to act against their captors. "If we're going to die, there's three of us and we're going to do something about it," Burnett told <NODE id="1647" />his<NODE id="1650" /> wife, <NODE id="1657" />Deena<NODE id="1662" />. For their valor under extraordinary circumstances, there was talk last week on Capitol Hill of awarding the men the Presidential Medal of Freedom.

As the investigation proceeds, others may also be recognized. Flight attendant CeeCee Lyles, 33, for instance, was a former police officer in Fort Pierce, Fla., who changed careers last year. In two phone calls home, the second of them 25 minutes before the plane plummeted to earth, she told her husband, "Babe, my plane's been hijacked." Lorne Lyles, 31, a police officer in Fort Myers, Fla., says his wife "was a person who controlled her own destiny," and believes she helped wrest control of the plane from the hijackers. Lisa Beamer, 32, of Cranbury, N.J., also believes <NODE id="2389" />her<NODE id="2392" /> husband, <NODE id="2402" />Todd<NODE id="2406" />, 32, an employee of Oracle, was involved. She says he spoke to a GTE Airfone operator, reciting the Lord's Prayer and saying the passengers were going to do something. "I know I'm not going to get out of this," she says he told the woman.

Whatever happened, it is almost certain that it was the action of a handful of brave people that diverted the plane. Their determination to go down fighting appears to have evolved during a series of calls home that were both cries for help and poignant goodbyes. When <NODE id="2916" />Tom Burnett<NODE id="2927" />'s wife, <NODE id="2936" />Deena<NODE id="2941" />, 37, answered the phone at her home in San Ramon, Calif., she had just heard about the disaster at the World Trade Center in New York City. "How are you?" she anxiously asked her husband of 10 years and father of their three daughters. "Bad," he responded. "Our plane is being hijacked. This is my flight number. Call the authorities." When he called back soon after, Deena gave him the horrifying news about the towers.

Quickly, he supplied critical information to be relayed to authorities. "He said, 'They've knifed a guy. They say there's a bomb,' " recalls <NODE id="3505" />his<NODE id="3508" /> sister <NODE id="3516" />Mary Burnett<NODE id="3528" />, 32, who was en route to work when the events unfolded. "He wanted to know the probability of there really being a bomb on the plane." Tom, who was senior vice president and chief operating officer of Thoratec Corp., a medical research company in Pleasanton, Calif., also wanted to know what authorities were doing about the attacks. "My brother's a very quick thinker, very strategic," says Mary.

Soon after, in upstate New York, Lyzbeth Glick, 31, was watching the Trade Center story at her parents' home on a large-screen TV when the phone rang. It was <NODE id="4086" />her<NODE id="4089" /> husband, <NODE id="4099" />Jeremy<NODE id="4105" />, a sales manager for the Web site firm Vividence, headquartered in San Mateo, Calif., and there was a note of urgency in his voice as he explained he was captive on Flight 93. "We said 'I love you' a thousand times. It helped us pull it together," she says. "Then he said, 'I need to know, are they crashing planes into the World Trade Center?' "—an indication he had already conferred with others on the flight. He spoke of three Arab-looking men with red headbands, one armed with a knife and one in possession of a box with red markings that the hijackers said contained a bomb.

When Mark Bingham, owner of a public relations firm, reached his family in Saratoga, Calif., he, too, was hushed in revealing over the air phone that hijackers had a bomb on the plane. "He said, 'I want to tell you I love you,' " says <NODE id="4924" />his<NODE id="4927" /> mother, <NODE id="4936" />Alice Hoglan<NODE id="4948" />, 52, a flight attendant of 16 years with United Airlines. Soon the phone line went dead.

That the three men were able to fashion a plan and act in the face of such terrifying circumstances strikes their relatives as not only believable but likely given their take-charge personalities. With Glick, a 6'1", 220-lb. former judo and wrestling champion who thrived on high-risk sports like helicopter skiing and scuba diving, "everything was a competition," says <NODE id="5409" />Jared<NODE id="5414" />, 28, one of <NODE id="5427" />his<NODE id="5430" /> five siblings. The 6'2", 210-lb. Burnett, who hails from a long line of war veterans, had a personal motto: "Everybody else first, me second," says <NODE id="5579" />his<NODE id="5582" /> father, <NODE id="5591" />Tom Sr.<NODE id="5598" />, a retired English teacher. And Jerry Bingham, 58, of Wildwood, Fla., says of <NODE id="5677" />his<NODE id="5680" /> athletic, 6'5", 200-plus-lb. son <NODE id="5714" />Mark<NODE id="5718" />, "He wasn't the type of guy who sat on the sidelines. He was a go-getter."

Lyz Glick is convinced that Jeremy was propelled by a single impulse: "He wanted to get home to his family." As had been his ritual before every trip west, he repeatedly stated <NODE id="5972" />his<NODE id="5975" /> preference to remain home—there being a particular attraction since the birth of their daughter <NODE id="6072" />Emerson<NODE id="6079" /> three months ago. "A dozen times over the week, he said, 'I don't want to go,' " says Lyz. "He said, 'Tell me not to go and I won't go. I don't want to leave you and Emmy.' " Ironically, the couple had engaged in their first discussion about death just a week earlier, on Sept. 3, Jeremy's 31st birthday, as they drove home from a funeral for Lyz's grandmother. "He told me he did not want [his funeral] to be anything big," says Lyz. "And he did not want people to cry." In upstate New York, 1,300 people turned out on Sept. 16 for Jeremy's memorial service beneath a white tent on Windham Mountain, where the couple had taught skiing.

Theirs had been a long courtship that began when they were lab partners in a 9th-grade biology class at Saddle River Day School in northern New Jersey. "He always said that the first time he saw me, he knew he was going to marry me," says Lyz, who teaches college-level social sciences courses online. "I wouldn't give him the time of day. He had this huge Afro." Lyz became his sweetheart—and he soon got rid of it, albeit reluctantly. "He thought it gave him power," says <NODE id="7192" />his<NODE id="7195" /> brother <NODE id="7204" />Jared<NODE id="7209" />. The idea perhaps stemmed from Jeremy's reverence for superheroes: As a child he liked to pretend that he was Superman. Jeremy went on to captain the school's wrestling and soccer teams and served as prom king when Lyz was crowned queen. Later, at the University of Rochester, where he majored in literature, he played rugby. "He hated losing," says Jared. "If he was interviewing someone to hire for a job, he would always ask, 'Do you like to win or do you hate to lose?' " There was only one correct answer.

While it was his persistence that kept him in hot pursuit of Lyz after they parted ways to attend different colleges, it may have been his softer side that persuaded <NODE id="7888" />her<NODE id="7891" /> to marry <NODE id="7901" />him<NODE id="7904" /> in <NODE id="7908" />1996<NODE id="7912" />. <NODE id="7914" />Jared<NODE id="7919" />, a diabetic, recalls how, when the two brothers were at judo camp, <NODE id="7987" />Jeremy<NODE id="7993" />, then 10, used to give him his daily insulin shots. Lyz loved how Jeremy would get up in the middle of the night to feed their only child, Emmy, a preemie, by taping a feeding tube to his finger. In December 1999, the couple bought a lake-front house with a swimming pool in northern New Jersey. On winter weekends, they travelled to the Catskills to ski—a sport <NODE id="8357" />Jeremy<NODE id="8363" /> took up before they wed because it was one of <NODE id="8410" />Lyz<NODE id="8413" />'s passions. "We had a perfect life," she says.

<NODE id="8462" />Tom Burnett Jr.<NODE id="8477" /> also led a charmed life with <NODE id="8507" />Deena<NODE id="8512" /> and their girls, twins <NODE id="8536" />Halley<NODE id="8542" /> and <NODE id="8547" />Madison<NODE id="8554" />, 5, and <NODE id="8563" />Anna<NODE id="8567" />, 3. "She is the most amazing mom," <NODE id="8603" />his<NODE id="8606" /> sister <NODE id="8614" />Mary<NODE id="8618" /> says of Deena. On the day of the tragedy, Mary says, "She had such a level head, she sent the girls off to school." Now, she says, Deena has to answer questions from the children such as, "Can you call Dad in heaven?" to which Deena responds lovingly but honestly with "No."

Mary describes Tom as "a very private person" who put family first. An only son sandwiched between two sisters, Tom grew up close to his parents—<NODE id="9040" />his<NODE id="9043" /> mother, <NODE id="9052" />Beverly<NODE id="9059" />, a former real estate broker, and his father, <NODE id="9106" />Tom Sr.<NODE id="9113" />, with whom he loved to fish and hunt near their home in Bloomington, Minn. The weekend before the crash Tom flew east so that he and his dad could complete a deer stand on land Tom owns in Wisconsin. On the way back to Bloomington the two men, both practicing Catholics, stopped to attend mass. "That's one thing I'm happy about," says Tom Sr.

Because his father and four uncles served in the military, it was not an easy decision when Tom opted in 1981 to drop out of the Air Force Academy after boot camp. "He decided it wasn't for him," says Mary. "Tom wasn't afraid of doing what he thought was right." Still, last year, he fulfilled his father's dream of visiting Normandy; together they walked along Omaha Beach on the anniversary of D-Day. "He comes from a line of warriors," says Tom Sr. "Tom always respected that."

Had it not been for the crash, Mark Bingham would have been an usher at the Sept. 15 wedding of a friend of Egyptian and Islamic ancestry. "<NODE id="10081" />Mark<NODE id="10085" /> was a very loving man and had friends who were Islamic, Christian and Jewish," says mom <NODE id="10174" />Alice<NODE id="10179" />. In 1991, Mark told her that he was gay, a fact that she says was "important to him and therefore it's important to me." A national championship rugby player while an undergraduate at the University of California, Berkeley, Mark more recently played for the San Francisco Fog, a gay rugby team that Alice says "he was especially proud of." In an e-mail to a friend, Mark explained, "I finally felt accepted as a gay man and a rugby player. My two irreconcilable worlds came together."

Two years ago, after doing public relations work for two large firms, Mark started his own PR firm, The Bingham Group, with offices in New York City and San Francisco. The bicoastal lifestyle enabled him to maintain strong ties with each of his parents, who split up in the mid-'70s. Since Mark's death, Alice has heard several stories about her son's courage. In San Francisco, when he and friends were confronted by two robbers, says his fellow high school rugby player Todd Sarner, "He jumped in front of his friends, got the gun away and beat the guys up." In Vancouver with friends, he came to the defense of a waiter who was attacked by a group of men who refused to pay their bill. "I am so honored to have been <NODE id="11385" />his<NODE id="11388" /> mother," <NODE id="11398" />Alice<NODE id="11403" /> says.

For those left behind, there is solace in their loved ones' brave last moments—and those final goodbyes. "I take a lot of comfort in knowing they may have saved the lives of hundreds of people," says Alice. Mary Burnett, grateful for the enormous support her family has received, says, "I'm glad to know my brother could be a symbol of hope." Lyz Glick finds particular strength in having had the opportunity to say goodbye. "Jeremy said, 'I want you to be happy in your life. I will be happy for you. You need to live your life,' " she says. "That gives me comfort. I won't feel guilt in any choices I make." As for the sad irony that Jeremy did not belong on Flight 93, she says, "Maybe God or whatever put them on there because He knew that they could stop some of the evil that was going on in the world." Quietly, she adds, "That's what I'd like to believe and tell our daughter."</TEXT>
<Meta /><Entities>
<Entity id="0" startPos="1647" endPos="1650" type="person" surface="his">
<feature featureName="cm_id" featureValue="100_3" />
<feature featureName="annotator" featureValue="R.H., V.M." /></Entity>
<Entity id="1" startPos="1657" endPos="1662" type="person" surface="Deena">
<feature featureName="cm_id" featureValue="110_1" />
<feature featureName="annotator" featureValue="R.H., V.M." /></Entity>
<Entity id="2" startPos="2389" endPos="2392" type="person" surface="her">
<feature featureName="cm_id" featureValue="50_2" />
<feature featureName="annotator" featureValue="R.H., V.M." /></Entity>
<Entity id="3" startPos="2402" endPos="2406" type="person" surface="Todd">
<feature featureName="cm_id" featureValue="63_3" />
<feature featureName="annotator" featureValue="R.H., V.M." /></Entity>
<Entity id="4" startPos="2916" endPos="2927" type="person" surface="Tom Burnett">
<feature featureName="cm_id" featureValue="5_2" />
<feature featureName="annotator" featureValue="R.H., V.M." /></Entity>
<Entity id="5" startPos="2936" endPos="2941" type="person" surface="Deena">
<feature featureName="cm_id" featureValue="25_1" />
<feature featureName="annotator" featureValue="R.H., V.M." /></Entity>
<Entity id="6" startPos="3505" endPos="3508" type="person" surface="his">
<feature featureName="cm_id" featureValue="36_2" />
<feature featureName="annotator" featureValue="R.H." /></Entity>
<Entity id="7" startPos="3516" endPos="3528" type="person" surface="Mary Burnett">
<feature featureName="cm_id" featureValue="47_1" />
<feature featureName="annotator" featureValue="R.H., V.M." /></Entity>
<Entity id="8" startPos="4086" endPos="4089" type="person" surface="her">
<feature featureName="cm_id" featureValue="7_1" />
<feature featureName="annotator" featureValue="R.H., V.M." /></Entity>
<Entity id="9" startPos="4099" endPos="4105" type="person" surface="Jeremy">
<feature featureName="cm_id" featureValue="20_2" />
<feature featureName="annotator" featureValue="R.H., V.M." /></Entity>
<Entity id="10" startPos="4924" endPos="4927" type="person" surface="his">
<feature featureName="cm_id" featureValue="50_3" />
<feature featureName="annotator" featureValue="R.H., V.M." /></Entity>
<Entity id="11" startPos="4936" endPos="4948" type="person" surface="Alice Hoglan">
<feature featureName="cm_id" featureValue="62_2" />
<feature featureName="annotator" featureValue="R.H., V.M." /></Entity>
<Entity id="12" startPos="5409" endPos="5414" type="person" surface="Jared">
<feature featureName="cm_id" featureValue="145_1" />
<feature featureName="annotator" featureValue="R.H., V.M." /></Entity>
<Entity id="13" startPos="5427" endPos="5430" type="person" surface="his">
<feature featureName="cm_id" featureValue="163_2" />
<feature featureName="annotator" featureValue="R.H., V.M." /></Entity>
<Entity id="14" startPos="5579" endPos="5582" type="person" surface="his">
<feature featureName="cm_id" featureValue="115_1" />
<feature featureName="annotator" featureValue="R.H., V.M." /></Entity>
<Entity id="15" startPos="5591" endPos="5598" type="person" surface="Tom Sr.">
<feature featureName="cm_id" featureValue="127_3" />
<feature featureName="annotator" featureValue="R.H., V.M." /></Entity>
<Entity id="16" startPos="5677" endPos="5680" type="person" surface="his">
<feature featureName="cm_id" featureValue="50_3" />
<feature featureName="annotator" featureValue="R.H., V.M." /></Entity>
<Entity id="17" startPos="5714" endPos="5718" type="person" surface="Mark">
<feature featureName="cm_id" featureValue="87_4" />
<feature featureName="annotator" featureValue="R.H., V.M." /></Entity>
<Entity id="18" startPos="5972" endPos="5975" type="person" surface="his">
<feature featureName="cm_id" featureValue="68_3" />
<feature featureName="annotator" featureValue="R.H., V.M." /></Entity>
<Entity id="19" startPos="6072" endPos="6079" type="person" surface="Emerson">
<feature featureName="cm_id" featureValue="168_4" />
<feature featureName="annotator" featureValue="R.H." /></Entity>
<Entity id="20" startPos="7192" endPos="7195" type="person" surface="his">
<feature featureName="cm_id" featureValue="37_4" />
<feature featureName="annotator" featureValue="R.H., V.M." /></Entity>
<Entity id="21" startPos="7204" endPos="7209" type="person" surface="Jared">
<feature featureName="cm_id" featureValue="49_2" />
<feature featureName="annotator" featureValue="R.H., V.M." /></Entity>
<Entity id="22" startPos="7888" endPos="7891" type="person" surface="her">
<feature featureName="cm_id" featureValue="166_4" />
<feature featureName="annotator" featureValue="R.H., V.M." /></Entity>
<Entity id="23" startPos="7901" endPos="7904" type="person" surface="him">
<feature featureName="cm_id" featureValue="179_2" />
<feature featureName="annotator" featureValue="R.H., V.M." /></Entity>
<Entity id="24" startPos="7908" endPos="7912" type="date" surface="1996">
<feature featureName="cm_id" featureValue="186_1" />
<feature featureName="date_year" featureValue="1996" />
<feature featureName="annotator" featureValue="R.H., V.M." /></Entity>
<Entity id="25" startPos="7914" endPos="7919" type="person" surface="Jared">
<feature featureName="cm_id" featureValue="0_1" />
<feature featureName="annotator" featureValue="R.H., V.M." /></Entity>
<Entity id="26" startPos="7987" endPos="7993" type="person" surface="Jeremy">
<feature featureName="cm_id" featureValue="73_2" />
<feature featureName="annotator" featureValue="R.H., V.M." /></Entity>
<Entity id="27" startPos="8357" endPos="8363" type="person" surface="Jeremy">
<feature featureName="cm_id" featureValue="67_2" />
<feature featureName="annotator" featureValue="R.H., V.M." /></Entity>
<Entity id="28" startPos="8410" endPos="8413" type="person" surface="Lyz">
<feature featureName="cm_id" featureValue="120_1" />
<feature featureName="annotator" featureValue="R.H., V.M." /></Entity>
<Entity id="29" startPos="8462" endPos="8477" type="person" surface="Tom Burnett Jr.">
<feature featureName="cm_id" featureValue="0_1" />
<feature featureName="annotator" featureValue="R.H., V.M." /></Entity>
<Entity id="30" startPos="8507" endPos="8512" type="person" surface="Deena">
<feature featureName="cm_id" featureValue="45_5" />
<feature featureName="annotator" featureValue="R.H., V.M." /></Entity>
<Entity id="31" startPos="8536" endPos="8542" type="person" surface="Halley">
<feature featureName="cm_id" featureValue="74_4" />
<feature featureName="annotator" featureValue="R.H., V.M." /></Entity>
<Entity id="32" startPos="8547" endPos="8554" type="person" surface="Madison">
<feature featureName="cm_id" featureValue="85_2" />
<feature featureName="annotator" featureValue="R.H., V.M." /></Entity>
<Entity id="33" startPos="8563" endPos="8567" type="person" surface="Anna">
<feature featureName="cm_id" featureValue="101_3" />
<feature featureName="annotator" featureValue="R.H., V.M." /></Entity>
<Entity id="34" startPos="8603" endPos="8606" type="person" surface="his">
<feature featureName="cm_id" featureValue="31_1" />
<feature featureName="annotator" featureValue="R.H., V.M." /></Entity>
<Entity id="35" startPos="8614" endPos="8618" type="person" surface="Mary">
<feature featureName="cm_id" featureValue="42_3" />
<feature featureName="annotator" featureValue="R.H., V.M." /></Entity>
<Entity id="36" startPos="9040" endPos="9043" type="person" surface="his">
<feature featureName="cm_id" featureValue="77_2" />
<feature featureName="annotator" featureValue="R.H., V.M." /></Entity>
<Entity id="37" startPos="9052" endPos="9059" type="person" surface="Beverly">
<feature featureName="cm_id" featureValue="89_3" />
<feature featureName="annotator" featureValue="R.H., V.M." /></Entity>
<Entity id="38" startPos="9106" endPos="9113" type="person" surface="Tom Sr.">
<feature featureName="cm_id" featureValue="143_1" />
<feature featureName="annotator" featureValue="R.H., V.M." /></Entity>
<Entity id="39" startPos="10081" endPos="10085" type="person" surface="Mark">
<feature featureName="cm_id" featureValue="1_1" />
<feature featureName="annotator" featureValue="R.H., V.M." /></Entity>
<Entity id="40" startPos="10174" endPos="10179" type="person" surface="Alice">
<feature featureName="cm_id" featureValue="94_2" />
<feature featureName="annotator" featureValue="R.H., V.M." /></Entity>
<Entity id="41" startPos="11385" endPos="11388" type="person" surface="his">
<feature featureName="cm_id" featureValue="30_3" />
<feature featureName="annotator" featureValue="R.H." /></Entity>
<Entity id="42" startPos="11398" endPos="11403" type="person" surface="Alice">
<feature featureName="cm_id" featureValue="43_1" />
<feature featureName="annotator" featureValue="R.H., V.M." /></Entity></Entities><Relations>
<Relation id="43" NAME="marriage">
<Entity id="0" label="person" />
<Entity id="1" label="person" />
<feature featureName="annotator" featureValue="R.H., V.M." />
<feature featureName="rm_id" featureValue="doc2_1547_1" />
</Relation>
<Relation id="44" NAME="marriage">
<Entity id="3" label="person" />
<Entity id="2" label="person" />
<feature featureName="annotator" featureValue="R.H., V.M." />
<feature featureName="rm_id" featureValue="doc2_2339_1" />
</Relation>
<Relation id="45" NAME="marriage">
<Entity id="4" label="person" />
<Entity id="5" label="person" />
<feature featureName="annotator" featureValue="R.H., V.M." />
<feature featureName="rm_id" featureValue="doc2_2911_1" />
</Relation>
<Relation id="46" NAME="sibling_relationship">
<Entity id="6" label="person" />
<Entity id="7" label="person" />
<feature featureName="annotator" featureValue="R.H., L.S." />
<feature featureName="rm_id" featureValue="doc2_3469_0_233" />
</Relation>
<Relation id="47" NAME="marriage">
<Entity id="8" label="person" />
<Entity id="9" label="person" />
<feature featureName="annotator" featureValue="R.H., V.M." />
<feature featureName="rm_id" featureValue="doc2_4079_1" />
</Relation>
<Relation id="48" NAME="person_parent">
<Entity id="10" label="person" />
<Entity id="11" label="parent" />
<feature featureName="annotator" featureValue="R.H., V.M." />
<feature featureName="rm_id" featureValue="doc2_4874_1" />
</Relation>
<Relation id="49" NAME="sibling_relationship">
<Entity id="12" label="person" />
<Entity id="13" label="person" />
<feature featureName="annotator" featureValue="V.M., L.S." />
<feature featureName="rm_id" featureValue="doc2_5264_0_216" />
</Relation>
<Relation id="50" NAME="person_parent">
<Entity id="14" label="person" />
<Entity id="15" label="parent" />
<feature featureName="annotator" featureValue="R.H., V.M." />
<feature featureName="rm_id" featureValue="doc2_5464_1" />
</Relation>
<Relation id="51" NAME="person_parent">
<Entity id="17" label="person" />
<Entity id="16" label="parent" />
<feature featureName="annotator" featureValue="R.H., L.S." />
<feature featureName="rm_id" featureValue="doc2_5627_0_227" />
</Relation>
<Relation id="52" NAME="person_parent">
<Entity id="19" label="person" />
<Entity id="18" label="parent" />
<feature featureName="annotator" featureValue="R.H., L.S." />
<feature featureName="rm_id" featureValue="doc2_5904_0_228" />
</Relation>
<Relation id="53" NAME="sibling_relationship">
<Entity id="20" label="person" />
<Entity id="21" label="person" />
<feature featureName="annotator" featureValue="V.M., L.S." />
<feature featureName="rm_id" featureValue="doc2_7155_0_217" />
</Relation>
<Relation id="54" NAME="marriage">
<Entity id="23" label="person" />
<Entity id="22" label="person" />
<Entity id="24" label="from" />
<feature featureName="annotator" featureValue="R.H., L.S." />
<feature featureName="rm_id" featureValue="doc2_7722_0_223" />
</Relation>
<Relation id="55" NAME="sibling_relationship">
<Entity id="25" label="person" />
<Entity id="26" label="person" />
<feature featureName="annotator" featureValue="R.H., L.S." />
<feature featureName="rm_id" featureValue="doc2_7914_0_234" />
</Relation>
<Relation id="56" NAME="marriage">
<Entity id="28" label="person" />
<Entity id="27" label="person" />
<feature featureName="annotator" featureValue="R.H., V.M." />
<feature featureName="rm_id" featureValue="doc2_8290_1" />
</Relation>
<Relation id="57" NAME="person_parent">
<Entity id="33" label="person" />
<Entity id="31" label="person" />
<Entity id="32" label="person" />
<Entity id="29" label="parent" />
<Entity id="30" label="parent" />
<feature featureName="annotator" featureValue="R.H., V.M." />
<feature featureName="rm_id" featureValue="doc2_8462_1" />
</Relation>
<Relation id="58" NAME="sibling_relationship">
<Entity id="33" label="person" />
<Entity id="31" label="person" />
<Entity id="32" label="person" />
<feature featureName="annotator" featureValue="R.H., L.S." />
<feature featureName="rm_id" featureValue="doc2_8462_0_235" />
</Relation>
<Relation id="59" NAME="sibling_relationship">
<Entity id="35" label="person" />
<Entity id="34" label="person" />
<feature featureName="annotator" featureValue="R.H., V.M." />
<feature featureName="rm_id" featureValue="doc2_8572_1" />
</Relation>
<Relation id="60" NAME="person_parent">
<Entity id="36" label="person" />
<Entity id="37" label="parent" />
<Entity id="38" label="parent" />
<feature featureName="annotator" featureValue="V.M., L.S." />
<feature featureName="rm_id" featureValue="doc2_8963_1_214" />
</Relation>
<Relation id="61" NAME="person_parent">
<Entity id="39" label="person" />
<Entity id="40" label="parent" />
<feature featureName="annotator" featureValue="R.H., V.M." />
<feature featureName="rm_id" featureValue="doc2_10080_1" />
</Relation>
<Relation id="62" NAME="person_parent">
<Entity id="41" label="person" />
<Entity id="42" label="parent" />
<feature featureName="annotator" featureValue="R.H., L.S." />
<feature featureName="rm_id" featureValue="doc2_11355_0_232" />
</Relation></Relations>
</Document>
