<?xml version="1.0" encoding="UTF-8"?>
<Document>
<TEXT>Gwyneth Paltrow and Apple Blythe Alison, 4 months

"Pomme" is one of Paltrow's nicknames for her daughter. (It means "Apple" in French.)

Forget the first smile (though they are heart-melting). The real milestones in a new mother's life are: (1) Getting back into skinny jeans; and (2) Leaving the kid with a sitter for the first time. By returning to her yoga mat—which <NODE id="371" />she<NODE id="374" /> had used throughout the pregnancy, alongside supportive husband <NODE id="439" />Chris Martin<NODE id="451" />—<NODE id="452" />Paltrow<NODE id="459" />, 31, turned up scarcely a month after Apple's May 14 birth in a pair of slender Seven jeans. (Recently, Martin, 27, dropped the wife off at an East Hampton, N.Y., yoga studio to down-dog it alone.) Though she now jokes that "blush and a girdle" explain her enviable appearance just days after a 70-hour labor, she allows that losing the 35 lbs. she put on was "tough." Tougher still for Paltrow is leaving her golden, delicious Apple at home. Their daughter was 5 weeks old before Paltrow and Martin entrusted her with a nonrelative—"a very sweet lady," she told PEOPLE on the June night <NODE id="1048" />she<NODE id="1051" /> and mom <NODE id="1060" />Blythe Danner<NODE id="1073" /> went to an awards ceremony in L.A. These days awards mean little to her. "I've done everything careerwise that I wanted to," says the Oscar winner. "Now I have the luxury to fully dive into this domestic bliss." And going out is getting a little easier. On Aug. 29 she happily presented at the MTV Video Music Awards (page 68).

Daddy Duty: Martin "sings to her all the time," says Paltrow. "Lullabies. Joke songs. She loves his music. I played it a lot while she was in my belly."

Brooke Shields and Rowan Frances, 16 months

Rowan's favorite bedtime books: Ten Little Ladybugs and Pat the Bunny

"I know every mother says the same thing," says Shields, 39, apologetically. "But I think she's the most beautiful baby in the world. Sometimes I look at her and I'm not sure I bargained to love that much. Did really need to feel this much love?" Though she and <NODE id="1935" />her<NODE id="1938" /> TV writer husband, <NODE id="1958" />Chris Henchy<NODE id="1970" />, 40, doted on <NODE id="1985" />Rowan<NODE id="1990" /> after her May 15 arrival last year, <NODE id="2027" />Shields<NODE id="2034" /> felt another thing she hadn't counted on: postpartum depression. Since confronting the problem, the actress is writing a book, to be published next year, called Down Came the Rain: My Journey Through Postpartum Depression. Even in those early months, however, Shields could good-naturedly tease Henchy about their unequal division of labor. "I heard someone ask Chris if Rowan was sleeping through the night, and he said, 'Yeah, she's great.' I looked at him and said, 'Whose house are you in?' He said, 'Wait. That's me. I slept through the night.' " Despite the dark days, and the rough time she initially had getting pregnant (Shields suffered a miscarriage and made six attempts at in vitro fertilization), she remains an optimist. "I really want to have other children," she says. "A sibling is a bonus for a kid. If I can provide that, I would love it."

Back to work: Later this month Shields will step into the lead of the musical Wonderful Town on Broadway.

Denise Richards and Sam, 6 months

Shedding <NODE id="3047" />her<NODE id="3050" /> pregnancy weight was easy: four weekly hour-long cardio-weight workouts starting six weeks after daughter <NODE id="3157" />Sam<NODE id="3160" /> was born on March 9 did the trick. But shedding the guilt she felt about her decision to stop nursing at six weeks was another matter. "Breast-feeding was exhausting," says <NODE id="3334" />Richards<NODE id="3342" />, 33, wife of Two and a Half Men star <NODE id="3380" />Charlie Sheen<NODE id="3393" />. "I'm glad I did it. I just really started to feel like myself and had more energy when I stopped." Energy she can use for new hobbies such as Mommy and Me classes and, once a week, Daddy and Me time. "Charlie and I used to laugh when people would say they have a 'date night.' Now we get it," says Richards, who adds that the real change is mental: "We have moments where she's sleeping in her crib and we're like, 'Oh my God, there's another person in our house, and she's not leaving!' "

Body After Baby: She did a Playboy shoot in August. "It was weird," she says. "I was like, 'I'm a mom now.' "

Peri Gilpin and twins <NODE id="4019" />Stella<NODE id="4025" /> and <NODE id="4030" />Ava<NODE id="4033" />, 4 months

"I still pinch myself," says Peri Gilpin, 43, of being a mother. "When they are in their car seats, I'll say, 'There are little people back there!' " The Frasier star and husband <NODE id="4224" />Christian Vincent<NODE id="4241" />, 38, an artist, had tried since <NODE id="4274" />she<NODE id="4277" /> was 36 to get pregnant. "It was hard on us as a couple," she says of years of failed in vitro treatments. After turning to a surrogate, they became parents to fraternal twin girls on May 7. Then the real fun started. Unlike her "mellow, happy" sister, Ava was initially a colicky infant. "She would sometimes cry from 2 p.m. to 9 p.m.," says Gilpin. Now, "Ava is a perfect baby. They both are." Not that every day is perfection. Gilpin paints this recent picture: "The girls have colds, my husband threw his back out, and I had food poisoning. He's trying to get me to eat, I'm putting Bengay on his back, and we're trying to give the babies medicine." She adds with a laugh, "Finally—that family weekend we've dreamed of!"

Marriage Monitor: "We're a good team," says Gilpin. "We've seen each other's threshold of patience. We're war buddies."

Debra Messing and Roman, 5 months

On the advice of her doctors, Messing didn't start working out—doing some Pilates, yoga and walking—until July.

For the first 2½ months after <NODE id="5302" />Roman<NODE id="5307" /> was born on April 7, "<NODE id="5330" />I<NODE id="5331" /> did nothing but breast-feed and spend day and night gazing into my son's eyes." Messing, 36, says. Holed up at home in L.A. with her guys—Roman and <NODE id="5480" />her<NODE id="5483" /> actor-writer husband, <NODE id="5506" />Daniel Zelman<NODE id="5519" />, 37—she "just thoroughly enjoyed being a full-time mom." Still, she was not entirely unhappy when Will &amp; Grace began shooting on Aug. 4. (Last season she missed several episodes because of bed rest.) She likes, as she put it, "the consistency of...working every week." So, it seems, does Roman. Messing is having the dressing room next to hers turned into a nursery, and while she's on-camera, he stays backstage and gets "lots of attention," says Janet Jackson, who guest stars on the Sept. 23 episode. "He is adorable and has these great big eyes." No need to tell Mom. "I'm madly in love," she says, "and the adventure has just begun."

Body After Baby: "I'm trying not to stress about [losing weight]," said Messing, who credits her slim figure to breast-feeding.

Heidi Klum and Leni, 4 months

The only thing the German model misses about life before Leni is the food her mother made her during her pregnancy. As Klum, 31, wistfully recalls, "Sauerkraut soup. Schnitzel. Things I grew up with." What she doesn't miss? Traveling from New York to London to Miami on a typical week. Says a friend of Klum's new nesting at home in Manhattan; "She doesn't want to disrupt the baby's schedule." Still breast-feeding, Klum rarely leaves Leni's side for more than a few hours—enough time to fit in her near-daily 60-minute workouts (which, along with a high-protein, low-fat diet, helped her lose 30 lbs.) as well as down-time with her beau, singer-songwriter-diaper-changer Seal. (She split from <NODE id="7015" />Leni<NODE id="7019" />'s father, racing tycoon <NODE id="7044" />Flavio Briatore<NODE id="7059" />, in January.) "People say, 'Oh, [with a newborn] you're in pain and you're tired and you can't have sex and everything is miserable," she says. "For me...it's the opposite. I guess I am lucky."

Back to Work: Klum is a producer and host of the Bravo reality TV show Project Runway, which airs in November.

Courteney Cox Arquette and Coco, 3 months

Caring for a newborn may knock the wind out of some new moms, but probably not Cox. Worst case scenario: The usual demands of feedings and diaper changes may have slowed the pace with which she rearranges the furniture in the $4.5 million. Hollywood Hills home <NODE id="7671" />she<NODE id="7674" /> and husband <NODE id="7687" />David Arquette<NODE id="7701" />, 32, share with Coco. "She's got tons of nieces and nephews, and David has tons of nieces and nephews," says Friends executive producer David Crane. "They've been sort of surrogate parents for years now. I don't think there are any surprises," Little wonder that since Coco was born on June 13 (a week early), Cox, 40, has found time not just to continue coproducing the cable TV show Mix It Up with Arquette but to begin work on an as yet unnamed HBO show with Nick Cassavetes that she will both produce and star in. The ever-energetic star "is enjoying motherhood and her new production company," says a source close to her. Notes Crane: "She is an amazing trouper."

Daddy Duty: Make the gals laugh. "He's a kid himself in a lot of really good ways," says Crane.

Cheryl Hines and Catherine Rose, 6 months

"People say, 'Everything you know is going to change,' so we were bracing for the worst," says Curb Your Enthusiasm's Cheryl Hines, 38, taking a cue from überpessimist costar Larry David. After Catherine's easy birth on March 8 ("totally had the epidural...pushed for 15 minutes"), Hines got a pleasant shock: "It's much less of a sacrifice than I thought it would be." <NODE id="8882" />She<NODE id="8885" /> and husband <NODE id="8898" />Paul Young<NODE id="8908" />, a manager-producer, did give up regular movie and cocktail outings, but that was "stuff we were done doing anyway." It also helped that <NODE id="9046" />Hines<NODE id="9051" />'s mom, <NODE id="9059" />Rosemary Harbolt<NODE id="9075" />, spent the first month living with the new parents ("Paul almost cried when she left!") and that her personal assistant is now her nanny. There is one hitch: "Curb is no place for babies," says Hines, who returns to the show in January. "We share a trailer. There's barely room for the chairs Larry and I fight over—much less a crib."

Balancing Act: "It makes me happy to work," says Hines, who has shot three films postpartum and has two more lined up. "And it makes me a better mother to be a happy person."

Charlotte Ross and Maxwell, 5 months

"I can't tell you how many days I used to spend looking out of the window of my trailers waiting for the day I had a family," says Ross, 36. The NYPD Blue star worked until her eighth month (until she left the series), then spent 15 hours in labor before undergoing a C-section on March 23. "I'm a driven person, used to scheduling my life to the minute," says Ross. "Having a baby shakes that up." At home in Los Angeles with <NODE id="10053" />her<NODE id="10056" /> manager husband, <NODE id="10074" />Michael Goldman<NODE id="10089" />, 37, she has no project lined up for the first time in her career—and feels "really happy," she says. "I've discovered there is nothing wrong with living a little slower."

Body After Baby: To help lose about 45 lbs., Ross does Pilates and Tae Bo every day.

Kate Hudson and Ryder Russell, 9 months

Ryder used to wiggle in utero to Dad's song "Ride." The name is a tribute to that tune and the Grateful Dead's "I Know You, Rider."

"It's the most incredible thing," says Hudson of parenthood. "But nobody ever tells you how hard it's gonna be." Recently, <NODE id="10646" />Hudson<NODE id="10652" />, 25, husband <NODE id="10666" />Chris Robinson<NODE id="10680" />, 37, and son <NODE id="10694" />Ryder<NODE id="10699" /> enjoyed a well-deserved vacation. Not only had she just finished her first postbaby film shoot, a New Orleans thriller called Skeleton Key, she had been working diligently since Ryder's Jan. 7 arrival to drop the 60 (yes, 60) lbs. she put on while carrying him. "I did lose the weight pretty fast," says Hudson, who relied on a 1,500-calorie-a-day diet and three-hour daily workouts. It helped that she was nursing Ryder in her trailer, but dieting in the Big Easy wasn't easy. Hudson and Robinson enjoyed crawfish, stuffed crab and cold beers. But Key's physically demanding role provided its own exercise. "[I was] climbing up two-story trellises and running in the mud and knocking myself on crashing cars," she says.

Marriage Monitor: "We're sharing something so gigantic now," says Hudson of parenthood. "I think it's the best we've ever felt being together."

Jill Hennessy and Marco, 1 year

"Becoming a parent was always very intimidating to me," says Hennessy, 35. "I had this idea that it was such a daunting task." Since Marco was born Sept. 17, 2003, she has learned she was right. After three exhausting and "really very difficult" months, she says, she returned to 12-hour days on the L.A. set of Crossing Jordan—with Marco. "It worked out better than I thought," she says. "He loves coming to work." And spending time with <NODE id="12039" />his<NODE id="12042" /> pop, actor <NODE id="12054" />Paolo Mastropietro<NODE id="12072" />, 40. "He is instinctively a great dad," says Hennessy. "He has no inhibitions with a baby." Hers lessen all the time, evidenced, in part, by the sight of her chasing toy cars with her kid. "I'm finding that I'm laughing more than I ever have," she says. "Having a child unifies everything for me."

Body After Baby: No trainer needed. "I run and bike and do sit-ups and push-ups at home."

Written by Allison Adato and Karen Schneider. Reported by Rachel Biermann, Amy Bonawitz, Maureen Harrington, Julie Jordan, Marisa Laudadio, Kwala Mandel and Vicki Sheff-Cahan in Los Angeles and KC Baker, Sharon Cotliar and Amy Longsdorf in New York City</TEXT>
<Meta /><Entities>
<Entity id="0" startPos="371" endPos="374" type="person" surface="she">
<feature featureName="cm_id" featureValue="35_3" />
<feature featureName="annotator" featureValue="R.H." /></Entity>
<Entity id="1" startPos="439" endPos="451" type="person" surface="Chris Martin">
<feature featureName="cm_id" featureValue="103_1" />
<feature featureName="annotator" featureValue="R.H., V.M." /></Entity>
<Entity id="2" startPos="452" endPos="459" type="person" surface="Paltrow">
<feature featureName="cm_id" featureValue="116_2" />
<feature featureName="annotator" featureValue="R.H., V.M." /></Entity>
<Entity id="3" startPos="1048" endPos="1051" type="person" surface="she">
<feature featureName="cm_id" featureValue="145_4" />
<feature featureName="annotator" featureValue="R.H." /></Entity>
<Entity id="4" startPos="1060" endPos="1073" type="person" surface="Blythe Danner">
<feature featureName="cm_id" featureValue="157_1" />
<feature featureName="annotator" featureValue="R.H., V.M." /></Entity>
<Entity id="5" startPos="1935" endPos="1938" type="person" surface="her">
<feature featureName="cm_id" featureValue="15_3" />
<feature featureName="annotator" featureValue="R.H., V.M." /></Entity>
<Entity id="6" startPos="1958" endPos="1970" type="person" surface="Chris Henchy">
<feature featureName="cm_id" featureValue="38_2" />
<feature featureName="annotator" featureValue="R.H., V.M." /></Entity>
<Entity id="7" startPos="1985" endPos="1990" type="person" surface="Rowan">
<feature featureName="cm_id" featureValue="65_4" />
<feature featureName="annotator" featureValue="R.H., V.M." /></Entity>
<Entity id="8" startPos="2027" endPos="2034" type="person" surface="Shields">
<feature featureName="cm_id" featureValue="107_1" />
<feature featureName="annotator" featureValue="R.H., V.M." /></Entity>
<Entity id="9" startPos="3047" endPos="3050" type="person" surface="her">
<feature featureName="cm_id" featureValue="9_2" />
<feature featureName="annotator" featureValue="R.H., V.M." /></Entity>
<Entity id="10" startPos="3157" endPos="3160" type="person" surface="Sam">
<feature featureName="cm_id" featureValue="119_1" />
<feature featureName="annotator" featureValue="R.H., V.M." /></Entity>
<Entity id="11" startPos="3334" endPos="3342" type="person" surface="Richards">
<feature featureName="cm_id" featureValue="38_2" />
<feature featureName="annotator" featureValue="R.H., V.M." /></Entity>
<Entity id="12" startPos="3380" endPos="3393" type="person" surface="Charlie Sheen">
<feature featureName="cm_id" featureValue="84_1" />
<feature featureName="annotator" featureValue="R.H., V.M." /></Entity>
<Entity id="13" startPos="4019" endPos="4025" type="person" surface="Stella">
<feature featureName="cm_id" featureValue="22_1" />
<feature featureName="annotator" featureValue="R.H., V.M." /></Entity>
<Entity id="14" startPos="4030" endPos="4033" type="person" surface="Ava">
<feature featureName="cm_id" featureValue="33_2" />
<feature featureName="annotator" featureValue="R.H., V.M." /></Entity>
<Entity id="15" startPos="4224" endPos="4241" type="person" surface="Christian Vincent">
<feature featureName="cm_id" featureValue="29_1" />
<feature featureName="annotator" featureValue="R.H., V.M." /></Entity>
<Entity id="16" startPos="4274" endPos="4277" type="person" surface="she">
<feature featureName="cm_id" featureValue="79_2" />
<feature featureName="annotator" featureValue="R.H., V.M." /></Entity>
<Entity id="17" startPos="5302" endPos="5307" type="person" surface="Roman">
<feature featureName="cm_id" featureValue="30_2" />
<feature featureName="annotator" featureValue="V.M." /></Entity>
<Entity id="18" startPos="5330" endPos="5331" type="person" surface="I">
<feature featureName="cm_id" featureValue="58_1" />
<feature featureName="annotator" featureValue="V.M." /></Entity>
<Entity id="19" startPos="5480" endPos="5483" type="person" surface="her">
<feature featureName="cm_id" featureValue="49_1" />
<feature featureName="annotator" featureValue="R.H., V.M." /></Entity>
<Entity id="20" startPos="5506" endPos="5519" type="person" surface="Daniel Zelman">
<feature featureName="cm_id" featureValue="75_2" />
<feature featureName="annotator" featureValue="R.H., V.M." /></Entity>
<Entity id="21" startPos="7015" endPos="7019" type="person" surface="Leni">
<feature featureName="cm_id" featureValue="16_2" />
<feature featureName="annotator" featureValue="R.H., V.M." /></Entity>
<Entity id="22" startPos="7044" endPos="7059" type="person" surface="Flavio Briatore">
<feature featureName="cm_id" featureValue="45_3" />
<feature featureName="annotator" featureValue="R.H., V.M." /></Entity>
<Entity id="23" startPos="7671" endPos="7674" type="person" surface="she">
<feature featureName="cm_id" featureValue="21_2" />
<feature featureName="annotator" featureValue="R.H., V.M." /></Entity>
<Entity id="24" startPos="7687" endPos="7701" type="person" surface="David Arquette">
<feature featureName="cm_id" featureValue="37_1" />
<feature featureName="annotator" featureValue="R.H., V.M." /></Entity>
<Entity id="25" startPos="8882" endPos="8885" type="person" surface="She">
<feature featureName="cm_id" featureValue="0_1" />
<feature featureName="annotator" featureValue="R.H., V.M." /></Entity>
<Entity id="26" startPos="8898" endPos="8908" type="person" surface="Paul Young">
<feature featureName="cm_id" featureValue="16_2" />
<feature featureName="annotator" featureValue="R.H., V.M." /></Entity>
<Entity id="27" startPos="9046" endPos="9051" type="person" surface="Hines">
<feature featureName="cm_id" featureValue="20_1" />
<feature featureName="annotator" featureValue="R.H., V.M." /></Entity>
<Entity id="28" startPos="9059" endPos="9075" type="person" surface="Rosemary Harbolt">
<feature featureName="cm_id" featureValue="33_2" />
<feature featureName="annotator" featureValue="R.H., V.M." /></Entity>
<Entity id="29" startPos="10053" endPos="10056" type="person" surface="her">
<feature featureName="cm_id" featureValue="28_2" />
<feature featureName="annotator" featureValue="R.H., V.M." /></Entity>
<Entity id="30" startPos="10074" endPos="10089" type="person" surface="Michael Goldman">
<feature featureName="cm_id" featureValue="49_1" />
<feature featureName="annotator" featureValue="R.H., V.M." /></Entity>
<Entity id="31" startPos="10646" endPos="10652" type="person" surface="Hudson">
<feature featureName="cm_id" featureValue="10_2" />
<feature featureName="annotator" featureValue="R.H., V.M." /></Entity>
<Entity id="32" startPos="10666" endPos="10680" type="person" surface="Chris Robinson">
<feature featureName="cm_id" featureValue="30_3" />
<feature featureName="annotator" featureValue="R.H., V.M." /></Entity>
<Entity id="33" startPos="10694" endPos="10699" type="person" surface="Ryder">
<feature featureName="cm_id" featureValue="58_1" />
<feature featureName="annotator" featureValue="R.H., V.M." /></Entity>
<Entity id="34" startPos="12039" endPos="12042" type="person" surface="his">
<feature featureName="cm_id" featureValue="23_1" />
<feature featureName="annotator" featureValue="R.H., V.M." /></Entity>
<Entity id="35" startPos="12054" endPos="12072" type="person" surface="Paolo Mastropietro">
<feature featureName="cm_id" featureValue="38_2" />
<feature featureName="annotator" featureValue="R.H., V.M." /></Entity></Entities><Relations>
<Relation id="36" NAME="marriage">
<Entity id="0" label="person" />
<Entity id="1" label="person" />
<feature featureName="annotator" featureValue="R.H., L.S." />
<feature featureName="rm_id" featureValue="doc23_336_0_194" />
</Relation>
<Relation id="37" NAME="marriage">
<Entity id="2" label="person" />
<Entity id="1" label="person" />
<feature featureName="annotator" featureValue="V.M., L.S." />
<feature featureName="rm_id" featureValue="doc23_336_1_181" />
</Relation>
<Relation id="38" NAME="person_parent">
<Entity id="3" label="person" />
<Entity id="4" label="parent" />
<feature featureName="annotator" featureValue="R.H., L.S." />
<feature featureName="rm_id" featureValue="doc23_903_0_203" />
</Relation>
<Relation id="39" NAME="marriage">
<Entity id="5" label="person" />
<Entity id="6" label="person" />
<feature featureName="annotator" featureValue="R.H., V.M." />
<feature featureName="rm_id" featureValue="doc23_1920_1" />
</Relation>
<Relation id="40" NAME="person_parent">
<Entity id="7" label="person" />
<Entity id="8" label="parent" />
<feature featureName="annotator" featureValue="V.M., L.S." />
<feature featureName="rm_id" featureValue="doc23_1920_0_190" />
</Relation>
<Relation id="41" NAME="person_parent">
<Entity id="10" label="person" />
<Entity id="9" label="parent" />
<feature featureName="annotator" featureValue="R.H., V.M." />
<feature featureName="rm_id" featureValue="doc23_3038_1" />
</Relation>
<Relation id="42" NAME="marriage">
<Entity id="11" label="person" />
<Entity id="12" label="person" />
<feature featureName="annotator" featureValue="R.H., V.M." />
<feature featureName="rm_id" featureValue="doc23_3296_1" />
</Relation>
<Relation id="43" NAME="sibling_relationship">
<Entity id="14" label="person" />
<Entity id="13" label="person" />
<feature featureName="annotator" featureValue="R.H., L.S." />
<feature featureName="rm_id" featureValue="doc23_3997_0_208" />
</Relation>
<Relation id="44" NAME="marriage">
<Entity id="16" label="person" />
<Entity id="15" label="person" />
<feature featureName="annotator" featureValue="R.H., V.M." />
<feature featureName="rm_id" featureValue="doc23_4195_1" />
</Relation>
<Relation id="45" NAME="person_parent">
<Entity id="17" label="person" />
<Entity id="18" label="parent" />
<feature featureName="annotator" featureValue="V.M., L.S." />
<feature featureName="rm_id" featureValue="doc23_5272_0_192" />
</Relation>
<Relation id="46" NAME="marriage">
<Entity id="19" label="person" />
<Entity id="20" label="person" />
<feature featureName="annotator" featureValue="R.H., V.M." />
<feature featureName="rm_id" featureValue="doc23_5431_1" />
</Relation>
<Relation id="47" NAME="person_parent">
<Entity id="21" label="person" />
<Entity id="22" label="parent" />
<feature featureName="annotator" featureValue="R.H., V.M." />
<feature featureName="rm_id" featureValue="doc23_6999_1" />
</Relation>
<Relation id="48" NAME="marriage">
<Entity id="24" label="person" />
<Entity id="23" label="person" />
<feature featureName="annotator" featureValue="R.H., V.M." />
<feature featureName="rm_id" featureValue="doc23_7650_1" />
</Relation>
<Relation id="49" NAME="marriage">
<Entity id="25" label="person" />
<Entity id="26" label="person" />
<feature featureName="annotator" featureValue="R.H., V.M." />
<feature featureName="rm_id" featureValue="doc23_8882_1" />
</Relation>
<Relation id="50" NAME="person_parent">
<Entity id="27" label="person" />
<Entity id="28" label="parent" />
<feature featureName="annotator" featureValue="R.H., V.M." />
<feature featureName="rm_id" featureValue="doc23_9026_1" />
</Relation>
<Relation id="51" NAME="marriage">
<Entity id="29" label="person" />
<Entity id="30" label="person" />
<feature featureName="annotator" featureValue="R.H., V.M." />
<feature featureName="rm_id" featureValue="doc23_10025_1" />
</Relation>
<Relation id="52" NAME="person_parent">
<Entity id="33" label="person" />
<Entity id="31" label="parent" />
<Entity id="32" label="parent" />
<feature featureName="annotator" featureValue="R.H., V.M." />
<feature featureName="rm_id" featureValue="doc23_10636_1" />
</Relation>
<Relation id="53" NAME="marriage">
<Entity id="31" label="person" />
<Entity id="32" label="person" />
<feature featureName="annotator" featureValue="R.H., V.M." />
<feature featureName="rm_id" featureValue="doc23_10636_2" />
</Relation>
<Relation id="54" NAME="person_parent">
<Entity id="34" label="person" />
<Entity id="35" label="parent" />
<feature featureName="annotator" featureValue="V.M., L.S." />
<feature featureName="rm_id" featureValue="doc23_12016_0_196" />
</Relation></Relations>
</Document>
