<?xml version="1.0" encoding="UTF-8"?>
<Document>
<TEXT>Stop for a moment and listen carefully in any mall and you can hear the distinctive warble of the adolescent daughter: "Mom, you are so embarrassing!" Sound familiar? It does to Cheryl Ladd. "If I went to Jordan's school, she would say, 'Can't you just look like the other moms?' " Ladd recalls of her daughter, now 26. "So I would wear no makeup and casual clothes. Then she would say, 'Well, everybody said you didn't look like Cheryl Ladd.' " The attitude is part of a jarring transformation from sublime to contentious. "You have this child who had been loving and you adore, who all of a sudden is screaming, 'I hate you, Mother! You've ruined my life!' " says <NODE id="666" />Cybill Shepherd<NODE id="681" />, whose daughter <NODE id="698" />Clementine<NODE id="708" /> is 21.

Thankfully, though, teenage girls grow up. Once the tempest of adolescence has passed, "it's like a butterfly coming out of a chrysalis," says <NODE id="860" />Jane Seymour<NODE id="872" />, who has found peace with daughters <NODE id="909" />Jennifer<NODE id="917" />, 21, and <NODE id="927" />Katie Flynn<NODE id="938" />, 19. As the celebrity moms on the following pages can attest, the rewards of raising a daughter can be as profound as discovering that she is your new best friend—or as simple as extending your wardrobe. "She has such great taste and style," Alana Stewart says of Kimberly, 21, "that now I borrow her things."

Goldie Hawn and Kate Hudson

She revels in the lavish perks of celebrity—the clubs, the clothes, the best restaurants. But last fall, just as her role as groupie Penny Lane in Almost Famous was making her truly famous, Kate Hudson revealed her more familial tastes. She took then-fiancé Chris Robinson, 34, lead singer of the Black Crowes and a Georgia native, to Mom's house for a home-cooked meal. "She comes from a southern family too," Hudson says of <NODE id="1705" />her<NODE id="1708" /> mother, <NODE id="1717" />Goldie Hawn<NODE id="1728" />. "She's like, 'I'll make you chicken and dumplings,' and she's walking around the house barefoot, with flour everywhere. And we all cooked with her. That's family. This is my passion."

A passion passed down. "My mom's a wonderful movie star," says <NODE id="1978" />Hudson<NODE id="1984" />, 22, whose father is <NODE id="2006" />Bill Hudson<NODE id="2017" /> of the '70s comedy trio the Hudson Brothers. "But that's not who she is at all. She didn't bring that home." Instead, Hawn, 55, who has lived with actor Kurt Russell, 50, for 18 years (Hudson calls him Pa), tried to minimize the disruption of fame on her family life. She tried never to spend more than two weeks away from <NODE id="2341" />her<NODE id="2344" /> children (<NODE id="2355" />Hudson<NODE id="2361" />'s brother <NODE id="2372" />Oliver<NODE id="2378" />, now 24; <NODE id="2388" />Wyatt<NODE id="2393" />, 14, <NODE id="2399" />Hawn<NODE id="2403" />'s son with <NODE id="2415" />Russell<NODE id="2422" />; and <NODE id="2428" />Boston<NODE id="2434" />, 21, <NODE id="2440" />Russell<NODE id="2447" />'s son with actress <NODE id="2467" />Season Hubley<NODE id="2480" />). She also forbade Hudson to quit high school for acting.

But Private Benjamin was hardly a drill sergeant. In addition to the obvious similarities—those wide-set eyes and thick blonde manes—mother and daughter are free spirits. "I was 15, and I remember my mother going, 'Honey, have you already had sex?' " Hudson once told Details magazine. "When I said yes—that I'd already lost my virginity to a boy I was just mad for—she was supportive." Indeed, Hawn encouraged her daughter to make her own choices—and mistakes. In a 1999 interview with PEOPLE, Hudson recalled begging her mom for a perm, only to be warned, " 'Honey, you'll ruin your hair.' So I got a perm—and I ruined my hair."

Lately Hudson has made very few missteps. After graduating in 1997 from Crossroads, a Santa Monica performing arts school, she landed roles in a few small films before Famous, for which she earned a Golden Globe Award and an Oscar nomination. Last year was a big one for her personal life as well. <NODE id="3470" />She<NODE id="3473" /> and <NODE id="3478" />Robinson<NODE id="3486" />, who share a Manhattan apartment, wed on <NODE id="3528" />Dec. 31<NODE id="3535" />. Hawn and Russell wept at the nuptials in Old Snowmass, Colo. Hawn's new son-in-law may sound like a mother's worst nightmare—a longtime proponent of using alcohol and drugs to enhance creativity, Robinson ended his first marriage in 1997 after just one year. But Hawn insists, "I really love Chris. He's loving, funny, smart and a family man. I'll take him." Besides, marriage hasn't exactly taken her daughter away: "We talk every day," says Hawn. "We love hanging out."

Clearly, Hudson, currently starring as an Irish waitress in the romantic comedy About Adam, has emerged as an actress in her own right. Still, inevitably, she is compared to Hawn. ("When she smiles," notes actress Sharon Lawrence, her costar in last year's thriller Gossip, "you see a lot of her mom in her.") "To me, it is an honor," Hudson has said. "She is the epitome of beauty: She's beautiful aesthetically, but she is a beautiful mother too.

Jaclyn Smith and Spencer Margaret Richmond

Her daughter may have turned 15, but Jaclyn Smith is the one experiencing growing pains. "I loved every stage of motherhood," the former Charlie's Angel says wistfully. "The little baby thing where you get up early, hold them and feed them, and put them to sleep rocking them in your arms. I went to the park the other day and saw a stroller and got a pang."

Rearing a teenager has its own joys, but also its sore points. "Boys are calling, but she's not really dating yet," says Smith, 55, who often finds herself at odds with Spencer Margaret over what movies she can watch. "I wish she'd see My Dog Skip over and over for the rest of her life, but she's making more of her own decisions now, and I have to let her." Despite such struggles, mother and daughter spend hours together shopping, baking cookies at their Holmby Hills, Calif., home and surprising one another with affectionate notes and cards hidden under pillows or in lunch boxes. "At Easter, Spencer Margaret wouldn't hear of not dyeing eggs, even though she's so busy with her friends," says Smith. "So there we were in the kitchen arguing and laughing over which was the prettiest. She's not too old for those kinds of family moments."

In fact, they are so close it's sometimes hard to tell who's the parent. Years after her <NODE id="5799" />1989<NODE id="5803" /> divorce from <NODE id="5817" />her<NODE id="5820" /> third husband, cinematographer <NODE id="5852" />Anthony Richmond<NODE id="5868" /> (father to both <NODE id="5885" />Spencer Margaret<NODE id="5901" /> and <NODE id="5906" />Smith<NODE id="5911" />'s son <NODE id="5918" />Gaston<NODE id="5924" />, 19), Smith mentioned how difficult the split must have been for Spencer Margaret, only to have the tables turned. "She turns to me and goes, 'Mom, it just wasn't meant to be. I want you to be fine with it because I'm okay,' " Smith recalls. Still, the last thing she wants is for her daughter to grow up too fast—especially in her own dealings with the opposite sex. "No boys are coming to pick her up and go out alone," she says. "There's plenty of time for that."

Jill Eikenberry and Alison Tucker

The former L.A. Law star has always felt a bit guilty about raising <NODE id="6496" />her<NODE id="6499" /> stepdaughter <NODE id="6513" />Alison Tucker<NODE id="6526" /> before she found success. "I was a young, ambitious New York [stage] actress," says <NODE id="6611" />Eikenberry<NODE id="6621" />, 54, who married fellow Law star <NODE id="6655" />Michael Tucker<NODE id="6669" />, 56, when his daughter was 4. (Alison was raised by Tucker and Eikenberry but still sees her biological mom once a year.) "I felt like I put Alison in a backpack and took her everywhere." The backpackee had no objections. "I was so lucky they didn't have enough money to get a babysitter," says Alison, 31, a Los Angeles actress and gift-basket maker. "I got to see everything."

Each also overcame adversity. At 13, Alison was hit by a car and spent two months in a hospital. Then Jill battled breast cancer. "We tended not to talk about it because we were so scared," Eikenberry says. "Later she told me that she was afraid to hug me—she was afraid she'd hurt me somehow." These days Alison and her stepmom (who has a son, <NODE id="7395" />Max<NODE id="7398" />, 19, with <NODE id="7409" />Tucker<NODE id="7415" />) do a lot more talking. Her advice? "She says, 'Follow your heart, follow your passion,' " says Alison. "Cheesy mom stuff."

Cheryl Ladd, Jordan Ladd and Lindsay Russell

As a shiny-tressed crime fighter on Charlie's Angels, Cheryl Ladd wrangled scores of low-life baddies. Considerably tougher, she says, was managing <NODE id="7735" />her<NODE id="7738" /> daughter <NODE id="7748" />Jordan<NODE id="7754" />, 26, and stepdaughter <NODE id="7777" />Lindsay<NODE id="7784" />, 24, through adolescence. Unlike sons, says Ladd, "everything is huge with a teenage girl. There's no middle ground, no water off a duck's back."

Ladd, 49, and Jordan were able to draw upon past tensions when they costarred as a mother and her rebellious teenage daughter in the 1998 TV movie Every Mother's Worst Fear. "Our scenes together were great," says <NODE id="8145" />Jordan<NODE id="8151" />, an actress whose father is <NODE id="8180" />Ladd<NODE id="8184" />'s first husband, <NODE id="8202" />David Ladd<NODE id="8212" />, 54. "We just reverted to our old relationship." Which is to say bickering about curfews and permission to throw parties. Ladd says that when things got tense between her and the girls, she would call in reinforcement from <NODE id="8436" />Brian Russell<NODE id="8449" />, 57, <NODE id="8455" />her<NODE id="8458" /> husband of 20 years, a musician and <NODE id="8495" />Lindsay<NODE id="8502" />'s dad. "If I had to put my foot down, he was right behind me," she says. "Having that involved a father, I can't tell you how important it was." Adds Lindsay, a budding musician who calls her petite stepmom Fifi: "She and my dad worked as a team. There was unity in their decisions about us." Ladd says that unity now extends across their whole "truly loving family." Sums up the ex-Angel, who recently headlined Broadway's Annie Get Your Gun: "We're all just so crazy about each other."

Bette Midler and <NODE id="9009" />Sophie "Bette<NODE id="9022" />," says her pal, composer Marc Shaiman, "absolutely loves being <NODE id="9086" />Sophie<NODE id="9092" />'s mom and best friend." In that order. When it comes to raising Sophie, 14, <NODE id="9169" />Midler<NODE id="9175" />, 55, and stock trader husband <NODE id="9206" />Martin von Haselberg<NODE id="9226" />, 52, tolerate no nonsense. "There are some things that are completely off the table," she told Good Housekeeping last fall. "Really terrible language. And drugs. Sex before you're ready for it." Add sulking to that list. "Sophie is entering the sullen years," Midler told Ladies Home Journal, "so there is a lot of wiggle-waggle face-pulling and singing of stupid songs." Other tonics for the teen blues: cooking together, shopping and an occasional PG-rated night out. At a recent Beck concert in New York City, Midler scored Sophie a backstage meeting with her idol and shared a giddy scream with her on the ride home. "That," says Shaiman, "is when it's fun to have Bette as your mom."

Phyllis George and Pamela Following <NODE id="9953" />her<NODE id="9956" /> <NODE id="9957" />1998<NODE id="9961" /> divorce from former Kentucky Gov. <NODE id="9996" />John Brown<NODE id="10006" />, 67, after 19 years of marriage, Phyllis George, 51, found herself swimming in the dating pool once again. Splashing nearby: daughter Pamela, 17, who was eager to offer advice. "She says, 'Mom, be yourself, don't nag, and always look your best,' " recalls the former talk show host and 1971 Miss America, who costarred in last year's Meet the Parents. "These are the things I've told her for years." George splits her time between New York City and Lexington, Ky., where Pamela, a high school senior, lives with her dad. (Brother Lincoln, 20, is a Wharton undergrad.) They see each other at least once a month. All the better, notes Pamela, to review her mom's potential suitors: "Sometimes I've said, 'Oh, come on, Mom, you can do better than that!' "

Alana Stewart and Kimberly

In addition to their size-6 figures and 5'9" frames, Alana, 56, and Kimberly Stewart, 21, share a stubborn streak. "We're really strong-headed," says <NODE id="10939" />Kimberly<NODE id="10947" />, a model and footwear designer whose dad is <NODE id="10992" />Alana<NODE id="10997" />'s ex-husband rocker <NODE id="11018" />Rod Stewart<NODE id="11029" />, 56. Alana, currently performing in a play called C-Cup at L.A.'s Dorie theater, totally agrees: "When I was her age, people knew not to mess with me, and Kimberly definitely has that."

That in-your-face attitude, says Alana, made Kimberly "this little dynamo from the time she could walk." But that dynamo became dynamite when she entered teendom and began blowing up at her mom. "Everything I did was wrong," recalls <NODE id="11450" />Alana<NODE id="11455" />, who also has two sons: <NODE id="11480" />Ashley<NODE id="11486" />, 26, with first husband <NODE id="11511" />George Hamilton<NODE id="11526" />, 61, and <NODE id="11536" />Sean<NODE id="11540" />, 20, with <NODE id="11551" />Stewart<NODE id="11558" />.

What a difference a few years make. Kimberly, who lives not far from the nest in L.A., says she has come to realize that her mother "is always right—about boys, about career moves." That revelation is part of a distinctly adult awakening: "Mom was once my age," says Kimberly, "and she knows what's up."

Susan Sarandon and Eva Amurri

Between takes on the set of the upcoming comedy The Banger Sisters, in which they play—appropriately—a mother and daughter, Susan Sarandon and Eva Amurri might simply have appeared to be costars sharing a laugh. "I would hear them talking about which of the extras were cute, that kind of thing," says director Bob Dolman. But when the camera rolled, it was a case of mother knows best. "Susan was giving Eva little acting tips," he explains, "like how to exit or how to think about turning."

Such gentle coaching is typical of the way Sarandon, 54, has raised <NODE id="12459" />Amurri<NODE id="12465" />, 16, whose father is Italian film director <NODE id="12509" />Franco Amurri<NODE id="12522" />, 47. (The same goes for <NODE id="12547" />her<NODE id="12550" /> two sons, <NODE id="12561" />Jack<NODE id="12565" />, 12, and <NODE id="12575" />Miles<NODE id="12580" />, 9, with longtime beau <NODE id="12604" />Tim Robbins<NODE id="12615" />, 42.) "You want to encourage them," the actress told The Christian Science Monitor in 1999. "But eventually you have to love them enough not to control their lives." To that end, Sarandon is supportive of Amurri's acting ambitions, helping her to nab small roles on several of Sarandon's movies and even a guest spot on a February episode of Friends on which mother and daughter played soap stars. "She was watching Eva with a big smile on her face," says the show's cocreator Marta Kauffman. "She'd say, 'Good for you. You're doing great.' " At home in Manhattan, high schooler Amurri has been known to dish out somewhat harsher critiques—as only a teenager can. "My daughter complains that I...never get out of my sweats," Sarandon told ENTERTAINMENT WEEKLY in 1999. "We've gone through periods where she has laid out clothes for me."

Jane Seymour and Katie and Jennifer Flynn

When daughter <NODE id="13511" />Katie<NODE id="13516" />, now 19, and stepdaughter <NODE id="13543" />Jennifer<NODE id="13551" />, 21, were adolescents and acted up, <NODE id="13588" />Seymour<NODE id="13595" /> had a remedy that would make Dr. Quinn proud. "I had twin babies that were too adorable for words," says Seymour, 50, of <NODE id="13717" />John<NODE id="13721" /> and <NODE id="13726" />Kristopher<NODE id="13736" />, now 5, <NODE id="13745" />her<NODE id="13748" /> sons by <NODE id="13757" />her<NODE id="13760" /> current husband, actor <NODE id="13784" />James Keach<NODE id="13795" />, 53. "I would just give one of the babies to the children, and it's hard to have a dark mood with a gurgling, delightful, cherubic baby kissing you and hugging you. For us the antidote to adolescence was these twins."

The main cause of those dark moods: "It was always the curfew thing," says <NODE id="14090" />Katie<NODE id="14095" />, <NODE id="14097" />Seymour<NODE id="14104" />'s daughter by ex-husband <NODE id="14130" />David Flynn<NODE id="14141" />. "I always wanted to be out later, just to go to friends' houses, nothing terrible. And the curfew was like midnight or 1 a.m., which wasn't that bad, I see now." These days both kids are in New York, Katie at Columbia University and <NODE id="14376" />Jennifer<NODE id="14384" />, <NODE id="14386" />Flynn<NODE id="14391" />'s daughter from a previous relationship, at Vassar College. From a distance those teen years don't seem so bad. "It's very hard letting go," says Seymour, who lives in L.A. but sees her daughters on trips to New York City. Agrees Katie: "It's weird being by myself. I miss the family sitting down for Sunday dinner."

Diana Ross and Rhonda, Tracee and Chudney Ross may reign supreme in the concert hall, but above all else, she considers herself a mom. "I am going to put on my tombstone 'Motherhood,' " Ross, now 57, told PEOPLE in 1987. <NODE id="14931" />She<NODE id="14934" /> has, after all, raised five children: <NODE id="14973" />Rhonda<NODE id="14979" />, 29, whose dad is Motown founder <NODE id="15013" />Berry Gordy Jr.<NODE id="15028" />, 71; daughters <NODE id="15044" />Tracee<NODE id="15050" />, 28, and <NODE id="15060" />Chudney<NODE id="15067" />, 25, by <NODE id="15076" />her<NODE id="15079" /> first husband, publicist <NODE id="15105" />Robert Silberstein<NODE id="15123" />; and sons <NODE id="15134" />Ross<NODE id="15138" />, 13, and <NODE id="15148" />Evan<NODE id="15152" />, 12, with husband No. 2, <NODE id="15178" />Arne Naess<NODE id="15188" />, 63. Seeking feedback on her mothering skills, she once asked the kids what they thought. The reviews were glowing. "She raised her kids to be independent and mentally tough," Tracee told USA Today last September. And to use their talents. Rhonda, who wed in 1997, is an actress in New York City; Tracee, also an actress, resides in L.A. and stars in the UPN sitcom Girlfriends; and elementary school teacher Chudney is an aspiring children's film producer in L.A. But no matter how busy they get, filial duty is never forgotten. "We're supposed to call Mom every Sunday," Chudney told LIFE in 1999. "She gets all upset if we don't."

Cybill Shepherd and Clementine Ford

Cybill Shepherd didn't want to interfere. But stick a model in front of a camera—on her daughter's wedding day, no less-and sparks may fly. "Right after the ceremony we went to do the photographs, and I said to the photographer, 'Can you raise the camera, please?' " Shepherd recalls of <NODE id="16148" />her<NODE id="16151" /> daughter <NODE id="16161" />Clementine Ford<NODE id="16176" />'s big day in April last year. "I said, 'I'm not insulting you. We'll all look better.' But Clementine said, 'Oh, Mom, shut up and let him do his job.' She was a little tense."

But then the relationship between Ford, 21, and her famous mother has never been terribly smooth. The daughter of <NODE id="16468" />Shepherd<NODE id="16476" /> and <NODE id="16481" />her<NODE id="16484" /> first husband, <NODE id="16500" />David Ford<NODE id="16510" />, an auto-parts dealer, <NODE id="16534" />Ford<NODE id="16538" /> grew up in the shadow of her mom's Moonlighting career. "The whole time she was doing that show, from when I was 5 until I was 9, was hard," she recalls. "She worked insane hours. She'd miss a lot of school functions or she'd come for five minutes and have to go back to work." Things got tougher when Ford hit puberty. "She would get very upset with me when I tried to set limits," says Shepherd, 51, who lives in Los Angeles. Aware of her own limitations, Shepherd went into therapy. "She really learned how to be a fantastic mom," Ford reports. "She got all the kinks out by the time I was 14." Well, almost. "It helped things to be more peaceful," says <NODE id="17196" />Shepherd<NODE id="17204" />, who also has twins, <NODE id="17226" />Zachariah<NODE id="17235" /> and <NODE id="17240" />Ariel<NODE id="17245" />, 13, from a three-year second marriage to chiropractor <NODE id="17301" />Bruce Oppenheim<NODE id="17316" />. "But it was never easy." At first discouraging Ford from acting, Shepherd relented when her daughter turned 18, even giving her a small part on her late-1990s TV show Cybill. "You have to step back and be there when they want you," she explains. "And otherwise get out of the way." That's why Shepherd defended Ford when friends implied that she and <NODE id="17668" />her<NODE id="17671" /> new husband, actor <NODE id="17691" />Chad Todhunter<NODE id="17705" />, 24, were too young to marry. "She's far wiser than I ever was," says Shepherd. "I'm proud of who she is."</TEXT>
<Meta /><Entities>
<Entity id="0" startPos="666" endPos="681" type="person" surface="Cybill Shepherd">
<feature featureName="cm_id" featureValue="5_1" />
<feature featureName="annotator" featureValue="R.H., V.M." /></Entity>
<Entity id="1" startPos="698" endPos="708" type="person" surface="Clementine">
<feature featureName="cm_id" featureValue="37_2" />
<feature featureName="annotator" featureValue="R.H., V.M." /></Entity>
<Entity id="2" startPos="860" endPos="872" type="person" surface="Jane Seymour">
<feature featureName="cm_id" featureValue="100_3" />
<feature featureName="annotator" featureValue="R.H., V.M." /></Entity>
<Entity id="3" startPos="909" endPos="917" type="person" surface="Jennifer">
<feature featureName="cm_id" featureValue="149_2" />
<feature featureName="annotator" featureValue="R.H., V.M." /></Entity>
<Entity id="4" startPos="927" endPos="938" type="person" surface="Katie Flynn">
<feature featureName="cm_id" featureValue="167_1" />
<feature featureName="annotator" featureValue="R.H., V.M." /></Entity>
<Entity id="5" startPos="1705" endPos="1708" type="person" surface="her">
<feature featureName="cm_id" featureValue="55_4" />
<feature featureName="annotator" featureValue="R.H., V.M." /></Entity>
<Entity id="6" startPos="1717" endPos="1728" type="person" surface="Goldie Hawn">
<feature featureName="cm_id" featureValue="67_3" />
<feature featureName="annotator" featureValue="R.H., V.M." /></Entity>
<Entity id="7" startPos="1978" endPos="1984" type="person" surface="Hudson">
<feature featureName="cm_id" featureValue="40_2" />
<feature featureName="annotator" featureValue="R.H., V.M." /></Entity>
<Entity id="8" startPos="2006" endPos="2017" type="person" surface="Bill Hudson">
<feature featureName="cm_id" featureValue="68_1" />
<feature featureName="annotator" featureValue="R.H., V.M." /></Entity>
<Entity id="9" startPos="2341" endPos="2344" type="person" surface="her">
<feature featureName="cm_id" featureValue="55_8" />
<feature featureName="annotator" featureValue="R.H., V.M." /></Entity>
<Entity id="10" startPos="2355" endPos="2361" type="person" surface="Hudson">
<feature featureName="cm_id" featureValue="69_4" />
<feature featureName="annotator" featureValue="R.H., V.M." /></Entity>
<Entity id="11" startPos="2372" endPos="2378" type="person" surface="Oliver">
<feature featureName="cm_id" featureValue="86_3" />
<feature featureName="annotator" featureValue="R.H., V.M." /></Entity>
<Entity id="12" startPos="2388" endPos="2393" type="person" surface="Wyatt">
<feature featureName="cm_id" featureValue="102_10" />
<feature featureName="annotator" featureValue="R.H., V.M." /></Entity>
<Entity id="13" startPos="2399" endPos="2403" type="person" surface="Hawn">
<feature featureName="cm_id" featureValue="113_1" />
<feature featureName="annotator" featureValue="R.H., V.M." /></Entity>
<Entity id="14" startPos="2415" endPos="2422" type="person" surface="Russell">
<feature featureName="cm_id" featureValue="129_2" />
<feature featureName="annotator" featureValue="R.H., V.M." /></Entity>
<Entity id="15" startPos="2428" endPos="2434" type="person" surface="Boston">
<feature featureName="cm_id" featureValue="142_7" />
<feature featureName="annotator" featureValue="R.H., V.M." /></Entity>
<Entity id="16" startPos="2440" endPos="2447" type="person" surface="Russell">
<feature featureName="cm_id" featureValue="154_6" />
<feature featureName="annotator" featureValue="R.H., V.M." /></Entity>
<Entity id="17" startPos="2467" endPos="2480" type="person" surface="Season Hubley">
<feature featureName="cm_id" featureValue="181_5" />
<feature featureName="annotator" featureValue="R.H., V.M." /></Entity>
<Entity id="18" startPos="3470" endPos="3473" type="person" surface="She">
<feature featureName="cm_id" featureValue="0_1" />
<feature featureName="annotator" featureValue="R.H., V.M." /></Entity>
<Entity id="19" startPos="3478" endPos="3486" type="person" surface="Robinson">
<feature featureName="cm_id" featureValue="8_2" />
<feature featureName="annotator" featureValue="R.H., V.M." /></Entity>
<Entity id="20" startPos="3528" endPos="3535" type="date" surface="Dec. 31">
<feature featureName="date_day" featureValue="31" />
<feature featureName="cm_id" featureValue="58_3" />
<feature featureName="annotator" featureValue="R.H., V.M." />
<feature featureName="date_month" featureValue="December" /></Entity>
<Entity id="21" startPos="5799" endPos="5803" type="date" surface="1989">
<feature featureName="cm_id" featureValue="16_6" />
<feature featureName="date_year" featureValue="1989" />
<feature featureName="annotator" featureValue="R.H., V.M." /></Entity>
<Entity id="22" startPos="5817" endPos="5820" type="person" surface="her">
<feature featureName="cm_id" featureValue="34_7" />
<feature featureName="annotator" featureValue="R.H., V.M." /></Entity>
<Entity id="23" startPos="5852" endPos="5868" type="person" surface="Anthony Richmond">
<feature featureName="cm_id" featureValue="69_1" />
<feature featureName="annotator" featureValue="R.H., V.M." /></Entity>
<Entity id="24" startPos="5885" endPos="5901" type="person" surface="Spencer Margaret">
<feature featureName="cm_id" featureValue="102_8" />
<feature featureName="annotator" featureValue="R.H., V.M." /></Entity>
<Entity id="25" startPos="5906" endPos="5911" type="person" surface="Smith">
<feature featureName="cm_id" featureValue="123_2" />
<feature featureName="annotator" featureValue="R.H., V.M." /></Entity>
<Entity id="26" startPos="5918" endPos="5924" type="person" surface="Gaston">
<feature featureName="cm_id" featureValue="135_5" />
<feature featureName="annotator" featureValue="R.H., V.M." /></Entity>
<Entity id="27" startPos="6496" endPos="6499" type="person" surface="her">
<feature featureName="cm_id" featureValue="68_2" />
<feature featureName="annotator" featureValue="R.H., V.M." /></Entity>
<Entity id="28" startPos="6513" endPos="6526" type="person" surface="Alison Tucker">
<feature featureName="cm_id" featureValue="85_1" />
<feature featureName="annotator" featureValue="R.H., V.M." /></Entity>
<Entity id="29" startPos="6611" endPos="6621" type="person" surface="Eikenberry">
<feature featureName="cm_id" featureValue="58_2" />
<feature featureName="annotator" featureValue="R.H., V.M." /></Entity>
<Entity id="30" startPos="6655" endPos="6669" type="person" surface="Michael Tucker">
<feature featureName="cm_id" featureValue="102_1" />
<feature featureName="annotator" featureValue="R.H., V.M." /></Entity>
<Entity id="31" startPos="7395" endPos="7398" type="person" surface="Max">
<feature featureName="cm_id" featureValue="50_1" />
<feature featureName="annotator" featureValue="R.H., V.M." /></Entity>
<Entity id="32" startPos="7409" endPos="7415" type="person" surface="Tucker">
<feature featureName="cm_id" featureValue="64_3" />
<feature featureName="annotator" featureValue="R.H., V.M." /></Entity>
<Entity id="33" startPos="7735" endPos="7738" type="person" surface="her">
<feature featureName="cm_id" featureValue="45_1" />
<feature featureName="annotator" featureValue="R.H., V.M." /></Entity>
<Entity id="34" startPos="7748" endPos="7754" type="person" surface="Jordan">
<feature featureName="cm_id" featureValue="58_3" />
<feature featureName="annotator" featureValue="R.H., V.M." /></Entity>
<Entity id="35" startPos="7777" endPos="7784" type="person" surface="Lindsay">
<feature featureName="cm_id" featureValue="87_2" />
<feature featureName="annotator" featureValue="R.H., V.M." /></Entity>
<Entity id="36" startPos="8145" endPos="8151" type="person" surface="Jordan">
<feature featureName="cm_id" featureValue="39_3" />
<feature featureName="annotator" featureValue="R.H., V.M." /></Entity>
<Entity id="37" startPos="8180" endPos="8184" type="person" surface="Ladd">
<feature featureName="cm_id" featureValue="74_2" />
<feature featureName="annotator" featureValue="R.H., V.M." /></Entity>
<Entity id="38" startPos="8202" endPos="8212" type="person" surface="David Ladd">
<feature featureName="cm_id" featureValue="96_1" />
<feature featureName="annotator" featureValue="R.H., V.M." /></Entity>
<Entity id="39" startPos="8436" endPos="8449" type="person" surface="Brian Russell">
<feature featureName="cm_id" featureValue="101_1" />
<feature featureName="annotator" featureValue="R.H., V.M." /></Entity>
<Entity id="40" startPos="8455" endPos="8458" type="person" surface="her">
<feature featureName="cm_id" featureValue="120_3" />
<feature featureName="annotator" featureValue="R.H., V.M." /></Entity>
<Entity id="41" startPos="8495" endPos="8502" type="person" surface="Lindsay">
<feature featureName="cm_id" featureValue="160_4" />
<feature featureName="annotator" featureValue="R.H., V.M." /></Entity>
<Entity id="42" startPos="9009" endPos="9022" type="person" surface="">
<feature featureName="cm_id" featureValue="17" /></Entity>
<Entity id="43" startPos="9086" endPos="9092" type="person" surface="Sophie">
<feature featureName="cm_id" featureValue="94_2" />
<feature featureName="annotator" featureValue="R.H., V.M." /></Entity>
<Entity id="44" startPos="9169" endPos="9175" type="person" surface="Midler">
<feature featureName="cm_id" featureValue="37_3" />
<feature featureName="annotator" featureValue="R.H., V.M." /></Entity>
<Entity id="45" startPos="9206" endPos="9226" type="person" surface="Martin von Haselberg">
<feature featureName="cm_id" featureValue="74_2" />
<feature featureName="annotator" featureValue="R.H., V.M." /></Entity>
<Entity id="46" startPos="9953" endPos="9956" type="person" surface="her">
<feature featureName="cm_id" featureValue="36_6" />
<feature featureName="annotator" featureValue="R.H., V.M." /></Entity>
<Entity id="47" startPos="9957" endPos="9961" type="date" surface="1998">
<feature featureName="cm_id" featureValue="40_5" />
<feature featureName="date_year" featureValue="1998" />
<feature featureName="annotator" featureValue="R.H., V.M." /></Entity>
<Entity id="48" startPos="9996" endPos="10006" type="person" surface="John Brown">
<feature featureName="cm_id" featureValue="79_4" />
<feature featureName="annotator" featureValue="R.H., V.M." /></Entity>
<Entity id="49" startPos="10939" endPos="10947" type="person" surface="Kimberly">
<feature featureName="cm_id" featureValue="35_2" />
<feature featureName="annotator" featureValue="R.H., V.M." /></Entity>
<Entity id="50" startPos="10992" endPos="10997" type="person" surface="Alana">
<feature featureName="cm_id" featureValue="88_3" />
<feature featureName="annotator" featureValue="R.H., V.M." /></Entity>
<Entity id="51" startPos="11018" endPos="11029" type="person" surface="Rod Stewart">
<feature featureName="cm_id" featureValue="114_1" />
<feature featureName="annotator" featureValue="R.H., V.M." /></Entity>
<Entity id="52" startPos="11450" endPos="11455" type="person" surface="Alana">
<feature featureName="cm_id" featureValue="38_6" />
<feature featureName="annotator" featureValue="R.H., V.M." /></Entity>
<Entity id="53" startPos="11480" endPos="11486" type="person" surface="Ashley">
<feature featureName="cm_id" featureValue="68_2" />
<feature featureName="annotator" featureValue="R.H., V.M." /></Entity>
<Entity id="54" startPos="11511" endPos="11526" type="person" surface="George Hamilton">
<feature featureName="cm_id" featureValue="99_5" />
<feature featureName="annotator" featureValue="R.H., V.M." /></Entity>
<Entity id="55" startPos="11536" endPos="11540" type="person" surface="Sean">
<feature featureName="cm_id" featureValue="124_4" />
<feature featureName="annotator" featureValue="R.H., V.M." /></Entity>
<Entity id="56" startPos="11551" endPos="11558" type="person" surface="Stewart">
<feature featureName="cm_id" featureValue="139_1" />
<feature featureName="annotator" featureValue="R.H., V.M." /></Entity>
<Entity id="57" startPos="12459" endPos="12465" type="person" surface="Amurri">
<feature featureName="cm_id" featureValue="68_3" />
<feature featureName="annotator" featureValue="R.H., V.M." /></Entity>
<Entity id="58" startPos="12509" endPos="12522" type="person" surface="Franco Amurri">
<feature featureName="cm_id" featureValue="118_1" />
<feature featureName="annotator" featureValue="R.H., V.M." /></Entity>
<Entity id="59" startPos="12547" endPos="12550" type="person" surface="her">
<feature featureName="cm_id" featureValue="19_2" />
<feature featureName="annotator" featureValue="R.H., V.M." /></Entity>
<Entity id="60" startPos="12561" endPos="12565" type="person" surface="Jack">
<feature featureName="cm_id" featureValue="33_4" />
<feature featureName="annotator" featureValue="R.H., V.M." /></Entity>
<Entity id="61" startPos="12575" endPos="12580" type="person" surface="Miles">
<feature featureName="cm_id" featureValue="47_3" />
<feature featureName="annotator" featureValue="R.H., V.M." /></Entity>
<Entity id="62" startPos="12604" endPos="12615" type="person" surface="Tim Robbins">
<feature featureName="cm_id" featureValue="76_1" />
<feature featureName="annotator" featureValue="R.H., V.M." /></Entity>
<Entity id="63" startPos="13511" endPos="13516" type="person" surface="Katie">
<feature featureName="cm_id" featureValue="14_2" />
<feature featureName="annotator" featureValue="R.H., V.M." /></Entity>
<Entity id="64" startPos="13543" endPos="13551" type="person" surface="Jennifer">
<feature featureName="cm_id" featureValue="46_4" />
<feature featureName="annotator" featureValue="R.H., V.M." /></Entity>
<Entity id="65" startPos="13588" endPos="13595" type="person" surface="Seymour">
<feature featureName="cm_id" featureValue="91_3" />
<feature featureName="annotator" featureValue="R.H., V.M." /></Entity>
<Entity id="66" startPos="13717" endPos="13721" type="person" surface="John">
<feature featureName="cm_id" featureValue="75_6" />
<feature featureName="annotator" featureValue="R.H., V.M." /></Entity>
<Entity id="67" startPos="13726" endPos="13736" type="person" surface="Kristopher">
<feature featureName="cm_id" featureValue="84_2" />
<feature featureName="annotator" featureValue="R.H., V.M." /></Entity>
<Entity id="68" startPos="13745" endPos="13748" type="person" surface="her">
<feature featureName="cm_id" featureValue="103_1" />
<feature featureName="annotator" featureValue="R.H., V.M." /></Entity>
<Entity id="69" startPos="13757" endPos="13760" type="person" surface="her">
<feature featureName="cm_id" featureValue="115_4" />
<feature featureName="annotator" featureValue="R.H., V.M." /></Entity>
<Entity id="70" startPos="13784" endPos="13795" type="person" surface="James Keach">
<feature featureName="cm_id" featureValue="142_3" />
<feature featureName="annotator" featureValue="R.H., V.M." /></Entity>
<Entity id="71" startPos="14090" endPos="14095" type="person" surface="Katie">
<feature featureName="cm_id" featureValue="75_3" />
<feature featureName="annotator" featureValue="R.H., V.M." /></Entity>
<Entity id="72" startPos="14097" endPos="14104" type="person" surface="Seymour">
<feature featureName="cm_id" featureValue="82_1" />
<feature featureName="annotator" featureValue="R.H., V.M." /></Entity>
<Entity id="73" startPos="14130" endPos="14141" type="person" surface="David Flynn">
<feature featureName="cm_id" featureValue="115_2" />
<feature featureName="annotator" featureValue="R.H., V.M." /></Entity>
<Entity id="74" startPos="14376" endPos="14384" type="person" surface="Jennifer">
<feature featureName="cm_id" featureValue="71_3" />
<feature featureName="annotator" featureValue="R.H., V.M." /></Entity>
<Entity id="75" startPos="14386" endPos="14391" type="person" surface="Flynn">
<feature featureName="cm_id" featureValue="81_1" />
<feature featureName="annotator" featureValue="R.H., V.M." /></Entity>
<Entity id="76" startPos="14931" endPos="14934" type="person" surface="She">
<feature featureName="cm_id" featureValue="0_7" />
<feature featureName="annotator" featureValue="R.H., V.M." /></Entity>
<Entity id="77" startPos="14973" endPos="14979" type="person" surface="Rhonda">
<feature featureName="cm_id" featureValue="42_10" />
<feature featureName="annotator" featureValue="R.H., V.M." /></Entity>
<Entity id="78" startPos="15013" endPos="15028" type="person" surface="Berry Gordy Jr.">
<feature featureName="cm_id" featureValue="82_4" />
<feature featureName="annotator" featureValue="R.H., V.M." /></Entity>
<Entity id="79" startPos="15044" endPos="15050" type="person" surface="Tracee">
<feature featureName="cm_id" featureValue="113_1" />
<feature featureName="annotator" featureValue="R.H., V.M." /></Entity>
<Entity id="80" startPos="15060" endPos="15067" type="person" surface="Chudney">
<feature featureName="cm_id" featureValue="129_6" />
<feature featureName="annotator" featureValue="R.H., V.M." /></Entity>
<Entity id="81" startPos="15076" endPos="15079" type="person" surface="her">
<feature featureName="cm_id" featureValue="145_3" />
<feature featureName="annotator" featureValue="R.H., V.M." /></Entity>
<Entity id="82" startPos="15105" endPos="15123" type="person" surface="Robert Silberstein">
<feature featureName="cm_id" featureValue="174_2" />
<feature featureName="annotator" featureValue="R.H., V.M." /></Entity>
<Entity id="83" startPos="15134" endPos="15138" type="person" surface="Ross">
<feature featureName="cm_id" featureValue="203_8" />
<feature featureName="annotator" featureValue="R.H., V.M." /></Entity>
<Entity id="84" startPos="15148" endPos="15152" type="person" surface="Evan">
<feature featureName="cm_id" featureValue="217_5" />
<feature featureName="annotator" featureValue="R.H., V.M." /></Entity>
<Entity id="85" startPos="15178" endPos="15188" type="person" surface="Arne Naess">
<feature featureName="cm_id" featureValue="247_9" />
<feature featureName="annotator" featureValue="R.H., V.M." /></Entity>
<Entity id="86" startPos="16148" endPos="16151" type="person" surface="her">
<feature featureName="cm_id" featureValue="20_2" />
<feature featureName="annotator" featureValue="R.H., V.M." /></Entity>
<Entity id="87" startPos="16161" endPos="16176" type="person" surface="Clementine Ford">
<feature featureName="cm_id" featureValue="33_1" />
<feature featureName="annotator" featureValue="R.H., V.M." /></Entity>
<Entity id="88" startPos="16468" endPos="16476" type="person" surface="Shepherd">
<feature featureName="cm_id" featureValue="16_4" />
<feature featureName="annotator" featureValue="R.H., V.M." /></Entity>
<Entity id="89" startPos="16481" endPos="16484" type="person" surface="her">
<feature featureName="cm_id" featureValue="29_3" />
<feature featureName="annotator" featureValue="R.H., V.M." /></Entity>
<Entity id="90" startPos="16500" endPos="16510" type="person" surface="David Ford">
<feature featureName="cm_id" featureValue="48_2" />
<feature featureName="annotator" featureValue="R.H., V.M." /></Entity>
<Entity id="91" startPos="16534" endPos="16538" type="person" surface="Ford">
<feature featureName="cm_id" featureValue="82_1" />
<feature featureName="annotator" featureValue="R.H., V.M." /></Entity>
<Entity id="92" startPos="17196" endPos="17204" type="person" surface="Shepherd">
<feature featureName="cm_id" featureValue="45_2" />
<feature featureName="annotator" featureValue="R.H., V.M." /></Entity>
<Entity id="93" startPos="17226" endPos="17235" type="person" surface="Zachariah">
<feature featureName="cm_id" featureValue="75_3" />
<feature featureName="annotator" featureValue="R.H., V.M." /></Entity>
<Entity id="94" startPos="17240" endPos="17245" type="person" surface="Ariel">
<feature featureName="cm_id" featureValue="89_4" />
<feature featureName="annotator" featureValue="R.H., V.M." /></Entity>
<Entity id="95" startPos="17301" endPos="17316" type="person" surface="Bruce Oppenheim">
<feature featureName="cm_id" featureValue="150_1" />
<feature featureName="annotator" featureValue="R.H., V.M." /></Entity>
<Entity id="96" startPos="17668" endPos="17671" type="person" surface="her">
<feature featureName="cm_id" featureValue="68_3" />
<feature featureName="annotator" featureValue="R.H., V.M." /></Entity>
<Entity id="97" startPos="17691" endPos="17705" type="person" surface="Chad Todhunter">
<feature featureName="cm_id" featureValue="91_4" />
<feature featureName="annotator" featureValue="R.H., V.M." /></Entity></Entities><Relations>
<Relation id="98" NAME="person_parent">
<Entity id="1" label="person" />
<Entity id="0" label="parent" />
<feature featureName="annotator" featureValue="R.H., V.M." />
<feature featureName="rm_id" featureValue="doc34_661_1" />
</Relation>
<Relation id="99" NAME="sibling_relationship">
<Entity id="3" label="person" />
<Entity id="4" label="person" />
<feature featureName="annotator" featureValue="R.H., V.M." />
<feature featureName="rm_id" featureValue="doc34_760_1" />
</Relation>
<Relation id="100" NAME="person_parent">
<Entity id="3" label="person" />
<Entity id="4" label="person" />
<Entity id="2" label="parent" />
<feature featureName="annotator" featureValue="R.H., V.M." />
<feature featureName="rm_id" featureValue="doc34_760_2" />
</Relation>
<Relation id="101" NAME="person_parent">
<Entity id="5" label="person" />
<Entity id="6" label="parent" />
<feature featureName="annotator" featureValue="R.H., V.M." />
<feature featureName="rm_id" featureValue="doc34_1650_1" />
</Relation>
<Relation id="102" NAME="person_parent">
<Entity id="7" label="person" />
<Entity id="8" label="parent" />
<feature featureName="annotator" featureValue="R.H., V.M." />
<feature featureName="rm_id" featureValue="doc34_1938_1" />
</Relation>
<Relation id="103" NAME="sibling_relationship">
<Entity id="11" label="person" />
<Entity id="10" label="person" />
<feature featureName="annotator" featureValue="R.H., V.M." />
<feature featureName="rm_id" featureValue="doc34_2286_1" />
</Relation>
<Relation id="104" NAME="person_parent">
<Entity id="12" label="person" />
<Entity id="14" label="parent" />
<Entity id="13" label="parent" />
<feature featureName="annotator" featureValue="R.H., V.M." />
<feature featureName="rm_id" featureValue="doc34_2286_2" />
</Relation>
<Relation id="105" NAME="person_parent">
<Entity id="15" label="person" />
<Entity id="16" label="parent" />
<Entity id="17" label="parent" />
<feature featureName="annotator" featureValue="R.H., V.M." />
<feature featureName="rm_id" featureValue="doc34_2286_3" />
</Relation>
<Relation id="106" NAME="person_parent">
<Entity id="10" label="person" />
<Entity id="11" label="person" />
<Entity id="12" label="person" />
<Entity id="15" label="person" />
<Entity id="9" label="parent" />
<feature featureName="annotator" featureValue="V.M., L.S." />
<feature featureName="rm_id" featureValue="doc34_2286_1_372" />
</Relation>
<Relation id="107" NAME="marriage">
<Entity id="18" label="person" />
<Entity id="19" label="person" />
<Entity id="20" label="from" />
<feature featureName="annotator" featureValue="R.H., V.M." />
<feature featureName="rm_id" featureValue="doc34_3470_1" />
</Relation>
<Relation id="108" NAME="marriage">
<Entity id="21" label="to" />
<Entity id="22" label="person" />
<Entity id="23" label="person" />
<feature featureName="annotator" featureValue="R.H., V.M." />
<feature featureName="rm_id" featureValue="doc34_5783_1" />
</Relation>
<Relation id="109" NAME="sibling_relationship">
<Entity id="24" label="person" />
<Entity id="26" label="person" />
<feature featureName="annotator" featureValue="R.H., V.M." />
<feature featureName="rm_id" featureValue="doc34_5783_2" />
</Relation>
<Relation id="110" NAME="person_parent">
<Entity id="24" label="person" />
<Entity id="26" label="person" />
<Entity id="25" label="parent" />
<Entity id="23" label="parent" />
<feature featureName="annotator" featureValue="R.H., L.S." />
<feature featureName="rm_id" featureValue="doc34_5783_0_379" />
</Relation>
<Relation id="111" NAME="person_parent">
<Entity id="28" label="person" />
<Entity id="27" label="parent" />
<feature featureName="annotator" featureValue="V.M., L.S." />
<feature featureName="rm_id" featureValue="doc34_6428_0_377" />
</Relation>
<Relation id="112" NAME="marriage">
<Entity id="30" label="person" />
<Entity id="29" label="person" />
<feature featureName="annotator" featureValue="R.H., V.M." />
<feature featureName="rm_id" featureValue="doc34_6553_1" />
</Relation>
<Relation id="113" NAME="person_parent">
<Entity id="31" label="person" />
<Entity id="32" label="parent" />
<feature featureName="annotator" featureValue="R.H., V.M." />
<feature featureName="rm_id" featureValue="doc34_7345_1" />
</Relation>
<Relation id="114" NAME="person_parent">
<Entity id="34" label="person" />
<Entity id="35" label="person" />
<Entity id="33" label="parent" />
<feature featureName="annotator" featureValue="V.M., L.S." />
<feature featureName="rm_id" featureValue="doc34_7690_2_379" />
</Relation>
<Relation id="115" NAME="sibling_relationship">
<Entity id="34" label="person" />
<Entity id="35" label="person" />
<feature featureName="annotator" featureValue="V.M., L.S." />
<feature featureName="rm_id" featureValue="doc34_7690_1_401" />
</Relation>
<Relation id="116" NAME="marriage">
<Entity id="38" label="person" />
<Entity id="37" label="person" />
<feature featureName="annotator" featureValue="R.H., V.M." />
<feature featureName="rm_id" featureValue="doc34_8106_1" />
</Relation>
<Relation id="117" NAME="person_parent">
<Entity id="36" label="person" />
<Entity id="38" label="parent" />
<feature featureName="annotator" featureValue="R.H., V.M." />
<feature featureName="rm_id" featureValue="doc34_8106_2" />
</Relation>
<Relation id="118" NAME="person_parent">
<Entity id="41" label="person" />
<Entity id="39" label="parent" />
<feature featureName="annotator" featureValue="R.H., V.M." />
<feature featureName="rm_id" featureValue="doc34_8335_1" />
</Relation>
<Relation id="119" NAME="marriage">
<Entity id="39" label="person" />
<Entity id="40" label="person" />
<feature featureName="annotator" featureValue="R.H., V.M." />
<feature featureName="rm_id" featureValue="doc34_8335_2" />
</Relation>
<Relation id="120" NAME="person_parent">
<Entity id="43" label="person" />
<Entity id="42" label="parent" />
<feature featureName="annotator" featureValue="V.M., L.S." />
<feature featureName="rm_id" featureValue="doc34_8992_0_382" />
</Relation>
<Relation id="121" NAME="marriage">
<Entity id="44" label="person" />
<Entity id="45" label="person" />
<feature featureName="annotator" featureValue="R.H., V.M." />
<feature featureName="rm_id" featureValue="doc34_9132_1" />
</Relation>
<Relation id="122" NAME="marriage">
<Entity id="47" label="to" />
<Entity id="48" label="person" />
<Entity id="46" label="person" />
<feature featureName="annotator" featureValue="R.H., V.M." />
<feature featureName="rm_id" featureValue="doc34_9917_1" />
</Relation>
<Relation id="123" NAME="person_parent">
<Entity id="49" label="person" />
<Entity id="51" label="parent" />
<feature featureName="annotator" featureValue="R.H., V.M." />
<feature featureName="rm_id" featureValue="doc34_10904_1" />
</Relation>
<Relation id="124" NAME="marriage">
<Entity id="51" label="person" />
<Entity id="50" label="person" />
<feature featureName="annotator" featureValue="R.H., V.M." />
<feature featureName="rm_id" featureValue="doc34_10904_2" />
</Relation>
<Relation id="125" NAME="person_parent">
<Entity id="55" label="person" />
<Entity id="52" label="parent" />
<Entity id="56" label="parent" />
<feature featureName="annotator" featureValue="R.H., V.M." />
<feature featureName="rm_id" featureValue="doc34_11412_1" />
</Relation>
<Relation id="126" NAME="marriage">
<Entity id="52" label="person" />
<Entity id="54" label="person" />
<feature featureName="annotator" featureValue="R.H., V.M." />
<feature featureName="rm_id" featureValue="doc34_11412_2" />
</Relation>
<Relation id="127" NAME="person_parent">
<Entity id="53" label="person" />
<Entity id="52" label="parent" />
<Entity id="54" label="parent" />
<feature featureName="annotator" featureValue="R.H., V.M." />
<feature featureName="rm_id" featureValue="doc34_11412_3" />
</Relation>
<Relation id="128" NAME="person_parent">
<Entity id="57" label="person" />
<Entity id="58" label="parent" />
<feature featureName="annotator" featureValue="R.H., V.M." />
<feature featureName="rm_id" featureValue="doc34_12391_1" />
</Relation>
<Relation id="129" NAME="person_parent">
<Entity id="60" label="person" />
<Entity id="61" label="person" />
<Entity id="59" label="parent" />
<Entity id="62" label="parent" />
<feature featureName="annotator" featureValue="R.H., V.M." />
<feature featureName="rm_id" featureValue="doc34_12528_1" />
</Relation>
<Relation id="130" NAME="sibling_relationship">
<Entity id="60" label="person" />
<Entity id="61" label="person" />
<feature featureName="annotator" featureValue="V.M., L.S." />
<feature featureName="rm_id" featureValue="doc34_12528_0_402" />
</Relation>
<Relation id="131" NAME="person_parent">
<Entity id="63" label="person" />
<Entity id="64" label="person" />
<Entity id="65" label="parent" />
<feature featureName="annotator" featureValue="V.M., L.S." />
<feature featureName="rm_id" featureValue="doc34_13497_1_388" />
</Relation>
<Relation id="132" NAME="sibling_relationship">
<Entity id="63" label="person" />
<Entity id="64" label="person" />
<feature featureName="annotator" featureValue="V.M., L.S." />
<feature featureName="rm_id" featureValue="doc34_13497_0_403" />
</Relation>
<Relation id="133" NAME="marriage">
<Entity id="70" label="person" />
<Entity id="69" label="person" />
<feature featureName="annotator" featureValue="R.H., V.M." />
<feature featureName="rm_id" featureValue="doc34_13642_1" />
</Relation>
<Relation id="134" NAME="person_parent">
<Entity id="67" label="person" />
<Entity id="66" label="person" />
<Entity id="70" label="parent" />
<Entity id="68" label="parent" />
<feature featureName="annotator" featureValue="R.H., V.M." />
<feature featureName="rm_id" featureValue="doc34_13642_2" />
</Relation>
<Relation id="135" NAME="sibling_relationship">
<Entity id="67" label="person" />
<Entity id="66" label="person" />
<feature featureName="annotator" featureValue="R.H., L.S." />
<feature featureName="rm_id" featureValue="doc34_13642_0_401" />
</Relation>
<Relation id="136" NAME="person_parent">
<Entity id="71" label="person" />
<Entity id="73" label="parent" />
<Entity id="72" label="parent" />
<feature featureName="annotator" featureValue="R.H., V.M." />
<feature featureName="rm_id" featureValue="doc34_14015_1" />
</Relation>
<Relation id="137" NAME="marriage">
<Entity id="73" label="person" />
<Entity id="72" label="person" />
<feature featureName="annotator" featureValue="R.H., V.M." />
<feature featureName="rm_id" featureValue="doc34_14015_2" />
</Relation>
<Relation id="138" NAME="person_parent">
<Entity id="74" label="person" />
<Entity id="75" label="parent" />
<feature featureName="annotator" featureValue="R.H., V.M." />
<feature featureName="rm_id" featureValue="doc34_14305_1" />
</Relation>
<Relation id="139" NAME="person_parent">
<Entity id="79" label="person" />
<Entity id="80" label="person" />
<Entity id="76" label="parent" />
<Entity id="82" label="parent" />
<feature featureName="annotator" featureValue="R.H., V.M." />
<feature featureName="rm_id" featureValue="doc34_14931_1" />
</Relation>
<Relation id="140" NAME="marriage">
<Entity id="82" label="person" />
<Entity id="81" label="person" />
<feature featureName="annotator" featureValue="R.H., V.M." />
<feature featureName="rm_id" featureValue="doc34_14931_2" />
</Relation>
<Relation id="141" NAME="person_parent">
<Entity id="84" label="person" />
<Entity id="83" label="person" />
<Entity id="85" label="parent" />
<Entity id="76" label="parent" />
<feature featureName="annotator" featureValue="R.H., V.M." />
<feature featureName="rm_id" featureValue="doc34_14931_3" />
</Relation>
<Relation id="142" NAME="sibling_relationship">
<Entity id="84" label="person" />
<Entity id="83" label="person" />
<Entity id="79" label="person" />
<Entity id="77" label="person" />
<Entity id="80" label="person" />
<feature featureName="annotator" featureValue="R.H., L.S." />
<feature featureName="rm_id" featureValue="doc34_14931_1_402" />
</Relation>
<Relation id="143" NAME="person_parent">
<Entity id="77" label="person" />
<Entity id="76" label="parent" />
<Entity id="78" label="parent" />
<feature featureName="annotator" featureValue="R.H., L.S." />
<feature featureName="rm_id" featureValue="doc34_14931_2_394" />
</Relation>
<Relation id="144" NAME="marriage">
<Entity id="85" label="person" />
<Entity id="76" label="person" />
<feature featureName="annotator" featureValue="R.H., L.S." />
<feature featureName="rm_id" featureValue="doc34_14931_0_367" />
</Relation>
<Relation id="145" NAME="person_parent">
<Entity id="87" label="person" />
<Entity id="86" label="parent" />
<feature featureName="annotator" featureValue="R.H., L.S." />
<feature featureName="rm_id" featureValue="doc34_16128_0_395" />
</Relation>
<Relation id="146" NAME="person_parent">
<Entity id="91" label="person" />
<Entity id="90" label="parent" />
<Entity id="88" label="parent" />
<feature featureName="annotator" featureValue="R.H., V.M." />
<feature featureName="rm_id" featureValue="doc34_16452_1" />
</Relation>
<Relation id="147" NAME="marriage">
<Entity id="90" label="person" />
<Entity id="89" label="person" />
<feature featureName="annotator" featureValue="R.H., V.M." />
<feature featureName="rm_id" featureValue="doc34_16452_2" />
</Relation>
<Relation id="148" NAME="sibling_relationship">
<Entity id="93" label="person" />
<Entity id="94" label="person" />
<feature featureName="annotator" featureValue="R.H., V.M." />
<feature featureName="rm_id" featureValue="doc34_17151_1" />
</Relation>
<Relation id="149" NAME="marriage">
<Entity id="92" label="person" />
<Entity id="95" label="person" />
<feature featureName="annotator" featureValue="R.H., V.M." />
<feature featureName="rm_id" featureValue="doc34_17151_2" />
</Relation>
<Relation id="150" NAME="person_parent">
<Entity id="93" label="person" />
<Entity id="94" label="person" />
<Entity id="92" label="parent" />
<Entity id="95" label="parent" />
<feature featureName="annotator" featureValue="R.H., V.M." />
<feature featureName="rm_id" featureValue="doc34_17151_3" />
</Relation>
<Relation id="151" NAME="marriage">
<Entity id="97" label="person" />
<Entity id="96" label="person" />
<feature featureName="annotator" featureValue="R.H., V.M." />
<feature featureName="rm_id" featureValue="doc34_17600_1" />
</Relation></Relations>
</Document>
