<?xml version="1.0" encoding="UTF-8"?>
<Document>
<TEXT>Caley Richeson is inconsolable. Searching for a snack in the freezer of his Louisville, Ky., home, the 4-year-old has just dropped a quart of French vanilla ice cream on his big toe. Now he's sporting a growing bruise and crying feverishly as his maternal grandmother, Debbie Richeson, rests him in her lap and holds him tight. "Nana, it hurts," he sobs. "How long will it hurt?"

"It's going to hurt for a while, buddy," Richeson, 46, says softly. A few more minutes of cuddling and the whimpers begin to subside.

It is the kind of moment when a little boy wants his mommy. But since chronic drug abuse left <NODE id="610" />Caley<NODE id="615" />'s single mother, <NODE id="633" />Nikki<NODE id="638" />, 23, unable to care for him, he has had to turn to his grandmother. In fact, Caley spends all his time with Richeson and <NODE id="760" />her<NODE id="763" /> husband, <NODE id="773" />Dave<NODE id="777" />, 54, pretending he's a Power Ranger or racing around the backyard in his mini dune buggy. At night he snuggles up in their bed. "We know he's our grandchild," says Richeson, "but emotionally he's our child." Legally as well. With his mother's consent, the Richesons adopted Caley in 1999. "I knew," says <NODE id="1082" />Nikki<NODE id="1087" />, <NODE id="1089" />Debbie<NODE id="1095" />'s daughter from a first marriage, "that my mom could take better care of him than I could."

More than just a family trying to make one little boy's life whole, the Richesons are part of an explosive—and disturbing—national trend. According to 2000 census estimates, Caley is one of 5.6 million children in the U.S. being raised in households headed by grandparents. Since 1970 the numbers have increased by 76 percent, spiking during the crack crisis of the 1980s and '90s and continuing to rise steadily. While substance abuse remains the most common reason, a convergence of deep social problems is at work: divorce, mental illness, AIDS, teenage pregnancy and other health issues. Whatever the cause, 2.35 million American grandparents have stepped in to raise their children's children, reassuming the physical and emotional burdens of child-rearing.

"This has reached epidemic proportions," says Sylvie de Toledo, director of Grandparents as Parents Inc. in Lakewood, Calif., one of 750 grandparenting support groups that have sprung up in recent years across the country. "Many times there are two or three kids and they'd be split up in foster care. The only thing these grandparents can do is take them in so the children still have someone they feel loves them."

According to Margaret Hollidge of AARP's Grandparent Information Center, the phenomenon isn't limited to families at the bottom of the economy. Indeed, census figures show that only 19 percent of the grandparents are considered poor. "This crosses all kinds of lines," she says. "It's not just the problem of inner-city neighborhoods; it's in middle-class and wealthy neighborhoods." Several states, including Kentucky, Louisiana and Ohio, have met the challenge with special counseling, help lines, daycare and public assistance. Boston is home to GrandFamilies, the first housing facility in the country designed specifically for grandparent-headed households. "There is so much courage and plain flat heroism these grandparents display," says Hollidge. "I get the question all the time: 'Why do grandparents do this?' I answer, 'Because they love their grandchildren.' It's not because they had so much fun doing it the first time."

Ask Jean Wallace. Shuffling with a cane to a weekly grandparents' support-group meeting two bus rides away from her modest duplex in New York City's Coney Island, the 72-year-old widow wasn't planning on raising Shayne, her 13-year-old grandson. "I had no interest in doing this," says the retired teacher's associate. "If it weren't for him, I'd still be working. I loved my job." But Wallace assumed care of Shayne days after his birth, when Harlem Hospital found traces of cocaine in his blood. The baby's mother dropped out of sight in 1989, and <NODE id="3858" />Shayne<NODE id="3864" />'s father—<NODE id="3874" />Wallace<NODE id="3881" />'s son <NODE id="3888" />Kelvin<NODE id="3894" />, 40, who works for a printing company—had only intermittent contact with the boy until recently, when he moved in with his mother and son.

"When I brought home Shayne, I thought it would be a breeze," Wallace says. "But when you get to be 72, it's a hard time raising a 13-year-old." Especially one diagnosed as emotionally disturbed, with vast reserves of pent-up anger. "He yells at me every time I ask him to do something," she says. That's not uncommon. "Kids often don't act out with their parent because they're afraid that will push the parent away," says Sylvie de Toledo. "They know the grandparent is not going to be pushed away. That's why they're an easy target."

Even in placid circumstances there is a Rip Van Winkle effect as grandparents find themselves in a world far different from the one in which they brought up their kids. "Usually when grandparents call us, they are crying for hours, wanting us to help them sort things out," says Rolanda Pyle, director of the Grandparent Resource Center in Manhattan. "They have a lot of problems with homework. They don't understand computers. And the way grandparents raised kids [with spanking] is not really acceptable today."

Loraine Pearson of Denver says her ordeal began six years ago when <NODE id="5155" />her<NODE id="5158" /> daughter <NODE id="5168" />Cindy<NODE id="5173" />, then 20 and single, refused to take <NODE id="5211" />her<NODE id="5214" /> 8-month-old triplets, <NODE id="5237" />Krista<NODE id="5243" />, <NODE id="5245" />Kaitlyn<NODE id="5252" /> and <NODE id="5257" />Katherine<NODE id="5266" />, who were born premature and sickly, to a doctor's appointment. "You can't make me," her mother recalls Cindy saying before she stormed out of the house. Pearson, 52, and <NODE id="5438" />her<NODE id="5441" /> husband, <NODE id="5451" />Pete<NODE id="5455" />, 56, have raised the girls ever since. "I wanted to beat the living daylights out of her, I really did," Pearson says of Cindy, who has been diagnosed as clinically depressed.

Pearson had cause to be upset. She and Pete had already uprooted their lives to care for <NODE id="5722" />Cindy<NODE id="5727" />'s older daughter, <NODE id="5746" />Rebecca<NODE id="5753" />, now 9. She had given up her job as an administrative assistant in the chancellor's office at the University of California at Berkeley, and the couple had moved back to her native Colorado, where Pete could better support them as a commercial painter. She says her daughter—who was from a first marriage and is now married with a fifth child, Jordan, 2—doesn't visit her other girls often enough. "The only time she comes around is if she needs something," says Pearson.

In some cases, grandparenting even extends to great-grandparenting. Six years ago retired social worker Anne Stokes of Boston received a call from the Massachusetts department of social services: Her granddaughter's 10-month-old baby, Kadijah, needed someone to care for her. Her granddaughter Janell Stokes wasn't up to it—understandably, perhaps, since she was only 13. "I put the shade up, looked into the heavens and said, 'Dear God, what do I do?' " recalls Stokes, 71. "I got on the phone and said, 'Bring me the baby.' "

Once Kadijah learned to walk, her great-grandmother's high-rise became too dangerous for her. So Stokes moved to Boston's GrandFamilies House, home to 26 low-income families. There she has a two-bedroom apartment outfitted for young and old—with grab bars in the bathroom and windows with childproof guards.

Over a year ago there was an addition to the Stokes ménage: granddaughter Dawnisha, now 12. "One Sunday afternoon the doorbell rang and there she was," Stokes recalls. Her grandmother says that Dawnisha had walked across town to be with her because she was so unhappy at home with <NODE id="7345" />her<NODE id="7348" /> father—<NODE id="7356" />Stokes<NODE id="7362" />'s son <NODE id="7369" />Joey<NODE id="7373" />, 40—and his girlfriend. Stokes has since gained legal custody of both children. "I love my grandma. She's both a toughie and a softie," says Dawnisha. "Sometimes Kadijah and I get on her nerves. But she treats me better than my parents."

In Boston's working-class Dorchester section, there are occasional shootings, so child care includes learning how to stay out of harm's way. "We drop to the floor," Kadijah says. "Dawnisha lies on me, and Nana is on top. And if someone starts shooting, we play dead."

By contrast, Caley Richeson's story began in a middle-class neighborhood in Louisville. <NODE id="7970" />His<NODE id="7973" /> mother, <NODE id="7982" />Nikki<NODE id="7987" />, had been hard to control from early adolescence, according to his grandmother. "There was drinking, drugs and sex. You name it," recalls Richeson, who sent Nikki to an all-girl Catholic high school to no avail. "We would find empty cups under her bed that smelled like alcohol," says Richeson. "Her friends used to come over, fix a drink and pass it through the window."

Things got worse when Nikki began dating a local boy who, she says, had had some scrapes with the law. Barely graduating from high school, she attended a commencement-night party in 1996 and didn't come home for five days. When she did, she announced she was pregnant. Her mother was furious. "I made the biggest mistake of my life. I threw her out of the house," she says. "I begged her to have an abortion."

Instead, Nikki moved in with her boyfriend and his parents. But she says that two weeks before her due date the boy threw her out, telling her he had another child on the way. "I guess I lived in a fairy-tale world," Nikki says now, "thinking that he and I would stay together and raise Caley, have a house, a car. But the reality was completely the opposite: He wasn't there at all."

<NODE id="9158" />Nikki<NODE id="9163" /> gave birth to <NODE id="9178" />Caley<NODE id="9183" /> in December 1996 and at first seemed to take motherhood seriously. "If the baby cried, she was up feeding him, changing him," Debbie says. Nikki also enrolled in community college and held down three part-time jobs, one at a church daycare center. When she was out, her mother, who had quit her human-resources job at Louisville Gas &amp; Electric, looked after Caley. Debbie also gave up the hobby she loved, showing dogs. Dave, meanwhile, was resentful. "Ever since high school our lives were focused on trying to keep control of Nikki," he says. "When she moved out, it was like a big sigh of relief. Debbie wanted to finish her college degree. We made blueprints for a house in the country. Then, when she had the baby, Nikki took control of my life again."

It didn't help that she began partying, often, she says, staying out all night and blowing $150 to $200 on cocaine. "There were many times," Nikki concedes, "when Caley sat up and cried and said, 'Why is Nana putting me to bed? Why isn't Mama?' " Finally, in 1998, Nikki stayed away for five days. The Richesons were concerned for Caley—since they were not his legal guardians, they could not, for example, have him admitted to a hospital if they needed to—so Debbie called social services, which initiated a procedure declaring Nikki's absence abandonment. "It was probably the hardest phone call I ever had to make," says Debbie.

Nikki finally signed adoption papers in the fall of 1999. "The morning we went I kept saying, 'I am not signing that paper,' " she recalls. But she relented. Today <NODE id="10740" />Nikki<NODE id="10745" />, who has a year-old daughter, <NODE id="10776" />Destiny<NODE id="10783" />, is drug-free after rehab. She works as a bartender and plans to study nursing. She visits her son several times a month, though there is now a bit of a distance between them. "Sometimes it hurts," Nikki admits, "but when I walk into a room and see [Caley and Debbie] hugging and kissing, it makes me smile. It makes me happy to know he's happy and he's got a good life."

For her mother, there will always be a feeling of ambivalence. "To be honest, there are days I really resent my role," Debbie says, "when a girlfriend calls and tells me how she's just returned from a dog show and wishes I could have been there. Or when I want to do something and don't have the time or feel extremely tired. I think how I raised my daughter for 18 years. Why am I doing it again? It's not fair. But the feeling doesn't last. Caley's my grandson. I love him."

Richard Jerome Joanne Fowler in New York City</TEXT>
<Meta /><Entities>
<Entity id="0" startPos="610" endPos="615" type="person" surface="Caley">
<feature featureName="cm_id" featureValue="34_2" />
<feature featureName="annotator" featureValue="R.H., V.M." /></Entity>
<Entity id="1" startPos="633" endPos="638" type="person" surface="Nikki">
<feature featureName="cm_id" featureValue="57_1" />
<feature featureName="annotator" featureValue="R.H., V.M." /></Entity>
<Entity id="2" startPos="760" endPos="763" type="person" surface="her">
<feature featureName="cm_id" featureValue="53_2" />
<feature featureName="annotator" featureValue="R.H., V.M." /></Entity>
<Entity id="3" startPos="773" endPos="777" type="person" surface="Dave">
<feature featureName="cm_id" featureValue="66_1" />
<feature featureName="annotator" featureValue="R.H., V.M." /></Entity>
<Entity id="4" startPos="1082" endPos="1087" type="person" surface="Nikki">
<feature featureName="cm_id" featureValue="15_1" />
<feature featureName="annotator" featureValue="R.H., V.M." /></Entity>
<Entity id="5" startPos="1089" endPos="1095" type="person" surface="Debbie">
<feature featureName="cm_id" featureValue="22_3" />
<feature featureName="annotator" featureValue="R.H., V.M." /></Entity>
<Entity id="6" startPos="3858" endPos="3864" type="person" surface="Shayne">
<feature featureName="cm_id" featureValue="52_2" />
<feature featureName="annotator" featureValue="R.H., V.M." /></Entity>
<Entity id="7" startPos="3874" endPos="3881" type="person" surface="Wallace">
<feature featureName="cm_id" featureValue="68_3" />
<feature featureName="annotator" featureValue="R.H., V.M." /></Entity>
<Entity id="8" startPos="3888" endPos="3894" type="person" surface="Kelvin">
<feature featureName="cm_id" featureValue="82_1" />
<feature featureName="annotator" featureValue="R.H., V.M." /></Entity>
<Entity id="9" startPos="5155" endPos="5158" type="person" surface="her">
<feature featureName="cm_id" featureValue="67_3" />
<feature featureName="annotator" featureValue="R.H., V.M." /></Entity>
<Entity id="10" startPos="5168" endPos="5173" type="person" surface="Cindy">
<feature featureName="cm_id" featureValue="80_7" />
<feature featureName="annotator" featureValue="R.H., V.M." /></Entity>
<Entity id="11" startPos="5211" endPos="5214" type="person" surface="her">
<feature featureName="cm_id" featureValue="123_1" />
<feature featureName="annotator" featureValue="R.H., V.M." /></Entity>
<Entity id="12" startPos="5237" endPos="5243" type="person" surface="Krista">
<feature featureName="cm_id" featureValue="149_6" />
<feature featureName="annotator" featureValue="R.H., V.M." /></Entity>
<Entity id="13" startPos="5245" endPos="5252" type="person" surface="Kaitlyn">
<feature featureName="cm_id" featureValue="157_2" />
<feature featureName="annotator" featureValue="R.H., V.M." /></Entity>
<Entity id="14" startPos="5257" endPos="5266" type="person" surface="Katherine">
<feature featureName="cm_id" featureValue="169_5" />
<feature featureName="annotator" featureValue="R.H., V.M." /></Entity>
<Entity id="15" startPos="5438" endPos="5441" type="person" surface="her">
<feature featureName="cm_id" featureValue="17_2" />
<feature featureName="annotator" featureValue="R.H., V.M." /></Entity>
<Entity id="16" startPos="5451" endPos="5455" type="person" surface="Pete">
<feature featureName="cm_id" featureValue="30_1" />
<feature featureName="annotator" featureValue="R.H., V.M." /></Entity>
<Entity id="17" startPos="5722" endPos="5727" type="person" surface="Cindy">
<feature featureName="cm_id" featureValue="58_2" />
<feature featureName="annotator" featureValue="R.H., V.M." /></Entity>
<Entity id="18" startPos="5746" endPos="5753" type="person" surface="Rebecca">
<feature featureName="cm_id" featureValue="82_1" />
<feature featureName="annotator" featureValue="R.H., V.M." /></Entity>
<Entity id="19" startPos="7345" endPos="7348" type="person" surface="her">
<feature featureName="cm_id" featureValue="113_2" />
<feature featureName="annotator" featureValue="R.H., V.M." /></Entity>
<Entity id="20" startPos="7356" endPos="7362" type="person" surface="Stokes">
<feature featureName="cm_id" featureValue="124_6" />
<feature featureName="annotator" featureValue="R.H., V.M." /></Entity>
<Entity id="21" startPos="7369" endPos="7373" type="person" surface="Joey">
<feature featureName="cm_id" featureValue="137_1" />
<feature featureName="annotator" featureValue="R.H., V.M." /></Entity>
<Entity id="22" startPos="7970" endPos="7973" type="person" surface="His">
<feature featureName="cm_id" featureValue="0_3" />
<feature featureName="annotator" featureValue="R.H., V.M." /></Entity>
<Entity id="23" startPos="7982" endPos="7987" type="person" surface="Nikki">
<feature featureName="cm_id" featureValue="12_1" />
<feature featureName="annotator" featureValue="R.H., V.M." /></Entity>
<Entity id="24" startPos="9158" endPos="9163" type="person" surface="Nikki">
<feature featureName="cm_id" featureValue="0_2" />
<feature featureName="annotator" featureValue="R.H., V.M." /></Entity>
<Entity id="25" startPos="9178" endPos="9183" type="person" surface="Caley">
<feature featureName="cm_id" featureValue="20_1" />
<feature featureName="annotator" featureValue="R.H., V.M." /></Entity>
<Entity id="26" startPos="10740" endPos="10745" type="person" surface="Nikki">
<feature featureName="cm_id" featureValue="6_2" />
<feature featureName="annotator" featureValue="R.H., V.M." /></Entity>
<Entity id="27" startPos="10776" endPos="10783" type="person" surface="Destiny">
<feature featureName="cm_id" featureValue="42_1" />
<feature featureName="annotator" featureValue="R.H., V.M." /></Entity></Entities><Relations>
<Relation id="28" NAME="person_parent">
<Entity id="0" label="person" />
<Entity id="1" label="parent" />
<feature featureName="annotator" featureValue="R.H., V.M." />
<feature featureName="rm_id" featureValue="doc43_576_1" />
</Relation>
<Relation id="29" NAME="marriage">
<Entity id="3" label="person" />
<Entity id="2" label="person" />
<feature featureName="annotator" featureValue="R.H., V.M." />
<feature featureName="rm_id" featureValue="doc43_707_1" />
</Relation>
<Relation id="30" NAME="person_parent">
<Entity id="4" label="person" />
<Entity id="5" label="parent" />
<feature featureName="annotator" featureValue="R.H., V.M." />
<feature featureName="rm_id" featureValue="doc43_1067_1" />
</Relation>
<Relation id="31" NAME="person_parent">
<Entity id="8" label="person" />
<Entity id="7" label="parent" />
<feature featureName="annotator" featureValue="R.H., V.M." />
<feature featureName="rm_id" featureValue="doc43_3806_1" />
</Relation>
<Relation id="32" NAME="person_parent">
<Entity id="6" label="person" />
<Entity id="8" label="parent" />
<feature featureName="annotator" featureValue="R.H., V.M." />
<feature featureName="rm_id" featureValue="doc43_3806_2" />
</Relation>
<Relation id="33" NAME="person_parent">
<Entity id="12" label="person" />
<Entity id="13" label="person" />
<Entity id="14" label="person" />
<Entity id="11" label="parent" />
<feature featureName="annotator" featureValue="R.H., V.M." />
<feature featureName="rm_id" featureValue="doc43_5088_1" />
</Relation>
<Relation id="34" NAME="person_parent">
<Entity id="10" label="person" />
<Entity id="9" label="parent" />
<feature featureName="annotator" featureValue="R.H., V.M." />
<feature featureName="rm_id" featureValue="doc43_5088_2" />
</Relation>
<Relation id="35" NAME="sibling_relationship">
<Entity id="12" label="person" />
<Entity id="13" label="person" />
<Entity id="14" label="person" />
<feature featureName="annotator" featureValue="V.M., L.S." />
<feature featureName="rm_id" featureValue="doc43_5088_0_189" />
</Relation>
<Relation id="36" NAME="marriage">
<Entity id="15" label="person" />
<Entity id="16" label="person" />
<feature featureName="annotator" featureValue="R.H., V.M." />
<feature featureName="rm_id" featureValue="doc43_5421_1" />
</Relation>
<Relation id="37" NAME="person_parent">
<Entity id="18" label="person" />
<Entity id="17" label="parent" />
<feature featureName="annotator" featureValue="R.H., V.M." />
<feature featureName="rm_id" featureValue="doc43_5664_1" />
</Relation>
<Relation id="38" NAME="person_parent">
<Entity id="21" label="person" />
<Entity id="20" label="parent" />
<feature featureName="annotator" featureValue="R.H., V.M." />
<feature featureName="rm_id" featureValue="doc43_7232_1" />
</Relation>
<Relation id="39" NAME="person_parent">
<Entity id="19" label="person" />
<Entity id="21" label="parent" />
<feature featureName="annotator" featureValue="R.H., V.M." />
<feature featureName="rm_id" featureValue="doc43_7232_2" />
</Relation>
<Relation id="40" NAME="person_parent">
<Entity id="22" label="person" />
<Entity id="23" label="parent" />
<feature featureName="annotator" featureValue="R.H., V.M." />
<feature featureName="rm_id" featureValue="doc43_7970_1" />
</Relation>
<Relation id="41" NAME="person_parent">
<Entity id="25" label="person" />
<Entity id="24" label="parent" />
<feature featureName="annotator" featureValue="R.H., V.M." />
<feature featureName="rm_id" featureValue="doc43_9158_1" />
</Relation>
<Relation id="42" NAME="person_parent">
<Entity id="27" label="person" />
<Entity id="26" label="parent" />
<feature featureName="annotator" featureValue="R.H., V.M." />
<feature featureName="rm_id" featureValue="doc43_10734_1" />
</Relation></Relations>
</Document>
