<?xml version="1.0" encoding="UTF-8"?>
<Document>
<TEXT>Wherever he traveled for his job as managing director of foreign currency for Cantor Fitzgerald, Tim Soulas always kept in touch with his wife. But whether his calls came from Tokyo, London, Frankfurt or Singapore, one routine never varied. "He would be homesick," says <NODE id="270" />his<NODE id="273" /> wife, <NODE id="280" />Katy<NODE id="284" />, who was by the phone in Basking Ridge, N.J. "So we'd focus on one point in the sky, like the Big Dipper, and talk to each other, knowing that at least we were looking at the same point."

On the night of Sept. 11, when Tim, 35, who worked on the 105th floor of Tower One, didn't make it home, Katy, 36, who was then three months pregnant, gathered her five young children in her king-size bed and lulled them to sleep by saying the rosary. Then, she recalls, as she looked out her windows to a bright, starry sky, "a glow took over my room, and I knew he was with me. It was peaceful and beautiful. I said, 'Honey, where are you? I hope you're okay.' And he said, 'I am okay. I'm with God. And I don't want you to think about what it was like for me today.' "

The guiding light in Katy Soulas's sky is now gone. But for the past 12 months, despite unimagined hardships and the most profound grief, she has done her best to follow what she believes was a directive from her husband that fateful night. "What he was telling me was that I needed to step up to the plate," she says, using one of her sports-loving husband's favorite metaphors. "Because now, the pitches were going to come at me."

Some of those pitches have been almost too much to handle—such as the questions <NODE id="1561" />her<NODE id="1564" /> son <NODE id="1569" />Andrew<NODE id="1575" />, 10, asked: "Where is Daddy's body? Is it in pieces?" But there has also been joy. On March 30, surrounded by photos of Tim in the delivery room, <NODE id="1722" />Katy<NODE id="1726" /> gave birth to <NODE id="1741" />Daniel<NODE id="1747" />, their sixth child. "I was afraid," she says. "But I felt that he was holding my hand."

In fact, comfort has come from all quarters. In Basking Ridge, which lost 18 residents on Sept. 11, neighbors have rallied, making sure that she rarely has to cook meals, pay babysitters or worry about ferrying her older boys to countless football games. "We don't wait for her to ask," says friend and neighbor Amy Haskel, 41. "We just say, 'Katy, how many want to see the movie?' or 'We're going to the pool. Who wants to come?' "

Her extended family has also stepped up to the plate. <NODE id="2325" />Tim<NODE id="2328" />'s widowed father, <NODE id="2347" />Fred<NODE id="2351" />, 65, drives 130 miles from Ocean City once a week to help around the house and teach the kids poker and rummy. <NODE id="2463" />Tim<NODE id="2466" />'s brother <NODE id="2477" />Stephen<NODE id="2484" />, 40, comes up from Philadelphia every Wednesday to give his nieces and nephews "a regular night with someone who looks and smells a little like their dad." And when Katy's brother-in-law, Rick Soulas, 42, of Greensboro, N.C., announced to his own three kids that they were going to spend a month in school in Basking Ridge so that they could attend classes with their same-age cousins, "they looked at me, like, 'Are you kidding?' But when I told them why, they said, 'Okay, that's what we'll do.' "

In fact, the kindness—not just of family and friends, but of an entire nationwide community in mourning-has been one of the most sustaining sources of strength for Katy. "It touched my heart that so many people we don't know have been so good to us," she says, recalling the gifts sent to her by complete strangers. "It reminded me, after such a terrible thing, that people really are good."

Even more than that, it is her kids who have given her solace. "I look in Tim's eyes every day," says Katy, recalling the man who had been her sweetheart since their high school days in Pennsylvania. "It's the sparkle in Nicole, or his wisecrack from Chris's mouth, or his dedication to hockey that I see in Timmy." Her children have also provided her with a resolute sense of purpose. "I'm determined that the nightmare of Sept. 11 won't overshadow the childhood memories Tim and I created," she says firmly. "I want us to be a story of hope and courage."

They are, it seems, well on their way. There are still heartbreaking flashbacks—for Katy, "the many times that Tim is in my dreams, and I want to sleep again so that I can be with him;" for Timmy, 12, the daily memories of his father, especially "his funniness." The kids cuddle teddy bears that a neighbor made from Tim's old T-shirts and still pile into their mom's bed most nights because, as she says, "they're afraid of waking up and not finding me."

Still, Katy manages to soldier on, despite a host of worries. She is grateful for two $100,000 checks she has received—one from an insurance policy, the other from the Red Cross—as well as Cantor Fitzgerald's promise of $100,000 more over the next 10 years. She also plans eventually to return to work as an emergency room nurse. Even so, "I'm 36 years old with six children," she says. "Is there going to be a magic number that will make sure my kids have clothes and Santa Claus?"

She has put on a brave front, speaking before lawmakers on behalf of victims' families, lobbying in Washington for a victims' compensation fund and serving as a spokeswoman for a nondenominational support group that meets regularly in her home parish of St. James's. "Katy and her family are so compelling," says <NODE id="5191" />Susan McDermott<NODE id="5206" />, 35, a mother of three whose husband, <NODE id="5245" />Matthew<NODE id="5252" />, also worked for Cantor Fitzgerald and died Sept. 11. "It was wonderful having someone in a similar situation to talk to."

Far tougher are the day-to-day trials—like bath time for six without a ready helpmate. "I'll have two kids in the tub, two will start to quarrel, Nicole climbs into the sink and all of a sudden I'm having a flood," she says. "Not having a second set of eyes around is really hard." One night when the pressure got too great, "I went into the bathroom, shut the door and yelled at God: 'How could you leave me like this?' " When the kids heard, she chose not to hide her emotion. "They were angry at God for taking their daddy away, and to see that I was angry too was healing for them."

In fact, Katy has been honest with her kids from the start. When they asked, "I said, 'I think Daddy died from smoke,' " and added, "We have to count on each other, because it's not going to be easy." Now, when baby Danny starts to cry in the car, one of the other kids pops a pacifier into his mouth. Andrew has taken on the job of walking Boomer, the chocolate Lab that Katy gave Tim last year for his birthday. And while Timmy at first didn't want to play hockey after Sept. 11 because it was always something he shared with his dad, "to his credit, he got back out there and gave it everything he had," says <NODE id="6577" />Tim<NODE id="6580" />'s brother <NODE id="6591" />Rick<NODE id="6595" />. "I remember wondering, 'Where does a kid so young get the strength and determination?' "

One obvious source: his mother. At the moment Katy is trying to learn to throw spiral passes and jump from the high board at the local pool. "I know I can't be their father," she says. But according to the kids, she's not doing half bad. "When we were washing the car, she had the hose and she started spraying us," says Andrew. "And then we took the soap and we poured it on her, and she kept splashing us."

Those small flashes of joy—the moments when Katy thinks, "We're going to be happy again. We will survive"—are coming more often these days. Not long ago on one of her morning runs, Katy pondered how to mark the first anniversary of her husband's death. Suddenly, "I thought, Sept. 11 is Daddy's birthday in heaven, and it should be celebrated." Then she remembered the August day last year when the Soulases took a trip to the Jersey Shore. "Tim just loved the beach," she says. "He lived for it."

And so this Sept. 11 will find Katy packing her kids into the SUV and heading back to the beach, on a mission. On a day when the country will honor the memory of its lost loved ones, Katy and the Soulas kids will be doing that too.

They'll be the ones splashing in the ocean.

Answering the call Tywana Key lost no one on Sept. 11, but she found out something about herself. As she watched the TV in disbelief, "I felt a hole in me," says the 27-year-old. "I knew I had to get in a position to help people." On Oct. 1, Key, a former administrative assistant, enlisted in the Army. A Long Islander who had rarely left New York, she felt homesick and physically stressed during basic training at Fort Jackson in South Carolina, where she kicked her 11-year smoking habit on the spot. In the middle of the night she would hide in the bathroom and cry. But "every time the drill sergeant said I was going to fail," she says, "it just made me more determined. Every test I passed took me one step closer to being a soldier." Today the hardest part is living apart from <NODE id="8661" />her<NODE id="8664" /> son <NODE id="8669" />Christopher Roberts II<NODE id="8691" />, 5, and the boy's father, <NODE id="8718" />Christopher Roberts<NODE id="8737" />, 31, a disc jockey, whom <NODE id="8763" />she<NODE id="8766" /> married on <NODE id="8778" />Feb. 8<NODE id="8784" />. "My friends thought I was crazy to try to do something about 9/11 by myself," says Key, now stationed in Ft. Lee, Va. "But it's not all about me."

Ready for the next rescue

Just after the attacks on New York City, Bill Callinan, the fire chief of Southfork, Ky., <NODE id="9051" />his<NODE id="9054" /> wife, <NODE id="9061" />Roswitha<NODE id="9069" />, and fellow firefighter Ron Luster jumped into his car and drove nonstop for 13 hours to offer whatever help they could to the rescue crews at Ground Zero. Though the experience brought the Callinans face-to-face with unspeakable tragedy, it has strengthened their marriage immeasurably. "When you're married, you can drift in different directions," says Bill, 49, who has been fighting fires for 19 years. "She didn't really understand what I do. Then we worked side by side. Now she knows."

After four days at Ground Zero, the trio could think about only one thing during the drive back. "We all kept saying, 'What more can we do?' " recalls Callinan. They went to work forming a highly trained volunteer rescue squad, ready to travel anywhere in the country to assist at catastrophes. "People out here—we just have an overwhelming desire to help," Callinan says. The Southfork Tactical Rescue unit, an 11-member team that includes EMTs, MDs, RNs, firefighters and police officers, is designed to be able to mobilize within two hours of news of a disaster. So far, so good. "If we never go out, that's okay," Callinan says. "It will just mean that nothing bad has happened."

Linking lives one stitch at a time

Sometimes beauty is born from frustration. That was the case for Alexis Owen, a freelance writer who watched the towers collapse from her balcony in Brooklyn. Wanting to help, she rushed to give blood but none was needed; she tried to volunteer her services but found a long waiting list. So Owen, 26, came up with her own way to pitch in. She moved back to Denver to be closer to her family, and with <NODE id="10687" />her<NODE id="10690" /> mother, retired Realtor <NODE id="10715" />Pamela Moye<NODE id="10726" />, 55, quilted a huge American flag out of small panels inscribed with personal messages (including one from Laura Bush). "It was my way of not only helping other people heal but of healing myself," she says. "I realized what I needed was to reach out and not feel so alone and scared about what happened."

The project also brought Owen and her mother closer together. When their 60-by-120-ft. flag—made up of more than 3,000 panels received from people in nearly every state—was unfurled for the first time in New York City on July 4, "we hugged for a long time," she says. "We were totally speechless." On Sept. 11 the flag will grace the Capitol lawn and after that may be taken on a national tour. "It helps people share their emotions with thousands of other people," says Owen. "When it comes to Sept. 11, we're all in this together."

Filling his brother's boots Both brothers dreamed of being New York City firefighters. But when Michael Cammarata scored two points higher on the entrance exam, he was able to join the department months earlier than <NODE id="11784" />his<NODE id="11787" /> older brother <NODE id="11802" />Joseph<NODE id="11808" />, an NYPD officer. Then on Sept. 11, Michael, 22, became the youngest fireman to lose his life. "I was never gonna let that stop me," says Joe, 25, who joined Staten Island Engine 157, Ladder 80, in March. "It was the last thing [Michael] knew I was gonna do," he says, adding, "Although I lost my blood brother, I feel I gained 12,000 brothers."

The hand of fate, and friendship

One man was drenched in blood and gasping for every breath. The other, a stranger, lent a handkerchief and an arm to lean on. Together they made their way down nearly 60 flights of the burning south tower. "Once this is over," the bloody man promised, "I'll buy you a beer."

The two emerged only minutes before the building collapsed, and, a few weeks later, finally shared that beer. Today Silvion Ramsundar, 31, and the man who helped him, Doug Brown, 55, share something else: a powerful, life-affirming friendship. "I'll forever be indebted to him," says Ramsundar, one of only 16 people from above the 77th floor of the south tower to survive the attacks. "I can't forget what he did for me."

Then an assistant vice president for Mizuho Capital Markets, Ramsundar was on the north end of the 78th floor—one of the impact floors—when the second plane hit the tower's south side. A fist-sized piece of metal lodged near his heart and his left lung collapsed; still, he hobbled down the only serviceable stairway. Around the 60th floor, Doug Brown, an executive director at Morgan Stanley, held a handkerchief to Ramsundar's bleeding chest and stayed with him the rest of the way. Without Brown, Ramsundar believes, he might not have survived.

They are of different generations and hail from separate parts of the world—Ramsundar was born in Guyana to Indian parents, Brown is from South Bend, Ind.—but their journey to safety that day forged an instant bond. Their families (Brown and <NODE id="13681" />his<NODE id="13684" /> wife, <NODE id="13691" />Alice<NODE id="13696" />, 56, have two grown children, while <NODE id="13733" />Ramsundar<NODE id="13742" /> and wife <NODE id="13752" />Nimmi<NODE id="13757" />, 30, have a 5-year-old daughter, <NODE id="13791" />Mariah<NODE id="13797" />) also felt an immediate closeness when they met. "We all hugged," Alice recalls. "Lots of hugs, lots of tears."

And lots of changes too. Brown says he is now "doing things I've always wanted to do," such as tutoring an inner-city child. Ramsundar has trouble using his left arm and faces many more months of rehabilitation. Now when the two men look back on Sept. 11, they focus not on what was lost but on what was gained. After Nimmi quit working as a teacher to be with her husband, Brown helped her find a job at Morgan Stanley. Brown's sister also raised $1,500 for Ramsundar's family. On holidays their two clans come together, as if they were all old friends.

In this way, two men weather the worst crisis of their lives. "It's bad that we met under those circumstances," says Ramsundar, "but maybe it was meant to be that we become friends."

Where his son died, a father finds strength

The last time Michael Flocco saw <NODE id="14729" />his<NODE id="14732" /> son <NODE id="14737" />Matthew<NODE id="14744" />, 21, was on Sept. 9. They had their usual exchange. "I remember saying, 'There's only one thing better than you.' And he said, 'I know—two of me,' " Flocco, a Newark, Del., sheet metal worker, recalls. "He gave me the high five."

After the Pentagon attack claimed the life of their only child, Michael and <NODE id="15052" />his<NODE id="15055" /> wife, <NODE id="15062" />Sheila<NODE id="15068" />, lost their way. "I was drinking a fifth of whiskey every night," says Flocco, 54; Sheila, 47, was too distraught to work and quit her job as a grocery-store cashier. Then, in January, Michael was hired to help repair an interior ring of the Pentagon. On his first day he headed straight to the spot where Matthew, a Navy meteorologist, was killed. Since then he has reported to the site daily, swinging a sledgehammer in an act of remembrance and healing. "It's been an honor helping to rebuild the Pentagon," Flocco says. "I've found strength there."

While on the job, Flocco has been living temporarily in a Winnebago in Maryland, but he will soon head home, bringing with him a new peace of mind. "I'd have gone crazy without the work," says Flocco, who with Sheila started a high school baseball scholarship in Matthew's memory. "And I feel like my son's still there, helping me."

He took the calls. Always

Last February, Wallace Miller, the coroner of Somerset County, Pa., arranged a meeting for all the families who lost relatives in the crash of Flight 93, which plowed into a field just outside Shanksville. He wanted to explain the process of recovering and identifying remains but also to help the families set up a network of support and remembrance. Miller worried, though, that someone would break down during the meeting—and someone did. "Turns out I was the first person who was overcome," says Miller, 45, who also runs two local funeral homes. "I'm an emotional guy. I have a tendency to get involved."

That's been a saving grace for all those who lost loved ones on Flight 93. "He has treated us with the utmost compassion," says <NODE id="16723" />Lisa Beamer<NODE id="16734" />, whose husband, <NODE id="16751" />Todd<NODE id="16755" />, died on the plane. "I would put him in the category of hero." From the moment Miller first glimpsed the crash site—just burning trees and a huge crater—he realized his was going to be more a job for a funeral director than a coroner. There was no mystery about how the 44 aboard Flight 93 died. His duty was to bring comfort to the survivors. "He knows how to handle death," says friend Mike Shealer, who coaches track and field with Miller at the local high school. "That's what those people needed."

So Miller, who is married and has an 18-year-old stepdaughter, made himself the point person for the grieving families. He gave them his office, home and cell phone numbers and invited them to call any time of day or night. (They did.) Countless times he escorted families to the crash site. He listened and tried to help them with their heartbreak. "I just tried to think of what I would say if my daughter was killed out of town," he says. As the Sept. 11 anniversary approaches, the crash site remains—at the families' urging—under Miller's tender jurisdiction. He had the county spread topsoil over the ground, and fresh grass was planted. Recently, during a visit there with one of the families, he found a flock of wild turkeys cozily roosting in the field. "It made me feel," he says, "like nature has returned."

On the front line against hate

Marine Staff Sgt. Jamal Baadani, in uniform, and a buddy were at the Tampa airport in April when a man who had been randomly searched gestured toward them and said, "Get those two, they look like terrorists." Baadani, 36, was saddened but hardly surprised. In recent months Baadani—born in Cairo to Muslim parents—has discovered that even the uniform he first put on at 17 offers little defense against post-Sept. 11 prejudice. "I knew in my heart that I had to speak up to educate others," he says, "so people don't think anyone Middle Eastern is a terrorist."

Baadani has been doing just that, through lectures across the country and his new group, the Association of Patriotic Arab Americans in the Military (which now has more than 300 members from all military branches). Says Baadani: "I am a proud American."

Flying in the face of danger

Thomas Heidenberger, a pilot for US Airways, keenly feels the loss of <NODE id="19031" />his<NODE id="19034" /> wife, <NODE id="19041" />Michele<NODE id="19048" />, but he also feels her spirit more strongly than ever. Michele, 52, a flight attendant, died aboard American Airlines Flight 77, which crashed into the Pentagon. Married for almost 30 years with two children, <NODE id="19258" />Thomas<NODE id="19264" />, 16, and <NODE id="19274" />Alison<NODE id="19280" />, 21, the Heidenbergers had been planning a trip to Italy to celebrate their anniversary at the time Michele died.

In this year, Heidenberger, 56, has discovered resources he never imagined. "The biggest surprise," he says, "was how strong my kids are. If it weren't for that, I don't know what I would do." Then there's his own resilience. At first he was understandably anxious about flying again. But within a month of Sept. 11 Heidenberger was back on the job. "Just going to work shows that I'm not going to let the bastards win," he says. Heidenberger is also fighting back in a more public forum. He has lobbied lawmakers on Capitol Hill to pass legislation allowing pilots to carry guns. An avid jogger and marathoner, he took part last fall in several segments of a coast-to-coast run organized by pilots to honor fallen crew members by carrying an American flag from Boston to Los Angeles. Since then he has taken to carrying a flag almost every time he competes in a race, and he says he feels his wife's presence at the finish line. "Michele and I had a good run," says Heidenberger. "My children had a mother. I had a wife. I had a lover. And I had her for 30 years."

A legacy of love

Jeff Collman and Keith Bradkowski, who had been together for 11 years, were officially registered as domestic partners in California. Yet when Collman, 41, a flight attendant on American Airlines Flight 11, died without a will, a family feud erupted. As next of kin, <NODE id="20748" />Collman<NODE id="20755" />'s father, <NODE id="20766" />Dwayne<NODE id="20772" />, staked a claim to the estimated $250,000 available from the federal victim's compensation fund. Since only a single survivor is eligible to collect for each victim, that would have left Bradkowski out in the cold.

From the initial ugliness, a sort of harmony has emerged. Although they were never close, Bradkowski, 46, called <NODE id="21102" />Collman<NODE id="21109" />'s mom, <NODE id="21117" />Beverly Sutton<NODE id="21131" /> (who is divorced from <NODE id="21154" />Dwayne<NODE id="21160" />), in April, and they talked for an hour. She agreed with Bradkowski that he should inherit her son's estate. That led to a face-to-face visit in Illinois and regular chats and e-mails. "It meant a great deal when she acknowledged who I was," says Bradkowski, a Bay Area hospital administrator. Even Dwayne Collman may be coming round; lawyers working on behalf of the two sides now say an agreement about the estate could be finalized soon, perhaps in time for the first anniversary of the tragedy. In the meantime, Beverly Sutton has discovered she has a son-in-law. "What better way to honor Jeff than to become a family again?" she says.

The last survivor

Roger McMillan won't be at work on Sept. 11. "I'm going to stay home and enjoy what I almost lost," says the 39-year-old New York City print-shop employee. Last year his girlfriend Genelle Guzman—the last person to be pulled from the World Trade Center alive—was working as an administrative assistant for the Port Authority on the 64th floor of Tower One. When the attack occurred she scrambled down 51 flights of stairs before the building collapsed, burying her in concrete and metal. "It felt like an earthquake or a hurricane," says Genelle, 31, who spent 27 hours in the rubble before rescuers reached her. "I was thinking, 'I'm going to die.' "

Her right leg was crushed, her head swollen to three times its normal size. She was hospitalized for just over a month, and at one point doctors feared they would not be able to save her leg. But one thing in Genelle's life was certain. "Every minute I opened my eyes in the hospital," she says, "Roger was at my side." After four operations and months of physical therapy, she can walk again unaided, although she has a permanent limp.

From her hospital bed Genelle, a native of Trinidad who moved to New York in 1999, asked Roger a question that had been on her mind for years. "I said, 'Honey, when I come out, let's go to City Hall and get married,' " she says. They did, and on July 13 the couple repeated their vows before friends and family—including Genelle's 13-year-old daughter from a previous relationship—at a Manhattan restaurant. For Genelle McMillan, who says she no longer has nightmares about Sept. 11, that was the happiest day she has had since being released from the hospital. "I was given a new life," she says. "I feel like nothing is impossible."

Stronger by the day

In loss, five widows (as seen above, left to right) have risen to the challenge—and have made an impact.

Ginny Bauer With the death of <NODE id="23706" />her<NODE id="23709" /> husband, <NODE id="23719" />David<NODE id="23724" />, 45, a brokerage-firm sales director, Bauer successfully lobbied Congress for a two-year federal tax break for victims' families. Now raising three teens on her own, Bauer, 46, says, "The old adage, Adversity brings you strength, is true."

Monica Gabrielle In tribute to <NODE id="23997" />her<NODE id="24000" /> husband, <NODE id="24010" />Richard<NODE id="24017" />, 50, an insurance executive, Gabrielle persuaded Washington lawmakers to fully investigate why the burning WTC buildings fell to the ground. "It won't bring back Rich," says Gabrielle, 50, "but it's empowering to see changes."

Monica Iken A Bronx schoolteacher, Iken, 32, has led the fight to delay reconstruction at Ground Zero until plans are in place for a memorial honoring the nearly 3,000 victims, who included <NODE id="24436" />Iken<NODE id="24440" />'s husband, <NODE id="24452" />Michael<NODE id="24459" />, 37, a bond broker.

Marian Fontana Mobilizing the families of firefighters, Fontana, who is the mother of a 6-year-old son and lost <NODE id="24593" />her<NODE id="24596" /> firefighter husband, <NODE id="24618" />Dave<NODE id="24622" />, 38, seeks to win financial help for the survivors and respect for their fallen loved ones. Says Fontana, 36, an actress and writer: "I felt like I didn't have a choice."

Beverly Eckert Eckert, 51, an insurance executive like <NODE id="24850" />her<NODE id="24853" /> late husband, <NODE id="24868" />Sean<NODE id="24872" />, 50, has created a Web site for civilian victims' families, pushed for safer skyscrapers and demanded a blue-ribbon investigation of events on and before Sept. 11. "We need to learn from this," she says. "We need to make sure that the deaths of 3,000 were not in vain."

Healing herself, helping others

About a month after her brother-in-law Terence Manning, a New York City computer consultant, died at the World Trade Center, Carolyn Manning was leafing through the newspaper in her Scottsdale, Ariz., home. She wasn't searching for a way to lift herself out of her grief—but that is exactly what she discovered in the pages of the Scottsdale Tribune. It came in an article about refugees from Afghanistan who had recently come to America to escape persecution. "We are different socially and economically," Manning, 37, recalls thinking, "but we share a common enemy."

Manning, who has five children with <NODE id="25783" />her<NODE id="25786" /> husband, <NODE id="25796" />Philip<NODE id="25802" />, 39, a UPS driver, created the Welcome to America Project, a group that has helped some 150 immigrants from countries like Iraq and Albania to furnish their new homes with goods donated by individuals, churches and corporations. "When people have a sense of belonging," Manning says, "they're much less likely to hate." While her work hasn't erased her pain, it has helped. "This," she says, "is my memorial to Terence."

Love among the ruins

It was New York City firefighter John Mraz's first-ever massage, and he needed it. "I felt his neck and shoulders shiver with relief," says Dawna LoPiccolo, a masseuse who frequently volunteered at Ground Zero and had come there on Christmas Day because she couldn't bear to stay away. "At the end, we hugged. I felt it down to my toes. Our bodies sighed." Says Mraz, who had lost 25 buddies on Sept. 11: "I didn't want to let her go." Less than two weeks later LoPiccolo, 36, and Mraz, 43, arranged to meet at a hotel bar in Uniondale, N.Y. "We were there for 11 hours," says <NODE id="26824" />LoPiccolo<NODE id="26833" />, then a single mother to <NODE id="26859" />Gillian Rose<NODE id="26871" />, 3. "We just sat there talking, crying, hugging. I came home and told my mom, 'I met my forever guy.' "

Today, "Love, Your Forever Girl" is engraved on Mraz's gold wedding band. Still, getting to the altar wasn't without complications. <NODE id="27109" />Mraz<NODE id="27113" />, a firefighter with Engine 248 in Flatbush, Brooklyn, was a widower with an 8-year-old son, <NODE id="27206" />John James<NODE id="27216" />; <NODE id="27218" />Rosemary<NODE id="27226" />, <NODE id="27228" />his<NODE id="27231" /> wife of nearly 20 years, had died of a heart attack at age 39 in May 2001. When he proposed to LoPiccolo two months after their first date, "some of the guys in the firehouse wondered why I was rushing into it," says Mraz. "I never thought I'd get remarried. But on that Christmas Day, we connected."

On June 5 the pair wed at a memorial near Ground Zero. "It was just immediate family—we didn't want to appear to be overcelebrating," says LoPiccolo, whose 1993 marriage ended in divorce. Today they are raising their blended family at Mraz's home in Brooklyn. "My son told Dawna, 'Mom sent you,' " says Mraz. Adds LoPiccolo: "For all the children who lost a parent [on Sept. 11], a little boy gained a mommy and a little girl now has a daddy. It's humbling."

It's not about the paycheck

He was about to begin a lucrative career at Morgan Stanley with a $75,000-a-year job and a window office. Then the planes struck, and he barely escaped Tower 2. Days later this 23-year-old son of immigrants from Ecuador contacted the CIA. "I want to work for you guys," he told them. "If there's anything I can do to speed up the process, let me know."

A computer whiz and jujitsu black belt, Javier (not his real name) now earns about half what he would have made at Morgan Stanley. But at CIA headquarters in Langley, Va., where he works in a cubicle on classified systems, he is "in the game," he says. "We need a world where everyone feels protected. This wasn't a difficult choice."

A diary of Ground Zero He made unforgettable images of twisted beams and dirtcaked workers-"whatever moved me," says Joel Meyerowitz, 64, who became the unofficial Ground Zero photographer. During nine months in the pit, Meyerowitz gave up his other photography work to produce an archive of thousands of photos, which have been exhibited in more than 160 cities. "People tell me, 'I'm shocked, but they're beautiful,' " he says, adding that "seeing different races and creeds come together at Ground Zero was the most moving thing I've ever seen."

A boost from the Boss They were major Bruce Springsteen fans, Stacey and Joe Farrelly, two New Jerseyites who had seen him perform 15, maybe 20 times. Then Joe, a New York Fire Department captain, died in the attacks. A few weeks later Stacey, 44, was surprised to pick up the phone and hear Springsteen's familiar voice. "We talked about Sept. 11, about our children, about Joe," she says. "I was on a high for a good month and a half from that." Springsteen, who wrote several songs about Sept. 11 for his album The Rising, also invited Stacey and her three children to a few concerts. Seeing him play "was hard," she says. "I could see Joe there, singing and dancing." But knowing Springsteen cares "really does help," she says. "It makes you feel less alone."

An act of kindness, a gift of thanks

The pilot announced an emergency landing due to a minor malfunction. But the 218 passengers on Delta Flight 15 learned the awful truth when they touched down in Gander, Newfoundland: All U.S. flights had been grounded because of the terrorist attacks. "We were all in shock," says Shirley Brooks-Jones, 66, a retired college administrator flying from Frankfurt, Germany, to Atlanta. "We were worried about our safety and families."

It was then, in the darkest of hours, that goodness prevailed. All told, 6,500 people from dozens of planes were stranded in Newfoundland. Flight 15's passengers were bused, without their bags, to Lewisporte, a small fishing town of 3,300 people. Despite the region's bleak economy (unemployment in Newfoundland exceeds 16 percent), the townspeople opened their homes to the passengers, stacked tables with food, converted schools and churches to sleeping quarters and provided banks of telephones and piles of free toiletries and medicine. "We have a tradition of helping our neighbors," says the town's mayor, Bill Hooper, who hosted Brooks-Jones in his home. "We treat our guests the same way."

The passengers found a way to say thanks. On the flight back to the U.S. three days later, Brooks-Jones and others collected $15,000 in pledges for a scholarship fund for Lewisporte high schoolers; Delta and other donors soon upped it to $50,000. This June, 14 seniors each received a small award upon graduation. Brooks-Jones, who oversees the scholarship program, returned to Lewisporte to watch the ceremony. "They were so excited," she says. "I thought my heart was going to burst."

A born New Yorker

Many Americans love New York, but few are as hooked as Trish and Christopher Coyne. While they were courting, says Trish, a videographer, New York was a place the Houston couple found "magical." Sept. 11 didn't deter them from their planned October honeymoon in the Big Apple—but, as it did for many Americans, it changed the way they thought about their future. "We realized you could just walk out the door one day and not come back," says Trish, 29, who, with Chris, 37, a retail-inventory manager, vowed to start living more fully in the here and now. "So we decided we would try to start a family while we were in New York for our honeymoon."

Two months later a queasy Trish learned she was pregnant. On July 1 <NODE id="32422" />she<NODE id="32425" /> gave birth to a healthy baby girl, <NODE id="32461" />Nicole Yvette Coyne<NODE id="32480" />. "You can never take back the tragedy," says Chris. "But you have to rebuild. This is our way of rebuilding. When she's old enough to understand, we'll explain to her why her initials are N.Y.C."</TEXT>
<Meta /><Entities>
<Entity id="0" startPos="270" endPos="273" type="person" surface="his">
<feature featureName="cm_id" featureValue="29_1" />
<feature featureName="annotator" featureValue="R.H., V.M." /></Entity>
<Entity id="1" startPos="280" endPos="284" type="person" surface="Katy">
<feature featureName="cm_id" featureValue="39_2" />
<feature featureName="annotator" featureValue="R.H., V.M." /></Entity>
<Entity id="2" startPos="1561" endPos="1564" type="person" surface="her">
<feature featureName="cm_id" featureValue="80_1" />
<feature featureName="annotator" featureValue="R.H., V.M." /></Entity>
<Entity id="3" startPos="1569" endPos="1575" type="person" surface="Andrew">
<feature featureName="cm_id" featureValue="88_2" />
<feature featureName="annotator" featureValue="R.H., V.M." /></Entity>
<Entity id="4" startPos="1722" endPos="1726" type="person" surface="Katy">
<feature featureName="cm_id" featureValue="63_3" />
<feature featureName="annotator" featureValue="R.H., V.M." /></Entity>
<Entity id="5" startPos="1741" endPos="1747" type="person" surface="Daniel">
<feature featureName="cm_id" featureValue="82_2" />
<feature featureName="annotator" featureValue="R.H., V.M." /></Entity>
<Entity id="6" startPos="2325" endPos="2328" type="person" surface="Tim">
<feature featureName="cm_id" featureValue="0_1" />
<feature featureName="annotator" featureValue="R.H., V.M." /></Entity>
<Entity id="7" startPos="2347" endPos="2351" type="person" surface="Fred">
<feature featureName="cm_id" featureValue="22_2" />
<feature featureName="annotator" featureValue="R.H., V.M." /></Entity>
<Entity id="8" startPos="2463" endPos="2466" type="person" surface="Tim">
<feature featureName="cm_id" featureValue="0_2" />
<feature featureName="annotator" featureValue="R.H., V.M." /></Entity>
<Entity id="9" startPos="2477" endPos="2484" type="person" surface="Stephen">
<feature featureName="cm_id" featureValue="14_1" />
<feature featureName="annotator" featureValue="R.H., V.M." /></Entity>
<Entity id="10" startPos="5191" endPos="5206" type="person" surface="Susan McDermott">
<feature featureName="cm_id" featureValue="46_4" />
<feature featureName="annotator" featureValue="R.H., V.M." /></Entity>
<Entity id="11" startPos="5245" endPos="5252" type="person" surface="Matthew">
<feature featureName="cm_id" featureValue="100_2" />
<feature featureName="annotator" featureValue="R.H., V.M." /></Entity>
<Entity id="12" startPos="6577" endPos="6580" type="person" surface="Tim">
<feature featureName="cm_id" featureValue="198_4" />
<feature featureName="annotator" featureValue="R.H., V.M." /></Entity>
<Entity id="13" startPos="6591" endPos="6595" type="person" surface="Rick">
<feature featureName="cm_id" featureValue="212_1" />
<feature featureName="annotator" featureValue="R.H., V.M." /></Entity>
<Entity id="14" startPos="8661" endPos="8664" type="person" surface="her">
<feature featureName="cm_id" featureValue="44_4" />
<feature featureName="annotator" featureValue="R.H., V.M." /></Entity>
<Entity id="15" startPos="8669" endPos="8691" type="person" surface="Christopher Roberts II">
<feature featureName="cm_id" featureValue="52_3" />
<feature featureName="annotator" featureValue="R.H., V.M." /></Entity>
<Entity id="16" startPos="8718" endPos="8737" type="person" surface="Christopher Roberts">
<feature featureName="cm_id" featureValue="101_1" />
<feature featureName="annotator" featureValue="R.H., V.M." /></Entity>
<Entity id="17" startPos="8763" endPos="8766" type="person" surface="she">
<feature featureName="cm_id" featureValue="146_2" />
<feature featureName="annotator" featureValue="R.H., V.M." /></Entity>
<Entity id="18" startPos="8778" endPos="8784" type="date" surface="Feb. 8">
<feature featureName="date_day" featureValue="8" />
<feature featureName="cm_id" featureValue="161_5" />
<feature featureName="annotator" featureValue="V.M." />
<feature featureName="date_month" featureValue="February" /></Entity>
<Entity id="19" startPos="9051" endPos="9054" type="person" surface="his">
<feature featureName="cm_id" featureValue="90_2" />
<feature featureName="annotator" featureValue="R.H., V.M." /></Entity>
<Entity id="20" startPos="9061" endPos="9069" type="person" surface="Roswitha">
<feature featureName="cm_id" featureValue="100_4" />
<feature featureName="annotator" featureValue="R.H., V.M." /></Entity>
<Entity id="21" startPos="10687" endPos="10690" type="person" surface="her">
<feature featureName="cm_id" featureValue="62_1" />
<feature featureName="annotator" featureValue="R.H., V.M." /></Entity>
<Entity id="22" startPos="10715" endPos="10726" type="person" surface="Pamela Moye">
<feature featureName="cm_id" featureValue="90_2" />
<feature featureName="annotator" featureValue="R.H., V.M." /></Entity>
<Entity id="23" startPos="11784" endPos="11787" type="person" surface="his">
<feature featureName="cm_id" featureValue="129_2" />
<feature featureName="annotator" featureValue="R.H., V.M." /></Entity>
<Entity id="24" startPos="11802" endPos="11808" type="person" surface="Joseph">
<feature featureName="cm_id" featureValue="147_3" />
<feature featureName="annotator" featureValue="R.H., V.M." /></Entity>
<Entity id="25" startPos="13681" endPos="13684" type="person" surface="his">
<feature featureName="cm_id" featureValue="26_2" />
<feature featureName="annotator" featureValue="R.H., V.M." /></Entity>
<Entity id="26" startPos="13691" endPos="13696" type="person" surface="Alice">
<feature featureName="cm_id" featureValue="36_3" />
<feature featureName="annotator" featureValue="R.H., V.M." /></Entity>
<Entity id="27" startPos="13733" endPos="13742" type="person" surface="Ramsundar">
<feature featureName="cm_id" featureValue="78_1" />
<feature featureName="annotator" featureValue="R.H., V.M." /></Entity>
<Entity id="28" startPos="13752" endPos="13757" type="person" surface="Nimmi">
<feature featureName="cm_id" featureValue="97_5" />
<feature featureName="annotator" featureValue="R.H., V.M." /></Entity>
<Entity id="29" startPos="13791" endPos="13797" type="person" surface="Mariah">
<feature featureName="cm_id" featureValue="136_6" />
<feature featureName="annotator" featureValue="R.H., V.M." /></Entity>
<Entity id="30" startPos="14729" endPos="14732" type="person" surface="his">
<feature featureName="cm_id" featureValue="33_3" />
<feature featureName="annotator" featureValue="R.H., V.M." /></Entity>
<Entity id="31" startPos="14737" endPos="14744" type="person" surface="Matthew">
<feature featureName="cm_id" featureValue="41_2" />
<feature featureName="annotator" featureValue="R.H., V.M." /></Entity>
<Entity id="32" startPos="15052" endPos="15055" type="person" surface="his">
<feature featureName="cm_id" featureValue="76_2" />
<feature featureName="annotator" featureValue="R.H., V.M." /></Entity>
<Entity id="33" startPos="15062" endPos="15068" type="person" surface="Sheila">
<feature featureName="cm_id" featureValue="86_1" />
<feature featureName="annotator" featureValue="R.H., V.M." /></Entity>
<Entity id="34" startPos="16723" endPos="16734" type="person" surface="Lisa Beamer">
<feature featureName="cm_id" featureValue="53_3" />
<feature featureName="annotator" featureValue="R.H., V.M." /></Entity>
<Entity id="35" startPos="16751" endPos="16755" type="person" surface="Todd">
<feature featureName="cm_id" featureValue="81_2" />
<feature featureName="annotator" featureValue="R.H., V.M." /></Entity>
<Entity id="36" startPos="19031" endPos="19034" type="person" surface="his">
<feature featureName="cm_id" featureValue="70_1" />
<feature featureName="annotator" featureValue="R.H., V.M." /></Entity>
<Entity id="37" startPos="19041" endPos="19048" type="person" surface="Michele">
<feature featureName="cm_id" featureValue="80_4" />
<feature featureName="annotator" featureValue="R.H., V.M." /></Entity>
<Entity id="38" startPos="19258" endPos="19264" type="person" surface="Thomas">
<feature featureName="cm_id" featureValue="47_3" />
<feature featureName="annotator" featureValue="R.H., V.M." /></Entity>
<Entity id="39" startPos="19274" endPos="19280" type="person" surface="Alison">
<feature featureName="cm_id" featureValue="63_2" />
<feature featureName="annotator" featureValue="R.H., V.M." /></Entity>
<Entity id="40" startPos="20748" endPos="20755" type="person" surface="Collman">
<feature featureName="cm_id" featureValue="16_1" />
<feature featureName="annotator" featureValue="R.H., V.M." /></Entity>
<Entity id="41" startPos="20766" endPos="20772" type="person" surface="Dwayne">
<feature featureName="cm_id" featureValue="34_2" />
<feature featureName="annotator" featureValue="R.H., V.M." /></Entity>
<Entity id="42" startPos="21102" endPos="21109" type="person" surface="Collman">
<feature featureName="cm_id" featureValue="55_4" />
<feature featureName="annotator" featureValue="R.H., V.M." /></Entity>
<Entity id="43" startPos="21117" endPos="21131" type="person" surface="Beverly Sutton">
<feature featureName="cm_id" featureValue="70_3" />
<feature featureName="annotator" featureValue="R.H., V.M." /></Entity>
<Entity id="44" startPos="21154" endPos="21160" type="person" surface="Dwayne">
<feature featureName="cm_id" featureValue="107_2" />
<feature featureName="annotator" featureValue="R.H., V.M." /></Entity>
<Entity id="45" startPos="23706" endPos="23709" type="person" surface="her">
<feature featureName="cm_id" featureValue="30_3" />
<feature featureName="annotator" featureValue="R.H., V.M." /></Entity>
<Entity id="46" startPos="23719" endPos="23724" type="person" surface="David">
<feature featureName="cm_id" featureValue="43_1" />
<feature featureName="annotator" featureValue="R.H., V.M." /></Entity>
<Entity id="47" startPos="23997" endPos="24000" type="person" surface="her">
<feature featureName="cm_id" featureValue="31_4" />
<feature featureName="annotator" featureValue="R.H., V.M." /></Entity>
<Entity id="48" startPos="24010" endPos="24017" type="person" surface="Richard">
<feature featureName="cm_id" featureValue="44_2" />
<feature featureName="annotator" featureValue="R.H., V.M." /></Entity>
<Entity id="49" startPos="24436" endPos="24440" type="person" surface="Iken">
<feature featureName="cm_id" featureValue="190_4" />
<feature featureName="annotator" featureValue="R.H., V.M." /></Entity>
<Entity id="50" startPos="24452" endPos="24459" type="person" surface="Michael">
<feature featureName="cm_id" featureValue="206_2" />
<feature featureName="annotator" featureValue="R.H., V.M." /></Entity>
<Entity id="51" startPos="24593" endPos="24596" type="person" surface="her">
<feature featureName="cm_id" featureValue="112_3" />
<feature featureName="annotator" featureValue="R.H., V.M." /></Entity>
<Entity id="52" startPos="24618" endPos="24622" type="person" surface="Dave">
<feature featureName="cm_id" featureValue="137_1" />
<feature featureName="annotator" featureValue="R.H., V.M." /></Entity>
<Entity id="53" startPos="24850" endPos="24853" type="person" surface="her">
<feature featureName="cm_id" featureValue="55_2" />
<feature featureName="annotator" featureValue="R.H., V.M." /></Entity>
<Entity id="54" startPos="24868" endPos="24872" type="person" surface="Sean">
<feature featureName="cm_id" featureValue="73_1" />
<feature featureName="annotator" featureValue="R.H., V.M." /></Entity>
<Entity id="55" startPos="25783" endPos="25786" type="person" surface="her">
<feature featureName="cm_id" featureValue="36_2" />
<feature featureName="annotator" featureValue="R.H., V.M." /></Entity>
<Entity id="56" startPos="25796" endPos="25802" type="person" surface="Philip">
<feature featureName="cm_id" featureValue="49_3" />
<feature featureName="annotator" featureValue="R.H., V.M." /></Entity>
<Entity id="57" startPos="26824" endPos="26833" type="person" surface="LoPiccolo">
<feature featureName="cm_id" featureValue="141_1" />
<feature featureName="annotator" featureValue="R.H., V.M." /></Entity>
<Entity id="58" startPos="26859" endPos="26871" type="person" surface="Gillian Rose">
<feature featureName="cm_id" featureValue="176_3" />
<feature featureName="annotator" featureValue="R.H., V.M." /></Entity>
<Entity id="59" startPos="27109" endPos="27113" type="person" surface="Mraz">
<feature featureName="cm_id" featureValue="0_4" />
<feature featureName="annotator" featureValue="R.H., V.M." /></Entity>
<Entity id="60" startPos="27206" endPos="27216" type="person" surface="John James">
<feature featureName="cm_id" featureValue="97_3" />
<feature featureName="annotator" featureValue="R.H., V.M." /></Entity>
<Entity id="61" startPos="27218" endPos="27226" type="person" surface="Rosemary">
<feature featureName="cm_id" featureValue="109_1" />
<feature featureName="annotator" featureValue="R.H., V.M." /></Entity>
<Entity id="62" startPos="27228" endPos="27231" type="person" surface="his">
<feature featureName="cm_id" featureValue="119_2" />
<feature featureName="annotator" featureValue="R.H., V.M." /></Entity>
<Entity id="63" startPos="32422" endPos="32425" type="person" surface="she">
<feature featureName="cm_id" featureValue="10_1" />
<feature featureName="annotator" featureValue="R.H., V.M." /></Entity>
<Entity id="64" startPos="32461" endPos="32480" type="person" surface="Nicole Yvette Coyne">
<feature featureName="cm_id" featureValue="49_2" />
<feature featureName="annotator" featureValue="R.H., V.M." /></Entity></Entities><Relations>
<Relation id="65" NAME="marriage">
<Entity id="0" label="person" />
<Entity id="1" label="person" />
<feature featureName="annotator" featureValue="R.H., V.M." />
<feature featureName="rm_id" featureValue="doc42_241_1" />
</Relation>
<Relation id="66" NAME="person_parent">
<Entity id="3" label="person" />
<Entity id="2" label="parent" />
<feature featureName="annotator" featureValue="R.H., V.M." />
<feature featureName="rm_id" featureValue="doc42_1481_1" />
</Relation>
<Relation id="67" NAME="person_parent">
<Entity id="5" label="person" />
<Entity id="4" label="parent" />
<feature featureName="annotator" featureValue="R.H., V.M." />
<feature featureName="rm_id" featureValue="doc42_1659_1" />
</Relation>
<Relation id="68" NAME="person_parent">
<Entity id="6" label="person" />
<Entity id="7" label="parent" />
<feature featureName="annotator" featureValue="R.H., L.S." />
<feature featureName="rm_id" featureValue="doc42_2325_0_503" />
</Relation>
<Relation id="69" NAME="sibling_relationship">
<Entity id="8" label="person" />
<Entity id="9" label="person" />
<feature featureName="annotator" featureValue="R.H., V.M." />
<feature featureName="rm_id" featureValue="doc42_2463_1" />
</Relation>
<Relation id="70" NAME="marriage">
<Entity id="11" label="person" />
<Entity id="10" label="person" />
<feature featureName="annotator" featureValue="R.H., L.S." />
<feature featureName="rm_id" featureValue="doc42_5145_0_486" />
</Relation>
<Relation id="71" NAME="sibling_relationship">
<Entity id="13" label="person" />
<Entity id="12" label="person" />
<feature featureName="annotator" featureValue="R.H., V.M." />
<feature featureName="rm_id" featureValue="doc42_6379_1" />
</Relation>
<Relation id="72" NAME="person_parent">
<Entity id="15" label="person" />
<Entity id="16" label="parent" />
<Entity id="14" label="parent" />
<feature featureName="annotator" featureValue="R.H., V.M." />
<feature featureName="rm_id" featureValue="doc42_8617_1" />
</Relation>
<Relation id="73" NAME="marriage">
<Entity id="16" label="person" />
<Entity id="17" label="person" />
<Entity id="18" label="from" />
<feature featureName="annotator" featureValue="V.M., L.S." />
<feature featureName="rm_id" featureValue="doc42_8617_0_486" />
</Relation>
<Relation id="74" NAME="marriage">
<Entity id="20" label="person" />
<Entity id="19" label="person" />
<feature featureName="annotator" featureValue="R.H., V.M." />
<feature featureName="rm_id" featureValue="doc42_8961_1" />
</Relation>
<Relation id="75" NAME="person_parent">
<Entity id="21" label="person" />
<Entity id="22" label="parent" />
<feature featureName="annotator" featureValue="R.H., V.M." />
<feature featureName="rm_id" featureValue="doc42_10625_1" />
</Relation>
<Relation id="76" NAME="sibling_relationship">
<Entity id="23" label="person" />
<Entity id="24" label="person" />
<feature featureName="annotator" featureValue="R.H., V.M." />
<feature featureName="rm_id" featureValue="doc42_11655_1" />
</Relation>
<Relation id="77" NAME="marriage">
<Entity id="26" label="person" />
<Entity id="25" label="person" />
<feature featureName="annotator" featureValue="R.H., V.M." />
<feature featureName="rm_id" featureValue="doc42_13655_1" />
</Relation>
<Relation id="78" NAME="person_parent">
<Entity id="29" label="person" />
<Entity id="28" label="parent" />
<Entity id="27" label="parent" />
<feature featureName="annotator" featureValue="R.H., V.M." />
<feature featureName="rm_id" featureValue="doc42_13655_2" />
</Relation>
<Relation id="79" NAME="marriage">
<Entity id="28" label="person" />
<Entity id="27" label="person" />
<feature featureName="annotator" featureValue="R.H., V.M." />
<feature featureName="rm_id" featureValue="doc42_13655_3" />
</Relation>
<Relation id="80" NAME="person_parent">
<Entity id="31" label="person" />
<Entity id="30" label="parent" />
<feature featureName="annotator" featureValue="R.H., V.M." />
<feature featureName="rm_id" featureValue="doc42_14696_1" />
</Relation>
<Relation id="81" NAME="marriage">
<Entity id="32" label="person" />
<Entity id="33" label="person" />
<feature featureName="annotator" featureValue="R.H., V.M." />
<feature featureName="rm_id" featureValue="doc42_14976_1" />
</Relation>
<Relation id="82" NAME="marriage">
<Entity id="34" label="person" />
<Entity id="35" label="person" />
<feature featureName="annotator" featureValue="R.H., V.M." />
<feature featureName="rm_id" featureValue="doc42_16670_1" />
</Relation>
<Relation id="83" NAME="marriage">
<Entity id="37" label="person" />
<Entity id="36" label="person" />
<feature featureName="annotator" featureValue="R.H., V.M." />
<feature featureName="rm_id" featureValue="doc42_18961_1" />
</Relation>
<Relation id="84" NAME="sibling_relationship">
<Entity id="38" label="person" />
<Entity id="39" label="person" />
<feature featureName="annotator" featureValue="R.H., V.M." />
<feature featureName="rm_id" featureValue="doc42_19211_1" />
</Relation>
<Relation id="85" NAME="person_parent">
<Entity id="40" label="person" />
<Entity id="41" label="parent" />
<feature featureName="annotator" featureValue="R.H., V.M." />
<feature featureName="rm_id" featureValue="doc42_20732_1" />
</Relation>
<Relation id="86" NAME="person_parent">
<Entity id="42" label="person" />
<Entity id="43" label="parent" />
<feature featureName="annotator" featureValue="R.H., V.M." />
<feature featureName="rm_id" featureValue="doc42_21047_1" />
</Relation>
<Relation id="87" NAME="marriage">
<Entity id="43" label="person" />
<Entity id="44" label="person" />
<feature featureName="annotator" featureValue="R.H., V.M." />
<feature featureName="rm_id" featureValue="doc42_21047_2" />
</Relation>
<Relation id="88" NAME="marriage">
<Entity id="45" label="person" />
<Entity id="46" label="person" />
<feature featureName="annotator" featureValue="R.H., V.M." />
<feature featureName="rm_id" featureValue="doc42_23676_1" />
</Relation>
<Relation id="89" NAME="marriage">
<Entity id="48" label="person" />
<Entity id="47" label="person" />
<feature featureName="annotator" featureValue="R.H., V.M." />
<feature featureName="rm_id" featureValue="doc42_23966_1" />
</Relation>
<Relation id="90" NAME="marriage">
<Entity id="50" label="person" />
<Entity id="49" label="person" />
<feature featureName="annotator" featureValue="R.H., V.M." />
<feature featureName="rm_id" featureValue="doc42_24246_1" />
</Relation>
<Relation id="91" NAME="marriage">
<Entity id="51" label="person" />
<Entity id="52" label="person" />
<feature featureName="annotator" featureValue="R.H., V.M." />
<feature featureName="rm_id" featureValue="doc42_24481_1" />
</Relation>
<Relation id="92" NAME="marriage">
<Entity id="53" label="person" />
<Entity id="54" label="person" />
<feature featureName="annotator" featureValue="R.H., V.M." />
<feature featureName="rm_id" featureValue="doc42_24795_1" />
</Relation>
<Relation id="93" NAME="marriage">
<Entity id="56" label="person" />
<Entity id="55" label="person" />
<feature featureName="annotator" featureValue="R.H., V.M." />
<feature featureName="rm_id" featureValue="doc42_25747_1" />
</Relation>
<Relation id="94" NAME="person_parent">
<Entity id="58" label="person" />
<Entity id="57" label="parent" />
<feature featureName="annotator" featureValue="R.H., V.M." />
<feature featureName="rm_id" featureValue="doc42_26683_1" />
</Relation>
<Relation id="95" NAME="person_parent">
<Entity id="60" label="person" />
<Entity id="59" label="parent" />
<feature featureName="annotator" featureValue="R.H., V.M." />
<feature featureName="rm_id" featureValue="doc42_27109_1" />
</Relation>
<Relation id="96" NAME="marriage">
<Entity id="61" label="person" />
<Entity id="62" label="person" />
<feature featureName="annotator" featureValue="R.H., L.S." />
<feature featureName="rm_id" featureValue="doc42_27109_0_500" />
</Relation>
<Relation id="97" NAME="person_parent">
<Entity id="64" label="person" />
<Entity id="63" label="parent" />
<feature featureName="annotator" featureValue="R.H., V.M." />
<feature featureName="rm_id" featureValue="doc42_32412_1" />
</Relation></Relations>
</Document>
