<?xml version="1.0" encoding="UTF-8"?>
<Document>
<TEXT>In November 1988 Vice President George Bush had just emerged from Ronald Reagan's shadow to become the 41st President of the United States. But in the giddy wake of Bush's resounding electoral victory over Democrat Michael Dukakis, <NODE id="232" />his<NODE id="235" /> oldest son and most loyal campaigner, <NODE id="274" />George W.<NODE id="283" />, suddenly found himself at loose ends. Unwinding in his office, he was shooting the breeze with assistant Doug Wead when he asked, "So, what happens to me now?" Recalls Wead: "I offered to write something on past Presidents' kids, and he said, 'Sure.' "

Over the next month Wead and his staff set out to learn just how well children of U.S. Presidents fared in life—whether they enjoyed privilege and success, retreated from the spotlight to a relatively average existence, or were doomed to failure by the pressures of high expectations and constant public scrutiny. After extensive interviews and research, Wead delivered a 45-page memo—a copy of which was obtained recently by PEOPLE. If not an exhaustive work of scholarship, it provides an anecdotal guide to the First Sons and Daughters up to 1988, from the likes of John Quincy Adams, who became President and later Secretary of State, to Ruth Cleveland, who died at age 12 and for whom the Baby Ruth candy bar was named, to <NODE id="1267" />Reagan<NODE id="1273" /> daughter <NODE id="1283" />Patti Davis<NODE id="1294" />, Playboy model and tell-all memoirist.

Wead's conclusions? A decidedly mixed bag. On the dark side, his researchers found a higher than average rate of divorce (FDR's five children accounted for 14 splits), alcoholism (<NODE id="1515" />John Adams<NODE id="1525" />'s son <NODE id="1532" />Charles<NODE id="1539" /> died of it) and premature death, from disease, accident (most recently John F. Kennedy Jr.) or combat injury (<NODE id="1650" />Teddy Roosevelt<NODE id="1665" />'s son <NODE id="1672" />Quentin<NODE id="1679" />, in World War I). Yet presidential children on the whole have also enjoyed unusually high achievement as public servants, business leaders, educators and authors. Eight have served in Congress; <NODE id="1874" />Elizabeth Harrison<NODE id="1892" />, daughter of <NODE id="1906" />Benjamin<NODE id="1914" />, was the founder and publisher of an investment newsletter for women; and <NODE id="1989" />Dwight D. Eisenhower<NODE id="2009" />'s son <NODE id="2016" />John<NODE id="2020" /> wrote several acclaimed histories.

"It seems like those who didn't actually grow up in the White House did better," says Wead, 55, an author and lecturer. Yet all find themselves exposed to harsh judgments and held to higher standards. As Wead's memo points out, "Try something great, and appear grandiose and presumptuous. Try to lead a quiet and normal life, and appear lazy or unambitious." That said, he added, "any success will be credited by some to the family tie."

Bush filed away Wead's findings and instructed aides to keep the memo under wraps—especially last year in the thick of his presidential campaign—because, Wead says, he was extremely sensitive about his family's privacy. But in the wake of the embarrassments that have befallen the twin daughters he hoped to shield from media scrutiny, George W. might do well to remember Wead's conclusion: "Presidential families that stick together have the greatest political success."

Interviews with several of the 27 presidential children alive today bear that out. First Families often circle the wagons in times of crisis; certainly the fiercely self-protective Kennedys did. No presidential children have drawn more public curiosity than <NODE id="3227" />Caroline<NODE id="3235" /> and <NODE id="3240" />John Jr.<NODE id="3248" />, yet their mother, <NODE id="3268" />Jacqueline<NODE id="3278" />, diligently guarded their privacy. In Gerald Ford's brief stay in the White House, his family too endured trauma—two attempts on the President's life, <NODE id="3430" />his<NODE id="3433" /> wife <NODE id="3439" />Betty<NODE id="3444" />'s battles with breast cancer and addiction, and intense criticism over his 1974 pardon of Richard Nixon.

"I think it united our family in a deeper way when we faced some of those troubles," says <NODE id="3641" />Ford<NODE id="3645" />'s son <NODE id="3652" />Steven<NODE id="3658" />, now 45 and an actor. In some ways the Fords fended off fame with a kind of middle-class normality. "He still made his own English muffins in the White House," Steve says of his father. "As a kid you went wow, look, Dad worked all day, but he comes home and shows Mom he loves her by rolling up his sleeves and saying, 'Betty, I'm doin' the dishes.' "

Similarly, the Carters pulled together as Jimmy was ground down by four years of inflation, energy crises and the hostage standoff with Iran, not to mention the loose-cannon antics of <NODE id="4196" />his<NODE id="4199" /> brother <NODE id="4208" />Billy<NODE id="4213" />. "Having your parents in the White House brings your family a lot closer," says Chip Carter, 50, father of two and president of the Friendship Force, an international citizen-exchange program in Atlanta, where he lives with <NODE id="4438" />his<NODE id="4441" /> second wife, <NODE id="4455" />Becky<NODE id="4460" />, 50. "It really is a fishbowl; anything you say, you're going to hear back somewhere. But you can talk to your family because everybody's going through the same thing."

At least one First Son insists his father's stint at 1600 Pennsylvania Avenue scarcely affected the domestic dynamic. "Our family is famously fractious, and it stayed fractious," says Ron Reagan, 42, a former dancer who has hosted various TV shows. Ron came under fire during his father's tenure for seeming to cash in on his parents' fame and for a disarming guest-host gig on Saturday Night Live. (In a skit spoofing the Tom Cruise film Risky Business, he pranced around in his underwear.) "I'm sure it made Nancy more nervous than my father," says Ron, who lives in Seattle with <NODE id="5213" />his<NODE id="5216" /> psychologist wife, <NODE id="5236" />Doria<NODE id="5241" />, 48, and occasionally visits his parents. Still, he has no regrets: "None at all," he says. "It was fun."

All presidential children share pressures, but the burden may be greatest on those who actually grow up in the White House, like Amy Carter, whose first day of school was covered as a media event, or those who are just beginning to shape their adult lives, such as the Bush twins. Certainly all eyes were on Chelsea Clinton as she walked between her parents, hand in hand as the seeming peacemaker, during the Lewinsky scandal. Historian Gil Troy maintains that the pressures of being a First Child have intensified dramatically over the years. "Today, the scrutiny is relentless," he says. "It started to become obvious in the '60s and '70s, when first the <NODE id="6007" />Johnson<NODE id="6014" /> daughters, <NODE id="6026" />Lynda Bird<NODE id="6036" /> and <NODE id="6041" />Luci Baines<NODE id="6052" />, and then the <NODE id="6067" />Nixon<NODE id="6072" /> daughters, <NODE id="6084" />Tricia<NODE id="6090" /> and <NODE id="6095" />Julie<NODE id="6100" />, had to comport themselves as model students." Tricia Nixon Cox, now 56 and involved in several charities, is quick to point out, however, that she and her sister really were good students. "Sure, we were well-behaved, but we didn't deserve any Academy Awards," says <NODE id="6368" />Cox<NODE id="6371" />, married 30 years to attorney <NODE id="6402" />Edward Cox<NODE id="6412" />. "There were no lectures about how we were supposed to act."

Luci Baines Johnson was 16 when <NODE id="6507" />her<NODE id="6510" /> father, <NODE id="6519" />Lyndon<NODE id="6525" />, became President after the assassination of John F. Kennedy. The family moved into the White House on Dec. 7, 1963, and for Luci it was a night to remember. "I had a girlfriend over, and neither one of us knew how to light a fireplace, but we tried anyway," she recalls. "All of a sudden it got out of control and I started throwing fruit-juice glasses of water into the fire. To get rid of the smoke I stood on my desk, opened a window and looked down to see a White House policeman looking up. I was wearing a nightgown. So I'm 16, it's my first night in the White House, I set fire to my room, and I'm standing on the ledge desperately afraid that the President's adolescent daughter has shown herself inappropriately."

Unlike the Clintons, who largely shielded Chelsea from any public role, LBJ pushed his girls out front. "Ours was like a farm family," says Luci, the mother of four from <NODE id="7421" />her<NODE id="7424" /> marriage to <NODE id="7437" />Patrick Nugent<NODE id="7451" />, which ended in divorce. (Now married to <NODE id="7493" />Ian Turpin<NODE id="7503" />, 56, <NODE id="7509" />she<NODE id="7512" /> helps run the family real estate and radio businesses.) "The children milk the cows and feed the chickens. We were a political family. I campaigned in 26 states myself [in the 1964 presidential race]. My father said, 'Luci, we're in the campaign of a lifetime. It's a sinking ship, and I'm counting on you to bail, baby, bail!' "

That is a far cry from the approach of more recent White House parents. The Clintons made it clear that Chelsea was off-limits, and the Bushes asked that the same consideration be extended to Jenna and Barbara. Still, the President is the ultimate political celebrity, and the hunger for news of his family is great. "One day you're at the convention like one big happy family and the children are used to show that the parents understand what families go through," says historian Douglas Brinkley. "Then something like [the Bush twins' incident] happens, and now you want us to ignore them—after you've introduced them to the whole world. That's not going to work."

Three years older than her sister, Lynda Johnson Robb is well aware of the difficulty of growing up public property. She anguished as the Vietnam War essentially destroyed her father's Presidency. "I mean, how do you think I felt when there were people marching outside the White House shouting, 'Hey, hey, LBJ, how many kids did you kill today?' " she asks. But she has happy memories as well. "You get to meet an awful lot of interesting people," says Lynda, 57, the mother of three daughters from <NODE id="9012" />her<NODE id="9015" /> 33-year marriage to former U.S. <NODE id="9048" />Sen. Chuck Robb<NODE id="9063" />. "When Carl Sandburg came to the White House, I was taking a course in American literature, and I got him to sign my grubby textbook."

Private matters were especially challenging. "Dating was a lot more difficult," says Lynda, who briefly went out with actor George Hamilton and whose husband was on a White House Marine detail when they met. "The young man gets besieged with, 'What are your intentions?' Did he want to take Lynda out or did he want to take the President's daughter out?" It wasn't easy for the boys either. "Take your girlfriend out for dinner, and you always have to make a reservation for two tables," says Steve Ford. "I figured the girl had a better deal. If she got tired of me, she had at least two other guys to talk to."

In some ways burdened by their names, many presidential offspring have still been drawn into the family business. Of course, none in recent history has assumed the family mantle more spectacularly than George W Bush. Nor did <NODE id="10039" />his<NODE id="10042" /> brother <NODE id="10051" />Jeb<NODE id="10054" />, 48, governor of Florida, fall far from the tree. (Siblings <NODE id="10115" />Neil<NODE id="10119" />, 46, who runs an educational-software company, <NODE id="10167" />Marvin<NODE id="10173" />, 45, an investment consultant, and <NODE id="10209" />Dorothy<NODE id="10216" />, 41, a homemaker, remain out of the public eye, though Neil drew unwanted press for alleged conflict of interest during the notorious 1988 savings-and-loan scandal.) Others have run for office but with less success. Maureen Reagan, 60 and currently battling malignant melanoma, failed in her bid for the GOP nomination for a U.S. Senate seat in California in 1982. <NODE id="10582" />Dwight Eisenhower<NODE id="10599" />'s son <NODE id="10606" />John<NODE id="10610" />—at 78 the oldest living presidential child—never stood for election but rose to the rank of brigadier general in the Army reserve and served as ambassador to Belgium from 1969 to 1971. "Dad seemed to want to go his own way when his father was elected," says <NODE id="10869" />his<NODE id="10872" /> son <NODE id="10877" />David<NODE id="10882" />, 53, a professor of communications at the University of Pennsylvania married 33 years to <NODE id="10972" />Richard Nixon<NODE id="10985" />'s daughter <NODE id="10997" />Julie<NODE id="11002" />, 53. But John "found himself gradually drawn into the White House orbit. He wound up as my grandfather's secretary for the last two years of his Presidency."

While she wrote the book on privacy (literally, with Ellen Alderman, 1995's The Right to Privacy), even Caroline Kennedy Schlossberg, 43, a Manhattan attorney and married mother of three, has become increasingly public. Since the deaths of her mother and more extroverted brother, Caroline has raised her profile in support of the Kennedy library, the American Ballet Theatre (one of her mother's causes), the Robin Hood Foundation for disadvantaged children and even the Democratic Party, which she addressed at last summer's presidential convention. "It's a tribute to her mother and father she has turned out so productive," says Richard Goodwin, a former aide to JFK. "She hasn't run away from her heritage."

Still, some presidential children couldn't get far enough away from it. Margaret Truman recalls that back in the 1950s some friends jokingly pooled their money so she could run for Congress. "Just put it back into your pocket," said <NODE id="12109" />Truman<NODE id="12115" />, now 77 and the widow of journalist <NODE id="12152" />Clifton Daniel<NODE id="12166" />, with whom she had four sons. "I'm not going back to Washington if I can possibly help it." A former concert singer—<NODE id="12283" />her<NODE id="12286" /> father, <NODE id="12295" />Harry<NODE id="12300" />, made headlines in 1950 when he threatened to punch an unkind critic in the nose—she has found a new life as a mystery novelist, publishing some 20 books. <NODE id="12456" />Patti Davis<NODE id="12467" />, 48, daughter of <NODE id="12485" />Ronald Reagan<NODE id="12498" />, has perhaps strayed farthest from the fold, revealing almost all in a 1994 Playboy spread and venting anger at her parents in two novels and an autobiography, The Way I See It. (Brother Michael Reagan, 56, a California talk radio host, also wrote of his troubled childhood in On the Outside Looking In.)

Susan Ford Bales, 43, is another who never felt the lure of politics. "Absolutely not," she says. "I gave 25 years of my life not having my father around because of politics." A mother of two living in suburban Albuquerque with <NODE id="13033" />her<NODE id="13036" /> second husband, lawyer <NODE id="13060" />Vaden Bales<NODE id="13071" />, she uses her maiden name only when she speaks on behalf of breast-cancer research. "Stuff like that," she says, "is far more rewarding than getting a paycheck."

Inspired by his father, Chip Carter has brought together people from 56 nations through his Friendship Force. "I am not my father—his footsteps are too big," he says. "But I'm still trying to become a player in the world peace movement." The other Carters are among the many presidential children who have seen the toll taken by public life and shied away from it. Computer consultant Jeff, 49, is a married father of three living in Atlanta. Jack, 53 and the father of four, is a banker living in Bermuda with his second wife.

Of them all, sister Amy, 33—a girl of 8 when her father was elected and the only Carter offspring to live in the White House—was by far the best-known, and her youthful awkwardness, like Chelsea Clinton's, was lampooned on Saturday Night Live. (One reason the Bush twins reportedly showed so little enthusiasm for their father's White House aspirations was their fear that they too might end up parodied on SNL.) Later, Amy became an antiapartheid activist and was three times arrested in protests. Now she lives quietly in Atlanta with <NODE id="14301" />her<NODE id="14304" /> husband, computer consultant <NODE id="14334" />James Wentzel<NODE id="14347" />, 32, and their 23-month-old son <NODE id="14380" />Hugo<NODE id="14384" />. "Her privacy," says Chip, "is something she cherishes more than anyone in our family."

Whatever paths their lives have taken, or whatever their fathers' politics, the children of America's Presidents share a singular bond. "Absolutely," says Luci Johnson, who has remained friendly with the Nixon daughters. "Democrats and Republicans, liberals and conservatives—it doesn't matter." Adds Susan Ford Bales: "I know when I run into Luci and Lynda and Julie and we all go, 'And do you remember this?' there's only a few people who realize what it's like." Indeed, being a President's child is as defining as any genetic marker. "Once a President's kid, always a President's kid," says Ron Reagan. "I remember meeting one of Franklin Roosevelt's sons. He was in his 70s, and even at that age he was Franklin Roosevelt's kid. The poor man went through his entire life that way."

Elizabeth McNeil in New York City, Gail Cameron Wescott in Atlanta and Chris Rose in New Orleans</TEXT>
<Meta /><Entities>
<Entity id="0" startPos="232" endPos="235" type="person" surface="his">
<feature featureName="cm_id" featureValue="92_1" />
<feature featureName="annotator" featureValue="R.H., V.M." /></Entity>
<Entity id="1" startPos="274" endPos="283" type="person" surface="George W.">
<feature featureName="cm_id" featureValue="134_4" />
<feature featureName="annotator" featureValue="R.H., V.M." /></Entity>
<Entity id="2" startPos="1267" endPos="1273" type="person" surface="Reagan">
<feature featureName="cm_id" featureValue="294_3" />
<feature featureName="annotator" featureValue="R.H., V.M." /></Entity>
<Entity id="3" startPos="1283" endPos="1294" type="person" surface="Patti Davis">
<feature featureName="cm_id" featureValue="310_4" />
<feature featureName="annotator" featureValue="R.H., V.M." /></Entity>
<Entity id="4" startPos="1515" endPos="1525" type="person" surface="John Adams">
<feature featureName="cm_id" featureValue="137_1" />
<feature featureName="annotator" featureValue="R.H., V.M." /></Entity>
<Entity id="5" startPos="1532" endPos="1539" type="person" surface="Charles">
<feature featureName="cm_id" featureValue="154_4" />
<feature featureName="annotator" featureValue="R.H., V.M." /></Entity>
<Entity id="6" startPos="1650" endPos="1665" type="person" surface="Teddy Roosevelt">
<feature featureName="cm_id" featureValue="272_3" />
<feature featureName="annotator" featureValue="R.H., V.M." /></Entity>
<Entity id="7" startPos="1672" endPos="1679" type="person" surface="Quentin">
<feature featureName="cm_id" featureValue="294_5" />
<feature featureName="annotator" featureValue="R.H., V.M." /></Entity>
<Entity id="8" startPos="1874" endPos="1892" type="person" surface="Elizabeth Harrison">
<feature featureName="cm_id" featureValue="31_1" />
<feature featureName="annotator" featureValue="R.H., V.M." /></Entity>
<Entity id="9" startPos="1906" endPos="1914" type="person" surface="Benjamin">
<feature featureName="cm_id" featureValue="63_4" />
<feature featureName="annotator" featureValue="R.H., V.M." /></Entity>
<Entity id="10" startPos="1989" endPos="2009" type="person" surface="Dwight D. Eisenhower">
<feature featureName="cm_id" featureValue="146_3" />
<feature featureName="annotator" featureValue="R.H., V.M." /></Entity>
<Entity id="11" startPos="2016" endPos="2020" type="person" surface="John">
<feature featureName="cm_id" featureValue="173_2" />
<feature featureName="annotator" featureValue="R.H., V.M." /></Entity>
<Entity id="12" startPos="3227" endPos="3235" type="person" surface="Caroline">
<feature featureName="cm_id" featureValue="63_2" />
<feature featureName="annotator" featureValue="R.H., V.M." /></Entity>
<Entity id="13" startPos="3240" endPos="3248" type="person" surface="John Jr.">
<feature featureName="cm_id" featureValue="76_3" />
<feature featureName="annotator" featureValue="R.H., V.M." /></Entity>
<Entity id="14" startPos="3268" endPos="3278" type="person" surface="Jacqueline">
<feature featureName="cm_id" featureValue="104_1" />
<feature featureName="annotator" featureValue="R.H., V.M." /></Entity>
<Entity id="15" startPos="3430" endPos="3433" type="person" surface="his">
<feature featureName="cm_id" featureValue="116_1" />
<feature featureName="annotator" featureValue="R.H., V.M." /></Entity>
<Entity id="16" startPos="3439" endPos="3444" type="person" surface="Betty">
<feature featureName="cm_id" featureValue="125_4" />
<feature featureName="annotator" featureValue="R.H., V.M." /></Entity>
<Entity id="17" startPos="3641" endPos="3645" type="person" surface="Ford">
<feature featureName="cm_id" featureValue="90_2" />
<feature featureName="annotator" featureValue="R.H., V.M." /></Entity>
<Entity id="18" startPos="3652" endPos="3658" type="person" surface="Steven">
<feature featureName="cm_id" featureValue="101_1" />
<feature featureName="annotator" featureValue="R.H., V.M." /></Entity>
<Entity id="19" startPos="4196" endPos="4199" type="person" surface="his">
<feature featureName="cm_id" featureValue="184_1" />
<feature featureName="annotator" featureValue="R.H., V.M." /></Entity>
<Entity id="20" startPos="4208" endPos="4213" type="person" surface="Billy">
<feature featureName="cm_id" featureValue="196_3" />
<feature featureName="annotator" featureValue="R.H., V.M." /></Entity>
<Entity id="21" startPos="4438" endPos="4441" type="person" surface="his">
<feature featureName="cm_id" featureValue="223_3" />
<feature featureName="annotator" featureValue="R.H., V.M." /></Entity>
<Entity id="22" startPos="4455" endPos="4460" type="person" surface="Becky">
<feature featureName="cm_id" featureValue="240_1" />
<feature featureName="annotator" featureValue="R.H., V.M." /></Entity>
<Entity id="23" startPos="5213" endPos="5216" type="person" surface="his">
<feature featureName="cm_id" featureValue="90_6" />
<feature featureName="annotator" featureValue="R.H., V.M." /></Entity>
<Entity id="24" startPos="5236" endPos="5241" type="person" surface="Doria">
<feature featureName="cm_id" featureValue="113_1" />
<feature featureName="annotator" featureValue="R.H., V.M." /></Entity>
<Entity id="25" startPos="6007" endPos="6014" type="person" surface="Johnson">
<feature featureName="cm_id" featureValue="67_3" />
<feature featureName="annotator" featureValue="R.H., V.M." /></Entity>
<Entity id="26" startPos="6026" endPos="6036" type="person" surface="Lynda Bird">
<feature featureName="cm_id" featureValue="86_2" />
<feature featureName="annotator" featureValue="R.H., V.M." /></Entity>
<Entity id="27" startPos="6041" endPos="6052" type="person" surface="Luci Baines">
<feature featureName="cm_id" featureValue="101_5" />
<feature featureName="annotator" featureValue="R.H., V.M." /></Entity>
<Entity id="28" startPos="6067" endPos="6072" type="person" surface="Nixon">
<feature featureName="cm_id" featureValue="127_1" />
<feature featureName="annotator" featureValue="R.H., V.M." /></Entity>
<Entity id="29" startPos="6084" endPos="6090" type="person" surface="Tricia">
<feature featureName="cm_id" featureValue="144_6" />
<feature featureName="annotator" featureValue="R.H., V.M." /></Entity>
<Entity id="30" startPos="6095" endPos="6100" type="person" surface="Julie">
<feature featureName="cm_id" featureValue="155_4" />
<feature featureName="annotator" featureValue="R.H., V.M." /></Entity>
<Entity id="31" startPos="6368" endPos="6371" type="person" surface="Cox">
<feature featureName="cm_id" featureValue="77_1" />
<feature featureName="annotator" featureValue="R.H., V.M." /></Entity>
<Entity id="32" startPos="6402" endPos="6412" type="person" surface="Edward Cox">
<feature featureName="cm_id" featureValue="111_2" />
<feature featureName="annotator" featureValue="R.H., V.M." /></Entity>
<Entity id="33" startPos="6507" endPos="6510" type="person" surface="her">
<feature featureName="cm_id" featureValue="32_4" />
<feature featureName="annotator" featureValue="R.H." /></Entity>
<Entity id="34" startPos="6519" endPos="6525" type="person" surface="Lyndon">
<feature featureName="cm_id" featureValue="44_2" />
<feature featureName="annotator" featureValue="R.H., V.M." /></Entity>
<Entity id="35" startPos="7421" endPos="7424" type="person" surface="her">
<feature featureName="cm_id" featureValue="66_3" />
<feature featureName="annotator" featureValue="R.H., V.M." /></Entity>
<Entity id="36" startPos="7437" endPos="7451" type="person" surface="Patrick Nugent">
<feature featureName="cm_id" featureValue="82_2" />
<feature featureName="annotator" featureValue="R.H., V.M." /></Entity>
<Entity id="37" startPos="7493" endPos="7503" type="person" surface="Ian Turpin">
<feature featureName="cm_id" featureValue="16_1" />
<feature featureName="annotator" featureValue="R.H., V.M." /></Entity>
<Entity id="38" startPos="7509" endPos="7512" type="person" surface="she">
<feature featureName="cm_id" featureValue="32_2" />
<feature featureName="annotator" featureValue="R.H., V.M." /></Entity>
<Entity id="39" startPos="9012" endPos="9015" type="person" surface="her">
<feature featureName="cm_id" featureValue="105_2" />
<feature featureName="annotator" featureValue="R.H." /></Entity>
<Entity id="40" startPos="9048" endPos="9063" type="person" surface="">
<feature featureName="cm_id" featureValue="141" /></Entity>
<Entity id="41" startPos="10039" endPos="10042" type="person" surface="his">
<feature featureName="cm_id" featureValue="8_1" />
<feature featureName="annotator" featureValue="R.H., V.M." /></Entity>
<Entity id="42" startPos="10051" endPos="10054" type="person" surface="Jeb">
<feature featureName="cm_id" featureValue="20_2" />
<feature featureName="annotator" featureValue="R.H., V.M." /></Entity>
<Entity id="43" startPos="10115" endPos="10119" type="person" surface="Neil">
<feature featureName="cm_id" featureValue="10_3" />
<feature featureName="annotator" featureValue="R.H., V.M." /></Entity>
<Entity id="44" startPos="10167" endPos="10173" type="person" surface="Marvin">
<feature featureName="cm_id" featureValue="62_2" />
<feature featureName="annotator" featureValue="R.H., V.M." /></Entity>
<Entity id="45" startPos="10209" endPos="10216" type="person" surface="Dorothy">
<feature featureName="cm_id" featureValue="104_1" />
<feature featureName="annotator" featureValue="R.H., V.M." /></Entity>
<Entity id="46" startPos="10582" endPos="10599" type="person" surface="Dwight Eisenhower">
<feature featureName="cm_id" featureValue="0_2" />
<feature featureName="annotator" featureValue="R.H., V.M." /></Entity>
<Entity id="47" startPos="10606" endPos="10610" type="person" surface="John">
<feature featureName="cm_id" featureValue="24_1" />
<feature featureName="annotator" featureValue="R.H., V.M." /></Entity>
<Entity id="48" startPos="10869" endPos="10872" type="person" surface="his">
<feature featureName="cm_id" featureValue="73_3" />
<feature featureName="annotator" featureValue="R.H., V.M." /></Entity>
<Entity id="49" startPos="10877" endPos="10882" type="person" surface="David">
<feature featureName="cm_id" featureValue="81_1" />
<feature featureName="annotator" featureValue="R.H., V.M." /></Entity>
<Entity id="50" startPos="10972" endPos="10985" type="person" surface="Richard Nixon">
<feature featureName="cm_id" featureValue="176_4" />
<feature featureName="annotator" featureValue="R.H., V.M." /></Entity>
<Entity id="51" startPos="10997" endPos="11002" type="person" surface="Julie">
<feature featureName="cm_id" featureValue="201_2" />
<feature featureName="annotator" featureValue="R.H., V.M." /></Entity>
<Entity id="52" startPos="12109" endPos="12115" type="person" surface="Truman">
<feature featureName="cm_id" featureValue="42_1" />
<feature featureName="annotator" featureValue="R.H., V.M." /></Entity>
<Entity id="53" startPos="12152" endPos="12166" type="person" surface="Clifton Daniel">
<feature featureName="cm_id" featureValue="85_2" />
<feature featureName="annotator" featureValue="R.H., V.M." /></Entity>
<Entity id="54" startPos="12283" endPos="12286" type="person" surface="her">
<feature featureName="cm_id" featureValue="24_4" />
<feature featureName="annotator" featureValue="R.H." /></Entity>
<Entity id="55" startPos="12295" endPos="12300" type="person" surface="Harry">
<feature featureName="cm_id" featureValue="36_1" />
<feature featureName="annotator" featureValue="R.H., V.M." /></Entity>
<Entity id="56" startPos="12456" endPos="12467" type="person" surface="Patti Davis">
<feature featureName="cm_id" featureValue="0_2" />
<feature featureName="annotator" featureValue="R.H., V.M." /></Entity>
<Entity id="57" startPos="12485" endPos="12498" type="person" surface="Ronald Reagan">
<feature featureName="cm_id" featureValue="29_1" />
<feature featureName="annotator" featureValue="R.H., V.M." /></Entity>
<Entity id="58" startPos="13033" endPos="13036" type="person" surface="her">
<feature featureName="cm_id" featureValue="52_1" />
<feature featureName="annotator" featureValue="R.H., V.M." /></Entity>
<Entity id="59" startPos="13060" endPos="13071" type="person" surface="Vaden Bales">
<feature featureName="cm_id" featureValue="79_2" />
<feature featureName="annotator" featureValue="R.H., V.M." /></Entity>
<Entity id="60" startPos="14301" endPos="14304" type="person" surface="her">
<feature featureName="cm_id" featureValue="38_2" />
<feature featureName="annotator" featureValue="R.H., V.M." /></Entity>
<Entity id="61" startPos="14334" endPos="14347" type="person" surface="James Wentzel">
<feature featureName="cm_id" featureValue="71_4" />
<feature featureName="annotator" featureValue="R.H., V.M." /></Entity>
<Entity id="62" startPos="14380" endPos="14384" type="person" surface="Hugo">
<feature featureName="cm_id" featureValue="117_3" />
<feature featureName="annotator" featureValue="R.H., V.M." /></Entity></Entities><Relations>
<Relation id="63" NAME="person_parent">
<Entity id="1" label="person" />
<Entity id="0" label="parent" />
<feature featureName="annotator" featureValue="R.H., L.S." />
<feature featureName="rm_id" featureValue="doc64_140_0_235" />
</Relation>
<Relation id="64" NAME="person_parent">
<Entity id="3" label="person" />
<Entity id="2" label="parent" />
<feature featureName="annotator" featureValue="R.H., V.M." />
<feature featureName="rm_id" featureValue="doc64_973_1" />
</Relation>
<Relation id="65" NAME="person_parent">
<Entity id="5" label="person" />
<Entity id="4" label="parent" />
<feature featureName="annotator" featureValue="R.H., V.M." />
<feature featureName="rm_id" featureValue="doc64_1378_1" />
</Relation>
<Relation id="66" NAME="person_parent">
<Entity id="7" label="person" />
<Entity id="6" label="parent" />
<feature featureName="annotator" featureValue="R.H., V.M." />
<feature featureName="rm_id" featureValue="doc64_1378_2" />
</Relation>
<Relation id="67" NAME="person_parent">
<Entity id="11" label="person" />
<Entity id="10" label="parent" />
<feature featureName="annotator" featureValue="R.H., V.M." />
<feature featureName="rm_id" featureValue="doc64_1843_1" />
</Relation>
<Relation id="68" NAME="person_parent">
<Entity id="8" label="person" />
<Entity id="9" label="parent" />
<feature featureName="annotator" featureValue="V.M., L.S." />
<feature featureName="rm_id" featureValue="doc64_1843_1_232" />
</Relation>
<Relation id="69" NAME="person_parent">
<Entity id="12" label="person" />
<Entity id="13" label="person" />
<Entity id="14" label="parent" />
<feature featureName="annotator" featureValue="R.H., V.M." />
<feature featureName="rm_id" featureValue="doc64_3164_1" />
</Relation>
<Relation id="70" NAME="sibling_relationship">
<Entity id="12" label="person" />
<Entity id="13" label="person" />
<feature featureName="annotator" featureValue="R.H., V.M." />
<feature featureName="rm_id" featureValue="doc64_3164_2" />
</Relation>
<Relation id="71" NAME="marriage">
<Entity id="16" label="person" />
<Entity id="15" label="person" />
<feature featureName="annotator" featureValue="R.H., V.M." />
<feature featureName="rm_id" featureValue="doc64_3314_1" />
</Relation>
<Relation id="72" NAME="person_parent">
<Entity id="18" label="person" />
<Entity id="17" label="parent" />
<feature featureName="annotator" featureValue="R.H., V.M." />
<feature featureName="rm_id" featureValue="doc64_3551_1" />
</Relation>
<Relation id="73" NAME="sibling_relationship">
<Entity id="20" label="person" />
<Entity id="19" label="person" />
<feature featureName="annotator" featureValue="R.H., V.M." />
<feature featureName="rm_id" featureValue="doc64_4012_1" />
</Relation>
<Relation id="74" NAME="marriage">
<Entity id="22" label="person" />
<Entity id="21" label="person" />
<feature featureName="annotator" featureValue="R.H., V.M." />
<feature featureName="rm_id" featureValue="doc64_4215_1" />
</Relation>
<Relation id="75" NAME="marriage">
<Entity id="23" label="person" />
<Entity id="24" label="person" />
<feature featureName="annotator" featureValue="R.H., V.M." />
<feature featureName="rm_id" featureValue="doc64_5123_1" />
</Relation>
<Relation id="76" NAME="person_parent">
<Entity id="30" label="person" />
<Entity id="29" label="person" />
<Entity id="28" label="parent" />
<feature featureName="annotator" featureValue="R.H., V.M." />
<feature featureName="rm_id" featureValue="doc64_5940_1" />
</Relation>
<Relation id="77" NAME="sibling_relationship">
<Entity id="26" label="person" />
<Entity id="27" label="person" />
<feature featureName="annotator" featureValue="R.H., V.M." />
<feature featureName="rm_id" featureValue="doc64_5940_2" />
</Relation>
<Relation id="78" NAME="sibling_relationship">
<Entity id="30" label="person" />
<Entity id="29" label="person" />
<feature featureName="annotator" featureValue="R.H., V.M." />
<feature featureName="rm_id" featureValue="doc64_5940_3" />
</Relation>
<Relation id="79" NAME="person_parent">
<Entity id="26" label="person" />
<Entity id="27" label="person" />
<Entity id="25" label="parent" />
<feature featureName="annotator" featureValue="R.H., V.M." />
<feature featureName="rm_id" featureValue="doc64_5940_4" />
</Relation>
<Relation id="80" NAME="marriage">
<Entity id="31" label="person" />
<Entity id="32" label="person" />
<feature featureName="annotator" featureValue="R.H., V.M." />
<feature featureName="rm_id" featureValue="doc64_6291_1" />
</Relation>
<Relation id="81" NAME="person_parent">
<Entity id="33" label="person" />
<Entity id="34" label="parent" />
<feature featureName="annotator" featureValue="R.H., L.S." />
<feature featureName="rm_id" featureValue="doc64_6475_0_245" />
</Relation>
<Relation id="82" NAME="marriage">
<Entity id="36" label="person" />
<Entity id="35" label="person" />
<feature featureName="annotator" featureValue="R.H., V.M." />
<feature featureName="rm_id" featureValue="doc64_7355_1" />
</Relation>
<Relation id="83" NAME="marriage">
<Entity id="37" label="person" />
<Entity id="38" label="person" />
<feature featureName="annotator" featureValue="R.H., V.M." />
<feature featureName="rm_id" featureValue="doc64_7477_1" />
</Relation>
<Relation id="84" NAME="marriage">
<Entity id="40" label="person" />
<Entity id="39" label="person" />
<feature featureName="annotator" featureValue="R.H., L.S." />
<feature featureName="rm_id" featureValue="doc64_8907_0_230" />
</Relation>
<Relation id="85" NAME="sibling_relationship">
<Entity id="42" label="person" />
<Entity id="41" label="person" />
<feature featureName="annotator" featureValue="R.H., V.M." />
<feature featureName="rm_id" featureValue="doc64_10031_1" />
</Relation>
<Relation id="86" NAME="sibling_relationship">
<Entity id="44" label="person" />
<Entity id="45" label="person" />
<Entity id="43" label="person" />
<feature featureName="annotator" featureValue="R.H., V.M." />
<feature featureName="rm_id" featureValue="doc64_10105_1" />
</Relation>
<Relation id="87" NAME="person_parent">
<Entity id="47" label="person" />
<Entity id="46" label="parent" />
<feature featureName="annotator" featureValue="R.H., V.M." />
<feature featureName="rm_id" featureValue="doc64_10582_1" />
</Relation>
<Relation id="88" NAME="marriage">
<Entity id="51" label="person" />
<Entity id="49" label="person" />
<feature featureName="annotator" featureValue="R.H., V.M." />
<feature featureName="rm_id" featureValue="doc64_10796_1" />
</Relation>
<Relation id="89" NAME="person_parent">
<Entity id="49" label="person" />
<Entity id="48" label="parent" />
<feature featureName="annotator" featureValue="R.H., V.M." />
<feature featureName="rm_id" featureValue="doc64_10796_2" />
</Relation>
<Relation id="90" NAME="person_parent">
<Entity id="51" label="person" />
<Entity id="50" label="parent" />
<feature featureName="annotator" featureValue="R.H., V.M." />
<feature featureName="rm_id" featureValue="doc64_10796_3" />
</Relation>
<Relation id="91" NAME="marriage">
<Entity id="53" label="person" />
<Entity id="52" label="person" />
<feature featureName="annotator" featureValue="R.H., V.M." />
<feature featureName="rm_id" featureValue="doc64_12067_1" />
</Relation>
<Relation id="92" NAME="person_parent">
<Entity id="54" label="person" />
<Entity id="55" label="parent" />
<feature featureName="annotator" featureValue="R.H., L.S." />
<feature featureName="rm_id" featureValue="doc64_12259_0_249" />
</Relation>
<Relation id="93" NAME="person_parent">
<Entity id="56" label="person" />
<Entity id="57" label="parent" />
<feature featureName="annotator" featureValue="R.H., V.M." />
<feature featureName="rm_id" featureValue="doc64_12456_1" />
</Relation>
<Relation id="94" NAME="marriage">
<Entity id="58" label="person" />
<Entity id="59" label="person" />
<feature featureName="annotator" featureValue="R.H., V.M." />
<feature featureName="rm_id" featureValue="doc64_12981_1" />
</Relation>
<Relation id="95" NAME="marriage">
<Entity id="61" label="person" />
<Entity id="60" label="person" />
<feature featureName="annotator" featureValue="R.H., V.M." />
<feature featureName="rm_id" featureValue="doc64_14263_1" />
</Relation>
<Relation id="96" NAME="person_parent">
<Entity id="62" label="person" />
<Entity id="61" label="parent" />
<Entity id="60" label="parent" />
<feature featureName="annotator" featureValue="R.H., L.S." />
<feature featureName="rm_id" featureValue="doc64_14263_0_251" />
</Relation></Relations>
</Document>
