<?xml version="1.0" encoding="UTF-8"?>
<Document>
<TEXT>The 5,813 victims—bankers, busboys, firefighters, emergency medical workers, an 80-year-old engineer—were as diverse as America itself. As the first week passed, many of their families and friends sought solace by preserving memories, helping in relief efforts or by the simple, defiant act of doing exactly what the terrorists most hoped to prevent: carrying on and leading normal lives.

Ruth McCourt, 45, Juliana McCourt, 4, Paige Hackel, 46

A mother, her daughter and her best friend perish in two jets that crashed into the World Trade Center, while in a building below her brother survives

Computer software sales director Ron Clifford had just arrived for a business meeting in the Marriott Hotel at the base of the World Trade towers when he heard the explosion. Stumbling through the haze, he saw a woman emerge from a revolving door, her skin charred. "She said, 'Holy Virgin, Mother of God, help me,' " says Clifford, 46, a native of Ireland who emigrated in 1984. As he led the injured woman through the chaos to an ambulance, Clifford says he was guided by a single thought: "What would Ruth do?"

Sadly he'll never have the chance to ask. In the course of phone calls with friends and family to tell them he had escaped unharmed, Clifford gradually came to a devastating realization: <NODE id="1300" />His<NODE id="1303" /> sister <NODE id="1311" />Ruth<NODE id="1315" /> and <NODE id="1320" />her<NODE id="1323" /> daughter <NODE id="1333" />Juliana<NODE id="1340" /> had been on Flight 175 when it crashed into 2 World Trade, ending their lives just floors away from where his own was spared. In another cruel coincidence, Ruth's best friend and Juliana's godmother, Paige Hackel, had been traveling on Flight 11, the plane that plowed into Tower 1.

On the day of the crash, the two friends left from Logan Airport bound for a conference on spirituality at the [Deepak] Chopra Center for Well-Being in La Jolla, Calif., taking separate flights 15 minutes apart: Hackel flew first class on American; Ruth wanted to use her United Airlines frequent flier miles. "I kissed them all goodbye at 6 a.m., and off they went," says <NODE id="1998" />Paige<NODE id="2003" />'s husband, <NODE id="2015" />Allan Hackel<NODE id="2027" />, "to their doom, their assassination, their murder."

Friends say Ruth, a former model who emigrated to the U.S. from her native County Cork in 1973, loved fashion and decorating her home. She was also a spiritual woman to whom they often turned for advice. "She was magnetic, she was beautiful, and everybody loved to be around her," says <NODE id="2368" />her<NODE id="2371" /> husband, <NODE id="2381" />David McCourt<NODE id="2394" />, 58. On Sept. 15 a thousand people gathered for a memorial service at St. Matthias Catholic Church in East Lyme near the McCourt's Connecticut home.

But Ruth's family insists that the gathering will not stand as her final remembrance. David has already announced plans to begin a fund dedicated to the memory of his wife and daughter, the Juliana Valentine McCourt Children's Education Fund, to teach children to live without hate. "Juliana was taught love," he says. "We want to teach others how to resolve conflict peacefully."

Clifford, too, believes his sister's legacy will live on. He has since learned that the woman he helped rescue, Jennie Maffeo, while in critical condition, is still alive. "I totally believe in fate," he says. "There's an extraordinary force between siblings, and I feel my sister had some part in keeping me alive. I feel she led the way out for me."

Louis Neil Mariani, 59

The bride's stepfather dies on a hijacked plane, but the wedding—a defiant celebration of life—goes on

Like countless mothers of brides, Ellen Mariani smiled until her cheeks ached as she posed for wedding pictures with <NODE id="3525" />her<NODE id="3528" /> daughter <NODE id="3538" />Gina<NODE id="3542" />, 25, and newly minted son-in-law <NODE id="3576" />Christopher Bronley<NODE id="3595" />, 22, on Saturday, <NODE id="3614" />Sept. 15<NODE id="3622" />.

But for Mariani, 63, the smiles were particularly difficult to conjure and the picture incomplete. Four days earlier her husband had died aboard United Airlines Flight 175 when it crashed into the World Trade Center's Tower 2. Originally, Louis Neil Mariani, who retired from his job as a sales coordinator at a Charlestown, Mass., milk company last year, didn't think he could afford to go to his stepdaughter's wedding. It was only after Ellen raised $400 through yard sales that he booked a last-minute fare, gloating that it was cheaper than her ticket on a different airline. On Sept. 11 the couple—who were introduced by a mutual friend in 1987 and wed the following year—left their Derry, N.H., home together and parted at Boston's Logan Airport. "He looked so cute," Ellen recalls. "He said, 'I'll see you when I get there,' and he gave me a kiss."

She heard about the crash while awaiting a connecting flight in Chicago. "The clocks stopped in my head," she says. Yet it was Ellen who convinced her daughter that the wedding should go on. (She managed to get on a flight to Los Angeles the day before the ceremony.) "I want to show people: Don't be scared," she says. "I think I've done enough crying. No one is going to stop me from living and being free."

Howard Lutnick, 40

His life spared, the Cantor Fitzgerald CEO resolves to care for the families of the 700 employees he lost

"With both of his parents deceased by the time he was 18, Howard Lutnick became the man of the house, helping raise <NODE id="5137" />his<NODE id="5140" /> brother <NODE id="5149" />Gary<NODE id="5153" />, then 14, with his sister <NODE id="5180" />Edie<NODE id="5184" />, 20. Now, as head of a company that lost 700 of its 1,000 New York City-based employees—including Gary—in Tower 1, Lutnick is again struggling to support those close to him after a tragedy. "We have a new class of partners here," he tearfully told The New York Times. "These families."

Immediately Lutnick—who was late to work Tuesday morning after taking his 5-year-old son to school—set up a help center at a Midtown hotel for the families and friends of staffers. He also gave the phone number of the Manhattan home <NODE id="5705" />he<NODE id="5707" /> shares with wife <NODE id="5725" />Allison<NODE id="5732" /> to every one of them. He then set up a Cantor Fitzgerald relief fund for families of all World Trade Center victims and personally donated $1 million. "He expects loyalty and he gives loyalty," says Cantor Fitzgerald partner David Kravette, who was in the lobby when the plane hit. "We were all young people with new families, starting out, buying new houses. We know each other's lives."

Two days after the disaster, at the urging of his remaining staff, Lutnick reopened his company's bond-trading systems at a temporary office. Once he was known as one of Wall Street's more ruthless CEOs. At age 34, he gained control of Cantor Fitzgerald only after a bruising legal battle with the wife of his former mentor, who was then in declining health. But now Lutnick says he has found a new sense of purpose. "My view of business is different," he told ABC's Good Morning America. "We've got to make our company able to take care of my 700 families."

Bernard Brown Jr., 11

The family and schoolmates of a D.C. sixth grader mourn an honor student and seek inspiration from his dreams

After the attack on the Pentagon, Sinita Brown's phone started ringing with calls from family and friends asking if her husband was safe. She reassured them that Chief Petty Officer Bernard Brown, a 17-year Navy veteran and information systems technician at the Pentagon, had been on a golf outing that morning and was out of harm's way.

Then, as TV news identified the American Airlines jet that had struck the building, Sinita, 38, learned the awful truth. "It wasn't big Bernard," she says. "It was little Bernard." Earlier Sinita had dropped off Bernard Jr. and his teacher Hilda Taylor, 62, at Dulles International Airport for a National Geographic Society-sponsored educational trip to a marine sanctuary off Santa Barbara, Calif. Along with two other top-performing sixth graders and their teachers from inner-city Washington, D.C., public schools, Bernard Jr. was on Flight 77. By the time Sinita reached her husband at a friend's home, both knew their son was lost. "He was my man," says <NODE id="7815" />Bernard Sr.<NODE id="7826" />, 36, holding his wife's hand in the townhouse they share with daughter <NODE id="7898" />Courtney<NODE id="7906" />, 7, on D.C.'s Boiling Air Force Base. "He was a strong kid."

The next day tested Bernard Sr.'s endurance even further. At the military's family center in Crystal City, Va., he insisted on notifying the families of victims on his staff. "I had to call the parents of a young man," he says. "I was his supervisor, and he used to tell his parents about me." Only then could he really begin to mourn Bernard Jr., an avid basketball player whose newfound maturity had made his parents proud. "He used to think he was too smart to study," says his dad. Leckie Elementary School principal Clementine Homesley saw in Bernard Jr. a reflection of his father's military bearing. "He had to have every strand of hair in place and his shirt tucked in," she says. "The girls all loved him."

Outside, the school's marquee lauds Bernard Jr. and teacher Taylor, a Sierra Leone-born grandmother, as "Our Angelic Heroes." Homesley has been heartened by support from schools as far away as St. Louis, where pupils asked to be matched with pen pals from Leckie. The D.C. school system has created a memorial fund, with donations earmarked for academic and extracurricular programs like the ones the six victims enjoyed. The family of Asia Cottom, another student on the flight, has started a fund to buy computer equipment for her school. Taylor and Bernard Jr., says Homesley, "wanted the future to be bright and knowledge-filled. The best way we can honor them is to carry on and keep their dreams alive."

Honoring the Fallen, Comforting Their Friends

Brooklyn's Squad One

A neighborhood outpouring helps comfort the families of missing firefighters

The World Trade Center was not even visible from the streets of Park Slope in Brooklyn, but the tragedy of the fallen towers has deeply touched this tree-shaded neighborhood four miles away. Eleven of the 30 firefighters stationed at the Squad One firehouse on Union Street are missing, and one has been confirmed dead. But none of the firefighters will be forgotten—not if the people of Park Slope can help it.

In a scene repeated at fire stations throughout the city, well-wishers have inundated the squad's headquarters with cards, candles and flowers. In Park Slope the tributes reflect an especially deep bond. An estimated 5,000 supporters turned out for a Friday-night vigil and donations of everything from Band-Aids and bagels to clothing and cell phones are pouring in. "Over the weekend people were bringing in trays of lasagna, cold cuts, fruit baskets, buckets of soup. We've got a whole turkey back there that no one has touched yet," says fireman Bob West, 45, who works in Park Slope but lives in Massapequa on Long Island. "It's an incredible feeling."

Even neighborhood schoolkids pitched in, organizing a sale of toys, CDs and dolls that netted $253.08 for the firefighters fund. Says <NODE id="10750" />Kathy Spiess<NODE id="10762" />, 42, whose fireman husband, <NODE id="10791" />Billy<NODE id="10796" />, 43, is among the Squad One survivors: "I know I'm speaking for all of the wives. We are overwhelmed by the support."

For gymnastics teacher <NODE id="10939" />Marian Fontana<NODE id="10953" />, 35, whose husband, <NODE id="10974" />Dave<NODE id="10978" />, 37, is still missing, the experience has been particularly moving. Dave was a community stalwart known for bringing his squad's ladder truck to neighborhood block parties. "Complete strangers have been coming up to me and saying, 'I don't know you,' and hugging me," says Marian from the small apartment the Fontanas rent a few blocks from the firehouse. Recently <NODE id="11344" />she<NODE id="11347" /> and <NODE id="11352" />Dave<NODE id="11356" /> (they have one son, <NODE id="11377" />Aidan<NODE id="11382" />, 5) contemplated moving out and buying a home in a less expensive neighborhood. "Boy, am I glad I didn't move," Marian now says. "These people have really been keeping me going."

Ray Downey, 63

Fellow firefighters gave him the nickname God

Battalion Chief of Special Operations Ray Downey was due to retire next September. But he nixed that idea after learning that <NODE id="11752" />his<NODE id="11755" /> son <NODE id="11760" />Joe<NODE id="11763" />, 39, a captain in the department, might be made a chief. "They would have been the first father and son chiefs in the department's history," says <NODE id="11910" />his<NODE id="11913" /> daughter <NODE id="11923" />Marie Tortorici<NODE id="11938" />, 37. Instead, each day after the disaster, Joe worked on the site with <NODE id="12010" />his<NODE id="12013" /> brothers <NODE id="12023" />Chuck<NODE id="12028" />, 35, a lieutenant in the department, and <NODE id="12070" />Ray<NODE id="12073" />, 33, a physical education teacher, clinging to a fading hope of finding their father alive. "I picture him in some void below, barking out orders," says Chuck. "The possibilities are endless with him."

Indeed, Downey was New York City's most decorated firefighter, earning him the nickname God among his troops. In 1995 he led a team of New York's Bravest to assist in the rescue effort in Oklahoma City. And as recently as July Mayor Giuliani presented him with a glass apple from Tiffany to celebrate 40 years of service. After the first plane crashed, Downey met with the mayor and other top fire officials to orchestrate an evacuation. He was last seen in the lobby of the north tower before it collapsed. "If my father was to go, this is the way he would go," says Tortorici. "I think this was his destiny. He lived and breathed the fire department."

Thomas Foley, 32

One of People's Most Eligible Bachelors, he gave his heart to firefighting

He loved motorcycles and bull-riding. "Anything that gives you a test here on earth, that makes you feel alive," Thomas Foley told PEOPLE when he appeared in our inaugural issue of eligible bachelors in July 2000. Though his looks led to stints as an extra on Third Watch and The Sopranos, the country music fan and power-lifting champ from Nyack, N.Y., had no intention of abandoning the career he'd dreamed of since he was 13. "It's the best job in the world," he said. "I wouldn't trade it for anything."

Foley's shift at his Bronx stationhouse ended at 9 a.m. on Sept. 11, but when the call came, he put his boots back on and headed south. The unflinching response was typical of Foley: Last year Mayor Giuliani presented him with a medal for saving a man from a burning building; he was also honored for his daring rescue of two construction workers when a scaffold collapsed in 1999. After that incident Foley called his mom to say he was safe. A week after the World Trade tragedy, his family was still waiting and praying. Says <NODE id="14063" />his<NODE id="14066" /> sister <NODE id="14074" />Joanne<NODE id="14080" />, 34: "We're trying to do what Tom would want us to do."

Peter J. Ganci Jr., 54

A general in the trenches, he put his team's safety first

Coaching his sons' Little League team, Peter Ganci Jr. never showed favoritism. "Coaches' kids always get the best positions," says Chris Ganci, 25. "Not us." Nor was the father of <NODE id="14402" />Chris<NODE id="14407" />, a pharmaceutical sales rep, <NODE id="14437" />Peter<NODE id="14442" />, 27, a firefighter, and <NODE id="14467" />Danielle<NODE id="14475" />, 22, a student, comfortable with the rank and power that came with being New York City Fire Chief. "He wouldn't tell you he was a five-star chief of department," says Chris. "He would say, 'I'm a New York City fireman.' "

Yet no one was surprised when the easygoing Ganci, who loved golf and hanging out at firehouses telling war stories, arrived at the scene and quickly took charge. He led people to cover after the first tower fell, then, in choking dust, hustled firefighters north to safety. "His decision saved so many lives," says Rev. John Delendick, 52, a fire chaplain. Later a witness told Chris that his father was still rescuing people when the second tower collapsed. "He had a person in his hand," says Chris. "Even at the very end he was helping someone."

Father Mychal Judge, 68

The beloved fire department chaplain died as he lived, tending to his flock

On the morning of Sept. 11, a friar ran into Father Mychal Judge's room at the St. Francis of Assisi friary on Manhattan's 31st St. "I think they need you," was all he said. Judge "put his uniform on, but he did take time to comb and spray his hair," said his friend, the Rev. Michael Duffy, provoking affectionate laughter among the congregation of some 3,000 who gathered for Judge's funeral on Sept. 15.

As the New York fire department chaplain since 1992, the 68-year-old Franciscan priest had heeded many such calls, from helping Chinese immigrants whose ship washed up on the shores of Rockaway Beach in 1993 to comforting relatives of those who died in the 1996 explosion of TWA Flight 800. To many city firefighters he was as familiar as their uniforms. "He loved New York," says a friend. And New Yorkers loved Judge, who seemed to be everywhere in the city, helping run a bread line and officiating at countless baptisms, weddings and funerals. "He was a priest for all people," says Father Brian Jordan. "He worked with the poor and the police and AIDS patients and the firemen."

<NODE id="16445" />Judge<NODE id="16450" /> found his calling growing up in Depression-era Brooklyn, the second of three children of <NODE id="16540" />Michael Judge<NODE id="16553" /> and <NODE id="16558" />Mary Fallon<NODE id="16569" />. After joining the Franciscan order in 1956, he worked as assistant to the president of Siena College in Loudonville, N.Y., and ministered at three churches in New Jersey before making his home at St. Francis of Assisi. He was administering last rites to a fireman when he was struck and killed by falling debris. As many as 300 rescue workers may have died in the disaster. Says firefighter David Fullam, 38: "I just think God wanted somebody to lead the guys to heaven."

Daniel Lee, 34

A new daughter, born two days after his death, brings his widow strength

Kellie Lee spent Tuesday praying that "<NODE id="17173" />her<NODE id="17176" /> husband, <NODE id="17186" />Dan<NODE id="17189" />—never a morning person—had missed American Airlines Flight 11 from Boston to L.A. A carpenter for the Backstreet Boys, he was determined to get home to his wife, who was scheduled to give birth to their second child by cesarean section two days later. When Dan called at 2 a.m. Tuesday morning, "he said, I love you, I'll be home soon,' " recalls Kellie, 32.

At 10 a.m. Wednesday, her fears were confirmed: An airline representative called to tell her Dan had died aboard the first plane to hit the World Trade Center. "I begged her to defer the birth, but <NODE id="17748" />she<NODE id="17751" /> insisted on going forward," says Dr. Peter Rubenstein, 57, who delivered 8-lb. 11-oz. <NODE id="17838" />Allison Danielle<NODE id="17854" />, named for her father, at 8:10 a.m. Sept. 13. "I think the impact of having a child and strong family support has helped her hold up." Says Kellie: "Dan would have been holding my hand with an ear-to-ear grin."

The couple met in 1992 in an Encino, Calif., bar, where Kellie was a cocktail waitress and Dan was a struggling musician. They wed in 1995 and baby Amanda arrived four years later. Though hardworking, Dan, who had traveled as a carpenter with bands since the mid-1990s, left no life insurance and little savings, so the Backstreet Boys are "raising money for his wife and family," says <NODE id="18453" />Leighanne Wallace<NODE id="18470" />, the wife of band member <NODE id="18496" />Brian Littrell<NODE id="18510" />. Meanwhile, Kellie, who plans to move to Erie, Pa., where her family lives, struggles with what to tell Amanda, who insists "Daddy will be back in five minutes." She says she'll build her life on one thought: "I know Dan would want me to be strong and raise his daughters well."</TEXT>
<Meta /><Entities>
<Entity id="0" startPos="1300" endPos="1303" type="person" surface="His">
<feature featureName="cm_id" featureValue="145_2" />
<feature featureName="annotator" featureValue="R.H., V.M." /></Entity>
<Entity id="1" startPos="1311" endPos="1315" type="person" surface="Ruth">
<feature featureName="cm_id" featureValue="156_1" />
<feature featureName="annotator" featureValue="R.H., V.M." /></Entity>
<Entity id="2" startPos="1320" endPos="1323" type="person" surface="her">
<feature featureName="cm_id" featureValue="165_4" />
<feature featureName="annotator" featureValue="R.H., V.M." /></Entity>
<Entity id="3" startPos="1333" endPos="1340" type="person" surface="Juliana">
<feature featureName="cm_id" featureValue="178_5" />
<feature featureName="annotator" featureValue="R.H., V.M." /></Entity>
<Entity id="4" startPos="1998" endPos="2003" type="person" surface="Paige">
<feature featureName="cm_id" featureValue="63_1" />
<feature featureName="annotator" featureValue="R.H., V.M." /></Entity>
<Entity id="5" startPos="2015" endPos="2027" type="person" surface="Allan Hackel">
<feature featureName="cm_id" featureValue="80_2" />
<feature featureName="annotator" featureValue="R.H., V.M." /></Entity>
<Entity id="6" startPos="2368" endPos="2371" type="person" surface="her">
<feature featureName="cm_id" featureValue="82_5" />
<feature featureName="annotator" featureValue="R.H., V.M." /></Entity>
<Entity id="7" startPos="2381" endPos="2394" type="person" surface="David McCourt">
<feature featureName="cm_id" featureValue="95_2" />
<feature featureName="annotator" featureValue="R.H., V.M." /></Entity>
<Entity id="8" startPos="3525" endPos="3528" type="person" surface="her">
<feature featureName="cm_id" featureValue="117_1" />
<feature featureName="annotator" featureValue="R.H., V.M." /></Entity>
<Entity id="9" startPos="3538" endPos="3542" type="person" surface="Gina">
<feature featureName="cm_id" featureValue="130_4" />
<feature featureName="annotator" featureValue="R.H., V.M." /></Entity>
<Entity id="10" startPos="3576" endPos="3595" type="person" surface="Christopher Bronley">
<feature featureName="cm_id" featureValue="168_3" />
<feature featureName="annotator" featureValue="R.H., V.M." /></Entity>
<Entity id="11" startPos="3614" endPos="3622" type="date" surface="Sept. 15">
<feature featureName="date_day" featureValue="15" />
<feature featureName="cm_id" featureValue="206_7" />
<feature featureName="annotator" featureValue="V.M." />
<feature featureName="date_month" featureValue="September" /></Entity>
<Entity id="12" startPos="5137" endPos="5140" type="person" surface="his">
<feature featureName="cm_id" featureValue="116_4" />
<feature featureName="annotator" featureValue="R.H., V.M." /></Entity>
<Entity id="13" startPos="5149" endPos="5153" type="person" surface="Gary">
<feature featureName="cm_id" featureValue="128_2" />
<feature featureName="annotator" featureValue="R.H., V.M." /></Entity>
<Entity id="14" startPos="5180" endPos="5184" type="person" surface="Edie">
<feature featureName="cm_id" featureValue="159_6" />
<feature featureName="annotator" featureValue="R.H., V.M." /></Entity>
<Entity id="15" startPos="5705" endPos="5707" type="person" surface="he">
<feature featureName="cm_id" featureValue="52_1" />
<feature featureName="annotator" featureValue="R.H., V.M." /></Entity>
<Entity id="16" startPos="5725" endPos="5732" type="person" surface="Allison">
<feature featureName="cm_id" featureValue="72_2" />
<feature featureName="annotator" featureValue="R.H., V.M." /></Entity>
<Entity id="17" startPos="7815" endPos="7826" type="person" surface="Bernard Sr.">
<feature featureName="cm_id" featureValue="22_3" />
<feature featureName="annotator" featureValue="R.H., V.M." /></Entity>
<Entity id="18" startPos="7898" endPos="7906" type="person" surface="Courtney">
<feature featureName="cm_id" featureValue="105_2" />
<feature featureName="annotator" featureValue="R.H., V.M." /></Entity>
<Entity id="19" startPos="10750" endPos="10762" type="person" surface="Kathy Spiess">
<feature featureName="cm_id" featureValue="5_2" />
<feature featureName="annotator" featureValue="R.H., V.M." /></Entity>
<Entity id="20" startPos="10791" endPos="10796" type="person" surface="Billy">
<feature featureName="cm_id" featureValue="46_3" />
<feature featureName="annotator" featureValue="R.H., V.M." /></Entity>
<Entity id="21" startPos="10939" endPos="10953" type="person" surface="Marian Fontana">
<feature featureName="cm_id" featureValue="23_1" />
<feature featureName="annotator" featureValue="R.H., V.M." /></Entity>
<Entity id="22" startPos="10974" endPos="10978" type="person" surface="Dave">
<feature featureName="cm_id" featureValue="58_2" />
<feature featureName="annotator" featureValue="R.H., V.M." /></Entity>
<Entity id="23" startPos="11344" endPos="11347" type="person" surface="she">
<feature featureName="cm_id" featureValue="9_3" />
<feature featureName="annotator" featureValue="R.H., V.M." /></Entity>
<Entity id="24" startPos="11352" endPos="11356" type="person" surface="Dave">
<feature featureName="cm_id" featureValue="17_1" />
<feature featureName="annotator" featureValue="R.H., V.M." /></Entity>
<Entity id="25" startPos="11377" endPos="11382" type="person" surface="Aidan">
<feature featureName="cm_id" featureValue="42_2" />
<feature featureName="annotator" featureValue="R.H., V.M." /></Entity>
<Entity id="26" startPos="11752" endPos="11755" type="person" surface="his">
<feature featureName="cm_id" featureValue="43_2" />
<feature featureName="annotator" featureValue="R.H., V.M." /></Entity>
<Entity id="27" startPos="11760" endPos="11763" type="person" surface="Joe">
<feature featureName="cm_id" featureValue="51_1" />
<feature featureName="annotator" featureValue="R.H., V.M." /></Entity>
<Entity id="28" startPos="11910" endPos="11913" type="person" surface="his">
<feature featureName="cm_id" featureValue="89_1" />
<feature featureName="annotator" featureValue="R.H., V.M." /></Entity>
<Entity id="29" startPos="11923" endPos="11938" type="person" surface="Marie Tortorici">
<feature featureName="cm_id" featureValue="102_2" />
<feature featureName="annotator" featureValue="R.H., V.M." /></Entity>
<Entity id="30" startPos="12010" endPos="12013" type="person" surface="his">
<feature featureName="cm_id" featureValue="66_3" />
<feature featureName="annotator" featureValue="R.H., V.M." /></Entity>
<Entity id="31" startPos="12023" endPos="12028" type="person" surface="Chuck">
<feature featureName="cm_id" featureValue="79_1" />
<feature featureName="annotator" featureValue="R.H., V.M." /></Entity>
<Entity id="32" startPos="12070" endPos="12073" type="person" surface="Ray">
<feature featureName="cm_id" featureValue="126_4" />
<feature featureName="annotator" featureValue="R.H., V.M." /></Entity>
<Entity id="33" startPos="14063" endPos="14066" type="person" surface="his">
<feature featureName="cm_id" featureValue="5_3" />
<feature featureName="annotator" featureValue="R.H., V.M." /></Entity>
<Entity id="34" startPos="14074" endPos="14080" type="person" surface="Joanne">
<feature featureName="cm_id" featureValue="16_1" />
<feature featureName="annotator" featureValue="R.H., V.M." /></Entity>
<Entity id="35" startPos="14402" endPos="14407" type="person" surface="Chris">
<feature featureName="cm_id" featureValue="22_3" />
<feature featureName="annotator" featureValue="R.H., V.M." /></Entity>
<Entity id="36" startPos="14437" endPos="14442" type="person" surface="Peter">
<feature featureName="cm_id" featureValue="57_2" />
<feature featureName="annotator" featureValue="R.H., V.M." /></Entity>
<Entity id="37" startPos="14467" endPos="14475" type="person" surface="Danielle">
<feature featureName="cm_id" featureValue="87_1" />
<feature featureName="annotator" featureValue="R.H., V.M." /></Entity>
<Entity id="38" startPos="16445" endPos="16450" type="person" surface="Judge">
<feature featureName="cm_id" featureValue="0_2" />
<feature featureName="annotator" featureValue="R.H., V.M." /></Entity>
<Entity id="39" startPos="16540" endPos="16553" type="person" surface="Michael Judge">
<feature featureName="cm_id" featureValue="95_4" />
<feature featureName="annotator" featureValue="R.H., V.M." /></Entity>
<Entity id="40" startPos="16558" endPos="16569" type="person" surface="Mary Fallon">
<feature featureName="cm_id" featureValue="113_3" />
<feature featureName="annotator" featureValue="R.H., V.M." /></Entity>
<Entity id="41" startPos="17173" endPos="17176" type="person" surface="her">
<feature featureName="cm_id" featureValue="39_2" />
<feature featureName="annotator" featureValue="R.H., V.M." /></Entity>
<Entity id="42" startPos="17186" endPos="17189" type="person" surface="Dan">
<feature featureName="cm_id" featureValue="52_1" />
<feature featureName="annotator" featureValue="R.H., V.M." /></Entity>
<Entity id="43" startPos="17748" endPos="17751" type="person" surface="she">
<feature featureName="cm_id" featureValue="38_5" />
<feature featureName="annotator" featureValue="R.H., V.M." /></Entity>
<Entity id="44" startPos="17838" endPos="17854" type="person" surface="Allison Danielle">
<feature featureName="cm_id" featureValue="128_1" />
<feature featureName="annotator" featureValue="R.H., V.M." /></Entity>
<Entity id="45" startPos="18453" endPos="18470" type="person" surface="Leighanne Wallace">
<feature featureName="cm_id" featureValue="205_1" />
<feature featureName="annotator" featureValue="R.H., V.M." /></Entity>
<Entity id="46" startPos="18496" endPos="18510" type="person" surface="Brian Littrell">
<feature featureName="cm_id" featureValue="248_2" />
<feature featureName="annotator" featureValue="R.H., V.M." /></Entity></Entities><Relations>
<Relation id="47" NAME="sibling_relationship">
<Entity id="1" label="person" />
<Entity id="0" label="person" />
<feature featureName="annotator" featureValue="R.H., V.M." />
<feature featureName="rm_id" featureValue="doc69_1155_1" />
</Relation>
<Relation id="48" NAME="person_parent">
<Entity id="3" label="person" />
<Entity id="2" label="parent" />
<feature featureName="annotator" featureValue="R.H., V.M." />
<feature featureName="rm_id" featureValue="doc69_1155_2" />
</Relation>
<Relation id="49" NAME="marriage">
<Entity id="4" label="person" />
<Entity id="5" label="person" />
<feature featureName="annotator" featureValue="R.H., V.M." />
<feature featureName="rm_id" featureValue="doc69_1935_1" />
</Relation>
<Relation id="50" NAME="marriage">
<Entity id="6" label="person" />
<Entity id="7" label="person" />
<feature featureName="annotator" featureValue="R.H., V.M." />
<feature featureName="rm_id" featureValue="doc69_2286_1" />
</Relation>
<Relation id="51" NAME="marriage">
<Entity id="10" label="person" />
<Entity id="9" label="person" />
<Entity id="11" label="from" />
<feature featureName="annotator" featureValue="V.M., L.S." />
<feature featureName="rm_id" featureValue="doc69_3408_1_307" />
</Relation>
<Relation id="52" NAME="person_parent">
<Entity id="9" label="person" />
<Entity id="8" label="parent" />
<feature featureName="annotator" featureValue="V.M., L.S." />
<feature featureName="rm_id" featureValue="doc69_3408_0_314" />
</Relation>
<Relation id="53" NAME="sibling_relationship">
<Entity id="12" label="person" />
<Entity id="14" label="person" />
<Entity id="13" label="person" />
<feature featureName="annotator" featureValue="R.H., L.S." />
<feature featureName="rm_id" featureValue="doc69_5021_0_325" />
</Relation>
<Relation id="54" NAME="marriage">
<Entity id="16" label="person" />
<Entity id="15" label="person" />
<feature featureName="annotator" featureValue="R.H., V.M." />
<feature featureName="rm_id" featureValue="doc69_5653_1" />
</Relation>
<Relation id="55" NAME="person_parent">
<Entity id="18" label="person" />
<Entity id="17" label="parent" />
<feature featureName="annotator" featureValue="R.H., V.M." />
<feature featureName="rm_id" featureValue="doc69_7793_1" />
</Relation>
<Relation id="56" NAME="marriage">
<Entity id="19" label="person" />
<Entity id="20" label="person" />
<feature featureName="annotator" featureValue="R.H., V.M." />
<feature featureName="rm_id" featureValue="doc69_10745_1" />
</Relation>
<Relation id="57" NAME="marriage">
<Entity id="22" label="person" />
<Entity id="21" label="person" />
<feature featureName="annotator" featureValue="R.H., V.M." />
<feature featureName="rm_id" featureValue="doc69_10916_1" />
</Relation>
<Relation id="58" NAME="person_parent">
<Entity id="25" label="person" />
<Entity id="23" label="parent" />
<Entity id="24" label="parent" />
<feature featureName="annotator" featureValue="R.H., V.M." />
<feature featureName="rm_id" featureValue="doc69_11335_1" />
</Relation>
<Relation id="59" NAME="person_parent">
<Entity id="27" label="person" />
<Entity id="26" label="parent" />
<feature featureName="annotator" featureValue="R.H., V.M." />
<feature featureName="rm_id" featureValue="doc69_11709_1" />
</Relation>
<Relation id="60" NAME="person_parent">
<Entity id="29" label="person" />
<Entity id="28" label="parent" />
<feature featureName="annotator" featureValue="R.H., V.M." />
<feature featureName="rm_id" featureValue="doc69_11821_1" />
</Relation>
<Relation id="61" NAME="sibling_relationship">
<Entity id="31" label="person" />
<Entity id="30" label="person" />
<Entity id="32" label="person" />
<feature featureName="annotator" featureValue="R.H., V.M." />
<feature featureName="rm_id" featureValue="doc69_11944_1" />
</Relation>
<Relation id="62" NAME="sibling_relationship">
<Entity id="34" label="person" />
<Entity id="33" label="person" />
<feature featureName="annotator" featureValue="R.H., V.M." />
<feature featureName="rm_id" featureValue="doc69_14058_1" />
</Relation>
<Relation id="63" NAME="sibling_relationship">
<Entity id="36" label="person" />
<Entity id="37" label="person" />
<Entity id="35" label="person" />
<feature featureName="annotator" featureValue="R.H., L.S." />
<feature featureName="rm_id" featureValue="doc69_14380_0_328" />
</Relation>
<Relation id="64" NAME="person_parent">
<Entity id="38" label="person" />
<Entity id="39" label="parent" />
<Entity id="40" label="parent" />
<feature featureName="annotator" featureValue="R.H., L.S." />
<feature featureName="rm_id" featureValue="doc69_16445_0_323" />
</Relation>
<Relation id="65" NAME="marriage">
<Entity id="41" label="person" />
<Entity id="42" label="person" />
<feature featureName="annotator" featureValue="R.H., V.M." />
<feature featureName="rm_id" featureValue="doc69_17134_1" />
</Relation>
<Relation id="66" NAME="person_parent">
<Entity id="44" label="person" />
<Entity id="43" label="parent" />
<feature featureName="annotator" featureValue="V.M., L.S." />
<feature featureName="rm_id" featureValue="doc69_17710_0_319" />
</Relation>
<Relation id="67" NAME="marriage">
<Entity id="46" label="person" />
<Entity id="45" label="person" />
<feature featureName="annotator" featureValue="R.H., V.M." />
<feature featureName="rm_id" featureValue="doc69_18248_1" />
</Relation></Relations>
</Document>
