<?xml version="1.0" encoding="UTF-8"?>
<Document>
<TEXT>The Rock Store, a popular biker hangout 30 miles northwest of Los Angeles, probably wouldn't be most people's idea of a family eatery. But nearly every Sunday morning for the past year actor Robert Blake brought <NODE id="212" />his<NODE id="215" /> young daughter <NODE id="231" />Rose<NODE id="235" /> in for breakfast. Almost always dressed in pink, Rose—who will turn 2 in June—charmed the staff, who could see how tenderly the supposed tough-guy Blake treated the toddler, cooing and baby-talking to her and wiping her face with a wet napkin at the end of the meal. "At one time [in his life] he was really wild," says Veronica Savko, who owns the Rock Store with <NODE id="601" />her<NODE id="604" /> husband, <NODE id="614" />Ed<NODE id="616" />, and has known Blake for 25 years. "I think, for whatever reason, Bobby just needed love."

At the moment, a few legal breaks wouldn't hurt either. One year after <NODE id="780" />his<NODE id="783" /> wife, <NODE id="790" />Bonny Bakley<NODE id="802" />, 44, was found shot to death on a street in suburban Los Angeles minutes after having dinner with Blake, the former Baretta star now stands accused of being the killer. In announcing the arrest of Blake, 68, along with his handyman-cum-assistant Earle Caldwell, 46, who was charged with conspiracy in the murder, L.A. police asserted that investigators had uncovered more than enough physical and circumstantial evidence to make the case stick in court. Underscoring their confidence, prosecutors charged Blake with murder with special circumstances, in this instance "lying in wait" to murder Bakley, meaning that he could face the death penalty. "This was a hit by a husband," said LAPD Capt. Jim Tatreau, who supervised the investigation.

Ever since the night of the murder, Blake—for whom even the twilight of stardom seemed to have faded—was the subject of much lurid speculation and suspicion. But almost none of it could rival the noirish ingredients contained in the court documents. Prosecutors say that Blake had been plotting his wife's killing for months, simply because, as one police official put it, "he was trapped in a marriage he wanted no part of." According to the official felony complaint, he tried repeatedly to line up men—one of them a Hollywood stunt performer—to do the job for him, offering to supply them with an untraceable weapon, directing them to possible murder sites in Arizona and California and instructing them to shoot Bakley in the desert, and then bury her in a grave Caldwell would have already prepared. When those efforts fell through, say court papers, Blake finally decided to handle it on his own, shooting Bakley—a veteran con artist who fleeced men through lonely hearts magazine ads—in the head as she sat in his Dodge Stealth near Vitello's restaurant in Studio City on May 4, 2001. (In one eerie echo, the pilot of the 1975-78 Baretta series had Blake's fictional fiancée being bumped off in front of an Italian restaurant.)

The charges came as little surprise to Bakley's family, who had all along loudly voiced their certainty that Blake was the triggerman. <NODE id="2917" />Bonny<NODE id="2922" />'s sister <NODE id="2932" />Margerry<NODE id="2940" /> told PEOPLE that her sister had long feared that Blake—who felt <NODE id="3005" />he<NODE id="3007" />'d been trapped into marrying <NODE id="3037" />Bakley<NODE id="3043" />—would kill her. Still, with criticism of their methods in the O.J. Simpson case still stinging, L.A. cops wanted to take it slow. At a press conference after Blake's arrest, outgoing Police Chief Bernard Parks stressed that investigators had interviewed 150 witnesses and traveled to 20 states running down clues.

Their wariness was especially evident in the way police handled Blake's arrest. Shortly before 6 p.m. on April 18, a caravan of nearly a dozen police vehicles rolled into Hidden Hills, the gated community where Blake has been living with Rose since January. The actor had been given about 15 minutes' notice that he was about to be taken into custody. At his request, police agreed to wait until <NODE id="3755" />his<NODE id="3758" /> older daughter <NODE id="3774" />Delinah<NODE id="3781" />, 35, by first wife <NODE id="3801" />Sondra Blake<NODE id="3813" />, arrived to care for Rose, who was in the house with her father and her full-time nanny at the time of the arrest. Blake was later transferred to the hospital ward of the L.A. County Jail, where high-profile detainees can be kept away from other inmates. At his arraignment on April 22, Blake, who, like Caldwell, has pleaded not guilty, was held without bail, with no timetable for a trial. "He is very philosophical," says his lawyer Harland Braun. "Being in custody is not the worst thing that has ever happened to him."

Perhaps not, but he may be looking at substantial time behind bars. According to cops and several press reports, police have linked a World War II-era handgun found in a large trash bin at the murder site to the shooting. Several news reports go further, linking a box of bullets found in Blake's home to those found at the scene. In the court papers, police maintain that Caldwell supplied the weapon to Blake. But Braun argues that the handgun is nothing more than a red herring. He points out that it was not discovered until a day after the crime and questions whether police can tie it to Blake.

Authorities have also evidently been picking apart Blake's statement to them the night of the murder. Blake's story has long been that after dinner he and Bakley had walked a block and a half to his car when he suddenly realized that he had left his own handgun, a .38-cal. that he was licensed to carry, back at Vitello's. Leaving her in the car, Blake said he went back to the restaurant, got the gun and returned to the scene to find a bloody and dying Bakley inside the vehicle. Investigators have reportedly focused on several aspects of Blake's behavior that night. For one thing, they wonder why he parked in a dimly lit area behind a truck-size trash bin next to a construction site. So far, though, it is unclear whether there are any outright inconsistencies in Blake's statement. "There should be no glaring holes in his story," says one LAPD source. "His comments to different officers and detectives have to match."

According to the charges filed, Blake approached Caldwell, who served as a chauffeur, bodyguard and handyman for the actor, several months before the killing to ask for his help. Caldwell then allegedly began keeping a shopping list of items that might be needed for disposing of a body, including two shovels, a sledgehammer, old rugs, duct tape, Drano, lye and pool acid. In one cryptic passage in the complaint, Caldwell is alleged to have tried to ambush Bakley, jumping out of some bushes and brandishing a gun, while she and Blake walked along a river during a vacation last April. The assumption by Braun and other legal experts is that by charging Caldwell, who police acknowledge was not even in Los Angeles on the night of the murder, prosecutors are hoping he will provide evidence against Blake in return for leniency.

It is known that Blake submitted to gunpowder testing on the night of the killing. The results have never been disclosed, and one L.A. criminal attorney suggests that winning a conviction may be more difficult if no traces were found—good news for Blake, whose lawyers insist that if gunpowder had turned up, the actor would surely have been arrested immediately. All in all, concedes one LAPD homicide detective, the physical evidence may not be quite as airtight as investigators would like. "It's a circumstantial case," he says.

Which may place a considerable burden elsewhere, namely on the two men who, according to the complaint, Blake tried to recruit to kill Bakley for him. The court papers do not name the men, who are cooperating with police, but one of them appears to have been Gary McLarty, 61, a well-known Hollywood stuntman who met Blake when they worked on the 1980 movie Coast to Coast. McLarty wasn't talking last week, but <NODE id="7649" />his<NODE id="7652" /> son <NODE id="7657" />Cole<NODE id="7661" />, 29, also a stuntman, says his father met at a restaurant in the San Fernando Valley with Blake, who "proposed money or something for my dad to do something to his wife.... He just left it at that." His father, adds Cole, didn't take the offer seriously: "He just walked out and thought that [Blake] was crazy." Cole says that investigators learned of his father's alleged involvement by tracing Blake's phone calls. But Braun, for one, maintains he is not overly concerned. "It's totally fabricated, or maybe Robert was bemoaning [Bonny] and said something like, 'I could kill the bitch,' " he says. "Being Hollywood, these things get exaggerated."

Were it not for Hollywood, Blake would likely not be in this trouble. Born Michael Gubitosi in Nutley, N.J., in 1933, Blake was the onetime child star of abusive parents who he claimed locked him in a closet and "made me eat on the floor like a dog." He became an adult star with his portrayal of the sensitive killer Perry Smith in 1967's In Cold Blood and then went on to lasting fame as Baretta, a street-tough detective who lived with a cockatoo named Fred. But Blake remained a Hollywood hard case, a man whose volatile temper and demands tested the patience of those who cared for him. "Complex doesn't even begin to capture his personality," says Baretta creator Stephen J. Cannell, who has had an on-and-off friendship with Blake. "If you were in business with him, you just had to strap in really tight, because you were going to get lurched around a lot."

The acting work had long been drying up for Blake when he encountered Bakley. Even Braun freely concedes that Blake grew to despise her. They had met at an L.A. jazz club in 1999. Soon, Bakley—a New Jersey native with a criminal record, assorted aliases and a history of aggressively targeting celebrities—was pregnant. Initially she told Blake the baby belonged to <NODE id="9546" />Marlon Brando<NODE id="9559" />'s son <NODE id="9566" />Christian<NODE id="9575" />, but a paternity test later established that <NODE id="9621" />Blake<NODE id="9626" /> was <NODE id="9631" />Rose<NODE id="9635" />'s father and <NODE id="9649" />Blake<NODE id="9654" /> decided to wed <NODE id="9670" />Bakley<NODE id="9676" /> for the child's sake. Their custody agreement stipulated that in return for marrying <NODE id="9762" />Bakley<NODE id="9768" />, <NODE id="9770" />he<NODE id="9772" /> would be assured of participating in Rose's upbringing.

Still, he and Bakley never lived together. Instead he remained in his longtime home in Studio City while Bakley took up residence in a bungalow on the property. The actor was reportedly furious that Bakley, who had been involved in shady dealings for years, was still working a lonely hearts scam. "Look what she did to him," says Braun, whose insistence that police fully explore Bakley's background and her disgruntled clients for the killer added further time to the investigation. "To say there was no tension is absurd, but that doesn't mean he killed her."

In any case, even some of those who believe Blake guilty—including the Bakley family—concede that his resentment never extended to Rose. He turned the house in Hidden Hills, for which <NODE id="10578" />he<NODE id="10580" /> paid $1.4 million in cash two years ago and where daughter <NODE id="10640" />Delinah<NODE id="10647" /> lived for a time, into a virtual theme park for the youngster. To the consternation of neighbors in the horsey community, which is surrounded by riding trails, he put up two swing sets and a playhouse in the front yard. Recently he had installed a patio, complete with a porch swing, outside his front door so that he could relax and watch Rose at play. Says Scott Ross, a private investigator working on the case for Braun: "He liked to sit out there and watch the world go by." Still, some neighbors contend that as a doting father there was less to Blake than met the eye. "He can often be seen outside with her, but he always has the babysitter with him," says one Hidden Hills resident. "Primarily, Rosie's caretaker is the babysitter."

In the past, <NODE id="11404" />Bakley<NODE id="11410" />'s sister <NODE id="11420" />Margerry<NODE id="11428" /> has declared that she might seek custody of Rose. But in the aftermath of Blake's arrest she backed off, saying she was satisfied that Delinah, who is a college instructor, was doing a good job. "No baby should be raised by a murderer, especially the murderer of her mother," says Margerry, 41, a homemaker who lives outside Knoxville, Tenn. " [But] I have no desire to tear that baby from the woman she probably knows as Mom." Braun says Rose is doing fine and "misses her dad."

Meanwhile, at the Rock Store the Savkos miss Blake and his daughter's weekly visits. Proprietor Veronica would like to believe that her longtime customer is innocent. She says that three weeks after the murder she asked him point-blank whether his conscience was bothering him. He said no. "Then I said, 'Do you have trouble sleeping at night?' " she recalls. "He said no. Whether he's guilty or not, I don't know." At this point Blake no doubt hopes he'll face a jury just as open-minded

Bill Hewitt Lorenzo Benet, Lyndon Stambler, Alexis Chiu and Johnny Dodd in Los Angeles and Kate Klise in Memphis</TEXT>
<Meta /><Entities>
<Entity id="0" startPos="212" endPos="215" type="person" surface="his">
<feature featureName="cm_id" featureValue="77_3" />
<feature featureName="annotator" featureValue="R.H., V.M." /></Entity>
<Entity id="1" startPos="231" endPos="235" type="person" surface="Rose">
<feature featureName="cm_id" featureValue="96_2" />
<feature featureName="annotator" featureValue="R.H., V.M." /></Entity>
<Entity id="2" startPos="601" endPos="604" type="person" surface="her">
<feature featureName="cm_id" featureValue="98_1" />
<feature featureName="annotator" featureValue="R.H., V.M." /></Entity>
<Entity id="3" startPos="614" endPos="616" type="person" surface="Ed">
<feature featureName="cm_id" featureValue="111_2" />
<feature featureName="annotator" featureValue="R.H., V.M." /></Entity>
<Entity id="4" startPos="780" endPos="783" type="person" surface="his">
<feature featureName="cm_id" featureValue="15_2" />
<feature featureName="annotator" featureValue="R.H., V.M." /></Entity>
<Entity id="5" startPos="790" endPos="802" type="person" surface="Bonny Bakley">
<feature featureName="cm_id" featureValue="25_1" />
<feature featureName="annotator" featureValue="R.H., V.M." /></Entity>
<Entity id="6" startPos="2917" endPos="2922" type="person" surface="Bonny">
<feature featureName="cm_id" featureValue="0_2" />
<feature featureName="annotator" featureValue="R.H., V.M." /></Entity>
<Entity id="7" startPos="2932" endPos="2940" type="person" surface="Margerry">
<feature featureName="cm_id" featureValue="15_5" />
<feature featureName="annotator" featureValue="R.H., V.M." /></Entity>
<Entity id="8" startPos="3005" endPos="3007" type="person" surface="he">
<feature featureName="cm_id" featureValue="88_4" />
<feature featureName="annotator" featureValue="R.H., V.M." /></Entity>
<Entity id="9" startPos="3037" endPos="3043" type="person" surface="Bakley">
<feature featureName="cm_id" featureValue="120_1" />
<feature featureName="annotator" featureValue="R.H., V.M." /></Entity>
<Entity id="10" startPos="3755" endPos="3758" type="person" surface="his">
<feature featureName="cm_id" featureValue="44_1" />
<feature featureName="annotator" featureValue="R.H., V.M." /></Entity>
<Entity id="11" startPos="3774" endPos="3781" type="person" surface="Delinah">
<feature featureName="cm_id" featureValue="63_3" />
<feature featureName="annotator" featureValue="R.H., V.M." /></Entity>
<Entity id="12" startPos="3801" endPos="3813" type="person" surface="Sondra Blake">
<feature featureName="cm_id" featureValue="90_4" />
<feature featureName="annotator" featureValue="R.H., V.M." /></Entity>
<Entity id="13" startPos="7649" endPos="7652" type="person" surface="his">
<feature featureName="cm_id" featureValue="38_1" />
<feature featureName="annotator" featureValue="R.H., V.M." /></Entity>
<Entity id="14" startPos="7657" endPos="7661" type="person" surface="Cole">
<feature featureName="cm_id" featureValue="46_4" />
<feature featureName="annotator" featureValue="R.H., V.M." /></Entity>
<Entity id="15" startPos="9546" endPos="9559" type="person" surface="Marlon Brando">
<feature featureName="cm_id" featureValue="46_3" />
<feature featureName="annotator" featureValue="R.H., V.M." /></Entity>
<Entity id="16" startPos="9566" endPos="9575" type="person" surface="Christian">
<feature featureName="cm_id" featureValue="66_1" />
<feature featureName="annotator" featureValue="R.H., V.M." /></Entity>
<Entity id="17" startPos="9621" endPos="9626" type="person" surface="Blake">
<feature featureName="cm_id" featureValue="121_8" />
<feature featureName="annotator" featureValue="R.H., V.M." /></Entity>
<Entity id="18" startPos="9631" endPos="9635" type="person" surface="Rose">
<feature featureName="cm_id" featureValue="131_5" />
<feature featureName="annotator" featureValue="R.H., V.M." /></Entity>
<Entity id="19" startPos="9649" endPos="9654" type="person" surface="Blake">
<feature featureName="cm_id" featureValue="149_7" />
<feature featureName="annotator" featureValue="R.H., V.M." /></Entity>
<Entity id="20" startPos="9670" endPos="9676" type="person" surface="Bakley">
<feature featureName="cm_id" featureValue="170_2" />
<feature featureName="annotator" featureValue="R.H., V.M." /></Entity>
<Entity id="21" startPos="9762" endPos="9768" type="person" surface="Bakley">
<feature featureName="cm_id" featureValue="63_1" />
<feature featureName="annotator" featureValue="R.H., V.M." /></Entity>
<Entity id="22" startPos="9770" endPos="9772" type="person" surface="he">
<feature featureName="cm_id" featureValue="71_3" />
<feature featureName="annotator" featureValue="R.H., V.M." /></Entity>
<Entity id="23" startPos="10578" endPos="10580" type="person" surface="he">
<feature featureName="cm_id" featureValue="47_3" />
<feature featureName="annotator" featureValue="R.H., V.M." /></Entity>
<Entity id="24" startPos="10640" endPos="10647" type="person" surface="Delinah">
<feature featureName="cm_id" featureValue="109_2" />
<feature featureName="annotator" featureValue="R.H., V.M." /></Entity>
<Entity id="25" startPos="11404" endPos="11410" type="person" surface="Bakley">
<feature featureName="cm_id" featureValue="13_1" />
<feature featureName="annotator" featureValue="R.H., V.M." /></Entity>
<Entity id="26" startPos="11420" endPos="11428" type="person" surface="Margerry">
<feature featureName="cm_id" featureValue="29_2" />
<feature featureName="annotator" featureValue="R.H., V.M." /></Entity></Entities><Relations>
<Relation id="27" NAME="person_parent">
<Entity id="1" label="person" />
<Entity id="0" label="parent" />
<feature featureName="annotator" featureValue="R.H., V.M." />
<feature featureName="rm_id" featureValue="doc61_135_1" />
</Relation>
<Relation id="28" NAME="marriage">
<Entity id="3" label="person" />
<Entity id="2" label="person" />
<feature featureName="annotator" featureValue="R.H., V.M." />
<feature featureName="rm_id" featureValue="doc61_503_1" />
</Relation>
<Relation id="29" NAME="marriage">
<Entity id="5" label="person" />
<Entity id="4" label="person" />
<feature featureName="annotator" featureValue="R.H., V.M." />
<feature featureName="rm_id" featureValue="doc61_765_1" />
</Relation>
<Relation id="30" NAME="sibling_relationship">
<Entity id="7" label="person" />
<Entity id="6" label="person" />
<feature featureName="annotator" featureValue="R.H., V.M." />
<feature featureName="rm_id" featureValue="doc61_2917_1" />
</Relation>
<Relation id="31" NAME="marriage">
<Entity id="9" label="person" />
<Entity id="8" label="person" />
<feature featureName="annotator" featureValue="V.M., L.S." />
<feature featureName="rm_id" featureValue="doc61_2917_1_199" />
</Relation>
<Relation id="32" NAME="person_parent">
<Entity id="11" label="person" />
<Entity id="10" label="parent" />
<Entity id="12" label="parent" />
<feature featureName="annotator" featureValue="R.H., V.M." />
<feature featureName="rm_id" featureValue="doc61_3711_1" />
</Relation>
<Relation id="33" NAME="marriage">
<Entity id="10" label="person" />
<Entity id="12" label="person" />
<feature featureName="annotator" featureValue="R.H., V.M." />
<feature featureName="rm_id" featureValue="doc61_3711_2" />
</Relation>
<Relation id="34" NAME="person_parent">
<Entity id="14" label="person" />
<Entity id="13" label="parent" />
<feature featureName="annotator" featureValue="R.H., V.M." />
<feature featureName="rm_id" featureValue="doc61_7611_1" />
</Relation>
<Relation id="35" NAME="person_parent">
<Entity id="16" label="person" />
<Entity id="15" label="parent" />
<feature featureName="annotator" featureValue="R.H., V.M." />
<feature featureName="rm_id" featureValue="doc61_9500_1" />
</Relation>
<Relation id="36" NAME="person_parent">
<Entity id="18" label="person" />
<Entity id="17" label="parent" />
<feature featureName="annotator" featureValue="R.H., V.M." />
<feature featureName="rm_id" featureValue="doc61_9500_2" />
</Relation>
<Relation id="37" NAME="marriage">
<Entity id="20" label="person" />
<Entity id="19" label="person" />
<feature featureName="annotator" featureValue="R.H., L.S." />
<feature featureName="rm_id" featureValue="doc61_9500_0_210" />
</Relation>
<Relation id="38" NAME="marriage">
<Entity id="21" label="person" />
<Entity id="22" label="person" />
<feature featureName="annotator" featureValue="R.H., L.S." />
<feature featureName="rm_id" featureValue="doc61_9699_0_211" />
</Relation>
<Relation id="39" NAME="person_parent">
<Entity id="24" label="person" />
<Entity id="23" label="parent" />
<feature featureName="annotator" featureValue="R.H., V.M." />
<feature featureName="rm_id" featureValue="doc61_10531_1" />
</Relation>
<Relation id="40" NAME="sibling_relationship">
<Entity id="26" label="person" />
<Entity id="25" label="person" />
<feature featureName="annotator" featureValue="R.H., V.M." />
<feature featureName="rm_id" featureValue="doc61_11391_1" />
</Relation></Relations>
</Document>
