<?xml version="1.0" encoding="UTF-8"?>
<Document>
<TEXT>Cristy McAdams

The moment of truth came in February '01, when she was flying home from a business trip with a colleague. Cristy Pauley, then 30, tried to fasten her seatbelt, but it wouldn't span her 297-lb. girth. "My coworker said, 'You can get an extender belt,' " she remembers. "I was mortified."

Nearly three years later, though, she's soaring: 162 lbs. lighter, the Atlanta CIGNA computer technician has finished her business degree, divorced and happily remarried. At 5'6", the size-6 McAdams (down from size 26) is a dynamo: "She amazes me," says <NODE id="558" />her<NODE id="561" /> mom, <NODE id="567" />Nancy Genzy<NODE id="578" />. "She knows what she wants and goes for it." Cristy's weight problem began in her late 20s, when the pounds piled on because of stress and long hours on the job. By the time she walked into a Weight Watchers office near her home in Duluth, Ga., in April 2001, she had no idea how much work was ahead of her. "You stop looking at scales," she says. "When they told me what I weighed, I nearly fell over."

In the beginning McAdams stuck to the plan, with Weight Watchers snacks and shakes and low-calorie meals she made herself; as she gained confidence, she began to eat in restaurants. After dropping the first 50 lbs., she added exercise—rising at 4 a.m. every day to work out with weights and exercise videos in her living room.

Wed to businessman <NODE id="1331" />Tony McAdams<NODE id="1343" /> since last <NODE id="1355" />October<NODE id="1362" />, <NODE id="1364" />Cristy<NODE id="1370" />'s already looking ahead: "I definitely have baby fever. In five years I'll be a mommy—probably with a 3-year-old and one on the way." In the meantime, she says, "I love my life. I feel like I've won the lottery."

Then: 297 lbs. Now: 135 lbs. How: Weight Watchers Bonus: Found true love

Marcy and Pat Jolly

The Jollys have had their ups and downs: At their <NODE id="1730" />1996<NODE id="1734" /> wedding <NODE id="1743" />Marcy<NODE id="1748" /> weighed 300 lbs; <NODE id="1766" />Pat<NODE id="1769" /> was a chunky 220. Hundreds of double-size Whataburgers later, Pat had hit 232 lbs. and Marcy was 338. And in May 2001, Pat, an electrician, went to an Arlington, Texas, emergency room, suffering from dizziness and high blood pressure. Says Marcy, now 35: "We knew we needed to do something." At Weight Watchers the two learned to trade fatty snacks for healthy, high-fiber meals. "We cleaned out the house and got rid of all the junk," says Pat.

Nearly three years later they feel exuberant: Marcy, 510" and once a size 6X-plus, wears size 10; Pat, 35, is 54 lbs. lighter, and his blood pressure is normal. Marcy (an accounts coordinator at a credit union) works out three days a week, and both can jump for an hour at a time on the trampoline at Pat's brother's house.

But what they're really savoring is triumphing together. "We've been through skinny times and heavy times and really heavy times," says Marcy. "Now we're here, and it's so much fun."

Then: 338 lbs. (Marcy) 232 lbs. (Pat) Now: 183 lbs. (Marcy) 178 lbs. (Pat) Wakeup call: Pat's health problems

Loretta Begg

Since her before-and-after photos were featured on PEOPLE's Half Their Size cover last year, Begg—once 189 lbs.—has lost 15 more lbs., snared a new job and landed a leading role in a production of Fiddler on the Roof. A toned 139 lbs. last January, the 5'6" Begg (who had shed 50 lbs. on a diet supervised by a nutritionist) now weighs 124. "I didn't plan on losing more weight, but I'm very busy: I eat frequent small meals, play tennis three times a week and practice ballroom dancing several times a week." Now director of new business for Market Experts in Silver Spring, Md., the married Begg, 36, hit the stage in October as <NODE id="3482" />Tevye<NODE id="3487" />'s wife <NODE id="3495" />Golde<NODE id="3500" /> at the Lazy Susan Dinner Theatre in Wood-bridge, Va., six evenings a week. (The three-month run ended on Dec. 31.) Begg says she still feels like a star, even offstage: At a family party on Christmas Eve, she wore a jazzy black miniskirt in size 4. When her mother objected because "I'm getting older," Begg says, laughing, "I told her, 'It took me this long to get this way. I'm going to wear minis as long as I can.' "

At her 1998 wedding: 189 lbs. On PEOPLE's Jan. 13,2003, cover: 139 lbs. Now: 124 lbs.

Renée Smith

"I'm an emotional eater," admits Smith, 31. "When I was sad or angry, I'd comfort myself with food." But as the 5'6" East Canton, Ohio, mom edged up from 125 lbs. (her 1991 wedding weight) to 241 after the 1995 birth of her second son, she found that pizza and chocolate were ultimately more destructive than comforting. The added weight meant she couldn't join <NODE id="4385" />her<NODE id="4388" /> boys and husband, <NODE id="4407" />Troy<NODE id="4411" />, 34, a construction worker, in any physical activity. This sedentary life dampened her general outlook. "She wasn't the go-getter she was raised to be," says <NODE id="4570" />Smith<NODE id="4575" />'s mom, <NODE id="4583" />Deborah Mohr<NODE id="4595" />. "Her self-esteem suffered." So did her health. At 29, she had high blood pres- sure and high cholesterol and faced 30 worrying that she might not see her kids grow up. "I wanted to stick around," says Smith, who went to a local branch of Physicians Weight Loss Centers, which had helped Mohr lose 40 lbs. Of the four plans the program offers, Smith chose the high-fiber/low-fat diet. She bought their protein snacks (bars, shakes) but cooked meals herself, based on their portion sizes. "When you start measuring," says Smith, "it's eye-opening. I used to consume probably four times as much food as I needed." The revelation didn't make those first weeks any easier—Smith often felt hungry eating only 3 ozs. of meat and a half cup of strawberries for dinner. For exercise, she joined her mother on three-to-four-mile walks several days a week. And when she needed comfort, she replaced pizza with prayer. "I'd talk the problem out and pray a lot," says Smith who, after seven months away, returned to her old church. "People I knew were introducing themselves," she marvels. Now maintaining at 140 lbs., she has a new goal: graduating from nursing school in June. "I'd never have the courage without first losing the weight," says Smith, who, when she's not studying, can be found playing with her kids. "They love to joke around now about how they can lift me up."

Then: 241 lbs. Now: 140 lbs. How: Physicians Weight Loss Centers, walking daily Motivation: Turning 30

Becky Canino

A skinny kid in Miami who could eat anything—including her Cuban family's specialty, fried bananas—and not gain an ounce, <NODE id="6206" />Canino<NODE id="6212" /> was shocked to discover that as an adult she had put on 80 lbs. during her first pregnancy and couldn't easily lose them after the birth of son <NODE id="6357" />Nikko<NODE id="6362" />, now 16. She went to Jenny Craig in 1988 and hit 115 lbs., but after the birth of <NODE id="6445" />her<NODE id="6448" /> second son, <NODE id="6461" />Andrew<NODE id="6467" />, two years later, she again ballooned to 184. Using the now-banned drug combination fen-phen helped, but without the pills, back came the weight. By the time <NODE id="6626" />her<NODE id="6629" /> third son, <NODE id="6641" />Ryan<NODE id="6645" />, was born in 1994, she was carrying 174 lbs. on her 5'2" frame. "I got lazy," says Canino, now 39 and living with <NODE id="6760" />her<NODE id="6763" /> kids and husband <NODE id="6781" />Hector<NODE id="6787" />, also 39, a seafood distributor, in a Los Angeles suburb. "I concentrated on my children and I lost myself."

As a result her self-image suffered. She skipped a friend's wedding rather than be seen in plus-size formal wear. "I knew I wouldn't look good," she says. "I stayed home and cried." Plus, as Canino got heavier, <NODE id="7109" />her<NODE id="7112" /> shapely little sister, actress <NODE id="7144" />Eva Mendes<NODE id="7154" /> (Stuck on You), was becoming famous. "I've never been envious of Eva," says Canino. But she would see her sister in magazines and think, "I used to look this good. What happened to me?"

Her health deteriorated too. Her knees and back often ached so much in the morning she literally had to crawl to the bathroom. And in September '01 she was diagnosed with pseudotumor cerebri, a condition common to obese women that results in migraines, vomiting and, in rare instances, blindness from pressure on the optic nerve. "That scared me into losing weight," says Canino, who soon signed up at Lindora, a program characterized by a low-carb diet, lots of lettuce, daily weigh-ins and vitamin B12 shots administered by a nurse. She paid $1,200 for the first 10 weeks and found the plan initially difficult for a woman who "loved Big Macs with fries, pies and cheesecake." She learned to replace those with salads at the drive-thru and to curb bread, rice and pasta, all of which were forbidden in the plan's first stage. But shedding weight motivated her. She dropped 10 lbs in two weeks and started exercising, first walking, then jogging, then circuit training at a Curves gym.

In eight months she met her goal of 125 lbs., lost the pseudotumor symptoms and gained a new wardrobe filled with size sixes. "I knew she would lose the weight," says Mendes, who recently spent the holidays with her sister's family. "It was so inspiring." <NODE id="8586" />Canino<NODE id="8592" /> has inspired husband <NODE id="8614" />Hector<NODE id="8620" /> too. His reaction? "Wow! There's my wife who looks 20 years old again! Let's get down to it! Now, I've got to stay on my toes and stay in shape."

Then: 204 lbs. Now: 129 lbs. How: Lindora Motivation: Weight-induced headaches and vision problems

Jon Grey

The trouble started on the 1999 honeymoon. Though his new bride didn't mind the extra pounds Grey carried on his 6' frame, she learned on their first night together that his weight made his snoring sound like a lawn mower. Grey solved the problem—sleep apnea, which can cause heart failure as well as snoring—with a doctor-ordered machine to keep his airways open. Still, "going to bed and hooking myself up," says Grey, 38, a Fort Worth, Texas, business analyst, wasn't exactly romantic.

Job stress had led him to eat fast food on the run and to skip exercise, which caused his weight to rise from 220 to 325 in five years. His waist expanded from 36 in. to 52 in., and his marriage suffered. Though he and Angela, 39, a dental assistant, would still shop together, says Grey, "it's embarrassing when your wife is 5'7", 120 lbs., and has to carry all the groceries." His response made the situation worse: "I turned to eating and watching TV."

In February 2003, he walked into a Jenny Craig and joined that day. "I've never had anybody stay on the program so steadfastly," says Craig's Mary Painter. Eating six small packaged meals a day, he began dropping an average of 4.5 lbs. a week for five months. Now at 205, he cooks Craig's recipes. A competitive swimmer in college (despite being chubby since childhood), Grey started doing laps daily in a community pool in April '03. "I could see him falling back in love with the sport," says fellow swimmer Bob Carter. Grey has also rekindled another love. Now, he says, "Angela can hug me."

Then: 325 lbs. Now: 205 lbs. How: Jenny Craig and swimming Motivation: To get back in the pool

Sherrie Zonfrillo

When <NODE id="10541" />her<NODE id="10544" /> son <NODE id="10549" />Michael<NODE id="10556" /> was little, Zonfrillo, now 39, refused to take him to the beach. A diet dropout, she had ballooned to 358 lbs. by April 1998.

That month, Zonfrillo (an office manager in Providence) was eating pie at her desk when she thought, "What am I doing?" Dialing the weight-loss program at a local hospital, "I felt like it was my last resort," she says.

Her junk food gave way to five nutrition-packed shakes a day (800 calories total). After 5 months, she'd shed 108 lbs. Now 159, Zonfrillo, 5'3", is hoping to reach her ideal weight of 140 and is working with a trainer. A proud Michael, 17, recently hugged her and said, "Mom, the best part is that now I can get my arms around you."

Then: 358 lbs. Now: 159 lbs. How: A hospital-supervised program What she's learned: "Until you're ready, it's not going to happen."</TEXT>
<Meta /><Entities>
<Entity id="0" startPos="558" endPos="561" type="person" surface="her">
<feature featureName="cm_id" featureValue="83_3" />
<feature featureName="annotator" featureValue="R.H., V.M." /></Entity>
<Entity id="1" startPos="567" endPos="578" type="person" surface="Nancy Genzy">
<feature featureName="cm_id" featureValue="92_2" />
<feature featureName="annotator" featureValue="R.H., V.M." /></Entity>
<Entity id="2" startPos="1331" endPos="1343" type="person" surface="Tony McAdams">
<feature featureName="cm_id" featureValue="19_1" />
<feature featureName="annotator" featureValue="R.H., V.M." /></Entity>
<Entity id="3" startPos="1355" endPos="1362" type="date" surface="October">
<feature featureName="cm_id" featureValue="43_4" />
<feature featureName="annotator" featureValue="R.H." /></Entity>
<Entity id="4" startPos="1364" endPos="1370" type="person" surface="Cristy">
<feature featureName="cm_id" featureValue="52_2" />
<feature featureName="annotator" featureValue="R.H., V.M." /></Entity>
<Entity id="5" startPos="1730" endPos="1734" type="date" surface="1996">
<feature featureName="cm_id" featureValue="50_1" />
<feature featureName="date_year" featureValue="1996" />
<feature featureName="annotator" featureValue="R.H., V.M." /></Entity>
<Entity id="6" startPos="1743" endPos="1748" type="person" surface="Marcy">
<feature featureName="cm_id" featureValue="63_2" />
<feature featureName="annotator" featureValue="R.H., V.M." /></Entity>
<Entity id="7" startPos="1766" endPos="1769" type="person" surface="Pat">
<feature featureName="cm_id" featureValue="86_3" />
<feature featureName="annotator" featureValue="R.H., V.M." /></Entity>
<Entity id="8" startPos="3482" endPos="3487" type="person" surface="Tevye">
<feature featureName="cm_id" featureValue="121_3" />
<feature featureName="annotator" featureValue="V.M." /></Entity>
<Entity id="9" startPos="3495" endPos="3500" type="person" surface="Golde">
<feature featureName="cm_id" featureValue="134_1" />
<feature featureName="annotator" featureValue="R.H., V.M." /></Entity>
<Entity id="10" startPos="4385" endPos="4388" type="person" surface="her">
<feature featureName="cm_id" featureValue="41_1" />
<feature featureName="annotator" featureValue="R.H., V.M." /></Entity>
<Entity id="11" startPos="4407" endPos="4411" type="person" surface="Troy">
<feature featureName="cm_id" featureValue="63_2" />
<feature featureName="annotator" featureValue="R.H., V.M." /></Entity>
<Entity id="12" startPos="4570" endPos="4575" type="person" surface="Smith">
<feature featureName="cm_id" featureValue="54_2" />
<feature featureName="annotator" featureValue="R.H., V.M." /></Entity>
<Entity id="13" startPos="4583" endPos="4595" type="person" surface="Deborah Mohr">
<feature featureName="cm_id" featureValue="67_1" />
<feature featureName="annotator" featureValue="R.H., V.M." /></Entity>
<Entity id="14" startPos="6206" endPos="6212" type="person" surface="Canino">
<feature featureName="cm_id" featureValue="122_2" />
<feature featureName="annotator" featureValue="R.H., V.M." /></Entity>
<Entity id="15" startPos="6357" endPos="6362" type="person" surface="Nikko">
<feature featureName="cm_id" featureValue="273_4" />
<feature featureName="annotator" featureValue="R.H." /></Entity>
<Entity id="16" startPos="6445" endPos="6448" type="person" surface="her">
<feature featureName="cm_id" featureValue="73_5" />
<feature featureName="annotator" featureValue="R.H., V.M." /></Entity>
<Entity id="17" startPos="6461" endPos="6467" type="person" surface="Andrew">
<feature featureName="cm_id" featureValue="89_1" />
<feature featureName="annotator" featureValue="R.H., V.M." /></Entity>
<Entity id="18" startPos="6626" endPos="6629" type="person" surface="her">
<feature featureName="cm_id" featureValue="12_1" />
<feature featureName="annotator" featureValue="R.H., V.M." /></Entity>
<Entity id="19" startPos="6641" endPos="6645" type="person" surface="Ryan">
<feature featureName="cm_id" featureValue="27_2" />
<feature featureName="annotator" featureValue="R.H., V.M." /></Entity>
<Entity id="20" startPos="6760" endPos="6763" type="person" surface="her">
<feature featureName="cm_id" featureValue="50_3" />
<feature featureName="annotator" featureValue="R.H." /></Entity>
<Entity id="21" startPos="6781" endPos="6787" type="person" surface="Hector">
<feature featureName="cm_id" featureValue="71_2" />
<feature featureName="annotator" featureValue="R.H., V.M." /></Entity>
<Entity id="22" startPos="7109" endPos="7112" type="person" surface="her">
<feature featureName="cm_id" featureValue="29_2" />
<feature featureName="annotator" featureValue="R.H., V.M." /></Entity>
<Entity id="23" startPos="7144" endPos="7154" type="person" surface="Eva Mendes">
<feature featureName="cm_id" featureValue="64_3" />
<feature featureName="annotator" featureValue="R.H., V.M." /></Entity>
<Entity id="24" startPos="8586" endPos="8592" type="person" surface="Canino">
<feature featureName="cm_id" featureValue="0_2" />
<feature featureName="annotator" featureValue="R.H., V.M." /></Entity>
<Entity id="25" startPos="8614" endPos="8620" type="person" surface="Hector">
<feature featureName="cm_id" featureValue="28_1" />
<feature featureName="annotator" featureValue="R.H., V.M." /></Entity>
<Entity id="26" startPos="10541" endPos="10544" type="person" surface="her">
<feature featureName="cm_id" featureValue="5_1" />
<feature featureName="annotator" featureValue="R.H., V.M." /></Entity>
<Entity id="27" startPos="10549" endPos="10556" type="person" surface="Michael">
<feature featureName="cm_id" featureValue="13_2" />
<feature featureName="annotator" featureValue="R.H., V.M." /></Entity></Entities><Relations>
<Relation id="28" NAME="person_parent">
<Entity id="0" label="person" />
<Entity id="1" label="parent" />
<feature featureName="annotator" featureValue="R.H., V.M." />
<feature featureName="rm_id" featureValue="doc84_475_1" />
</Relation>
<Relation id="29" NAME="marriage">
<Entity id="2" label="person" />
<Entity id="4" label="person" />
<Entity id="3" label="from" />
<feature featureName="annotator" featureValue="R.H., L.S." />
<feature featureName="rm_id" featureValue="doc84_1312_0_148" />
</Relation>
<Relation id="30" NAME="marriage">
<Entity id="6" label="person" />
<Entity id="7" label="person" />
<Entity id="5" label="from" />
<feature featureName="annotator" featureValue="R.H., V.M." />
<feature featureName="rm_id" featureValue="doc84_1680_1" />
</Relation>
<Relation id="31" NAME="marriage">
<Entity id="9" label="person" />
<Entity id="8" label="person" />
<feature featureName="annotator" featureValue="V.M., L.S." />
<feature featureName="rm_id" featureValue="doc84_3361_0_138" />
</Relation>
<Relation id="32" NAME="marriage">
<Entity id="11" label="person" />
<Entity id="10" label="person" />
<feature featureName="annotator" featureValue="R.H., V.M." />
<feature featureName="rm_id" featureValue="doc84_4344_1" />
</Relation>
<Relation id="33" NAME="person_parent">
<Entity id="12" label="person" />
<Entity id="13" label="parent" />
<feature featureName="annotator" featureValue="R.H., V.M." />
<feature featureName="rm_id" featureValue="doc84_4516_1" />
</Relation>
<Relation id="34" NAME="person_parent">
<Entity id="15" label="person" />
<Entity id="14" label="parent" />
<feature featureName="annotator" featureValue="R.H., L.S." />
<feature featureName="rm_id" featureValue="doc84_6084_0_155" />
</Relation>
<Relation id="35" NAME="person_parent">
<Entity id="17" label="person" />
<Entity id="16" label="parent" />
<feature featureName="annotator" featureValue="R.H., V.M." />
<feature featureName="rm_id" featureValue="doc84_6372_1" />
</Relation>
<Relation id="36" NAME="person_parent">
<Entity id="19" label="person" />
<Entity id="18" label="parent" />
<feature featureName="annotator" featureValue="R.H., V.M." />
<feature featureName="rm_id" featureValue="doc84_6614_1" />
</Relation>
<Relation id="37" NAME="marriage">
<Entity id="21" label="person" />
<Entity id="20" label="person" />
<feature featureName="annotator" featureValue="R.H., L.S." />
<feature featureName="rm_id" featureValue="doc84_6710_0_151" />
</Relation>
<Relation id="38" NAME="sibling_relationship">
<Entity id="22" label="person" />
<Entity id="23" label="person" />
<feature featureName="annotator" featureValue="R.H., V.M." />
<feature featureName="rm_id" featureValue="doc84_7080_1" />
</Relation>
<Relation id="39" NAME="marriage">
<Entity id="25" label="person" />
<Entity id="24" label="person" />
<feature featureName="annotator" featureValue="R.H., V.M." />
<feature featureName="rm_id" featureValue="doc84_8586_1" />
</Relation>
<Relation id="40" NAME="person_parent">
<Entity id="27" label="person" />
<Entity id="26" label="parent" />
<feature featureName="annotator" featureValue="R.H., V.M." />
<feature featureName="rm_id" featureValue="doc84_10536_1" />
</Relation></Relations>
</Document>
