<?xml version="1.0" encoding="UTF-8"?>
<Document>
<TEXT>It started with a stunning phone call: There was a new suspect in the case. Patsy Ramsey—her cancer spreading, her strength sapped—boarded a plane to Colorado last February and, with <NODE id="183" />her<NODE id="186" /> husband, <NODE id="196" />John<NODE id="200" />, went to see Boulder County District Attorney Mary Lacy. There had been other suspects, and even a number of false confessions, but this time was different: This suspect seemed to know undisclosed details of the crime scene. The Ramseys—who for many years had lived with widespread public perception that they might have been involved in or knew more than they were saying about the crime—left the meeting with Lacy feeling hopeful.

"That trip to Boulder was very hard for Patsy physically," says her close friend Suzanne Goebel. "She came back, and the tumors in her brain were diagnosed, and it went downhill from there. But somehow she talked her body into not dying until she was pretty sure they had the killer. I think she concluded in her head and heart that this time they have the right one."

But do they? Just two months after Patsy died of ovarian cancer, and four months shy of the 10th anniversary of the death of 6-year-old JonBenét Ramsey, came electrifying news: Police in Bangkok were holding a suspect in the murder. John Mark Karr, 41, a teacher-for-hire with a history of bizarre behavior around children, told police he had been in the basement of the Ramseys' Boulder home the night JonBenét was murdered, and admitted she died at his hands. But he also professed his love for her and calmly insisted that her death—she was strangled and had an 8½-in. fracture to her skull—was accidental. The Ramseys "feel their daughter was brutally murdered, and she wasn't," Karr told a Thai official who spoke with PEOPLE. "It looks like that but she wasn't. I want them to hear the truth ... I need closure and [JonBenét's] family needs closure ... all of us have gone through enough pain."

Yet almost immediately there were troubling questions about Karr's strange confession. Not long after he was detained U.S. investigators took a saliva swab from Karr to compare his DNA with that found in JonBenét's underwear and under her fingernails; the results of those tests were not available at press time. "Even as kooky as his confession was, if you pair it up with a DNA match, then it's game, set and match for the state," says former Denver prosecutor turned talk show host Craig Silverman, an expert on the case. But without that, investigators will need to tie up a number of puzzling loose ends before one of the most infamous unsolved murders can, at last, be solved. John Karr "isn't normal, and he may even be a child molester," says well-known Denver defense attorney Scott Robinson, who has followed the case from the beginning. "But at this point it's pretty hard to believe that he's a murderer who committed this particular murder."

Perhaps most puzzling of all is that Karr, the twice-married father of three teenage boys, has no apparent connection to the Ramsey family. Neither John nor Patsy had ever heard of him, and Boulder investigators did not have him on their radar until earlier this year, and then only after a University of Colorado journalism teacher who was corresponding with Karr brought him to their attention. What's more, <NODE id="3273" />Karr<NODE id="3277" />'s second wife, <NODE id="3293" />Lara Knutson<NODE id="3305" />, 33, says Karr spent Christmas Day, 1996—the day before JonBenét's body was found—with her and their sons either at home in Alabama or with his family in Georgia. So far there is no proof to back that up, but "we've got a picture of his three children that was taken in his father's house on Christmas Day of 1996," says Georgia attorney Gary Harris, a spokesman for the Karr family. "The fact that his kids were there tells me he was there. His wife would not have come to the Christmas party without him." Karr was also known to be obsessed with the Ramsey case, reveling in its every detail, and was similarly fascinated by the 1993 murder of 12-year-old Polly Klaas, even moving his family to her hometown of Petaluma, Calif.

Could he have confessed to a crime he didn't commit just to link himself to JonBenét? The idea that Karr killed her is "ridiculous," <NODE id="4170" />his<NODE id="4173" /> brother <NODE id="4182" />Nate Karr<NODE id="4191" />, 34, told PEOPLE. "We have no hidden skeletons; there's nothing brutal in his background, nothing like that." Now the pressure is on Boulder officials to sort out fact from fiction in what in the past has been a horribly flawed investigation. Boulder D.A. Mary Lacy, who took over the case in 2002, admitted her investigation into Karr wasn't complete at the time he was picked up. So far, it's not clear if she has lined up basic evidence such as handwriting samples to match against the ransom note (see box) or proof that Karr was even in Boulder at the time of the killing. At a press conference Lacy suggested that Karr—who in 2001 was charged with possessing child pornography but had still recently managed to land three teaching jobs in Thailand—posed a serious safety risk, which would explain his sudden arrest.

The key evidence so far seems to be hundreds of e-mails Karr sent to journalism professor Michael Tracey, who produced three documentaries about the Ramsey case. In the e-mails, the Ramseys were told, Karr showed he knew things that "only people in the house or the killer would know," says Suzanne Goebel. "One was about a bracelet JonBenét had on and that Patsy evidently purchased and gave to her earlier in December." Boulder officials won't comment further, and the arrest warrant is under seal, but "I would be shocked if Mary Lacy made the decision to arrest this man on anything other than substantial evidence," says the Ramseys' friend and attorney Lin Wood. "The [arrest] document is 80 or 90 pages."

So is Karr a cold-blooded killer or just delusional? What's clear is that throughout his life he has struck many people as strange. <NODE id="5860" />His<NODE id="5863" /> parents, <NODE id="5873" />Wexford<NODE id="5880" /> and <NODE id="5885" />Patricia Karr<NODE id="5898" />, raised him in Georgia and divorced when Karr was 9. His mother, Karr once said, tended to raise him like a girl. Smaller and quieter than most boys, Karr went to live with his grandparents in Hamilton, Ala., where "he was the neighborhood kid who wouldn't play with the rest of us," says Brenda Perham, who lived nearby. "We'd be in someone's yard and he'd come and sit with a book." The flip side to his shyness was an urge to stand out: When he was old enough to drive, Karr made the rounds in a DeLorean he painted fire-engine red. "He said, 'I don't want to blend in with everyone else,'" says Perham.

When he was 19, <NODE id="6523" />Karr<NODE id="6527" /> married <NODE id="6536" />Quientana Shotts<NODE id="6552" />, then only 13; the marriage was soon annulled. Four years later Karr took another young bride: Lara Marie Knutson, who was 16 and pregnant with twins when <NODE id="6708" />she<NODE id="6711" /> wed <NODE id="6716" />Karr<NODE id="6720" /> in <NODE id="6724" />1989<NODE id="6728" />. Karr insisted on delivering the twins himself in their home; the babies, named <NODE id="6809" />Angel<NODE id="6814" /> and <NODE id="6819" />Innocence<NODE id="6828" />, died shortly after birth. In the next four years, the couple had three sons, <NODE id="6907" />John<NODE id="6911" />, <NODE id="6913" />Damon<NODE id="6918" /> and <NODE id="6923" />Seven Exodus<NODE id="6935" />. In 1996 Karr began working as a substitute teacher at his alma mater, Hamilton High School—the first of more than a dozen teaching jobs in several states and at least three different countries, many of which ended with Karr being dismissed for erratic behavior. "He was scary," says one former student. "He had a very nice side, and if you forgot your lunch money he'd give you a dollar. But he was always yelling and he had a short fuse." At another school "there were reports that students were terrified of him," says a teacher. "One kid got so scared he wet himself."

After moving his family to Petaluma, Calif., in 2000—apparently to get closer to the Polly Klaas case—Karr worked as a substitute teacher at a half-dozen elementary schools in the Bay Area. In April 2001 Napa County sheriffs summoned him from his classroom at Pueblo Vista Elementary School. He was arrested for possessing child pornography and served six months in jail before being released. "He was in correspondence with Richard Allen Davis [the man who murdered Polly Klaas] and that was disturbing," says Julia Freis, the former Sonoma County Deputy District Attorney who prosecuted Karr. "The whole case was strange and kind of twisted."

Karr lost his teaching credentials and his wife filed for divorce and asked a judge to suspend Karr's visitation privileges. Karr soon skipped town, missing a court date relating to the child-porn charges and becoming a fugitive. But he wasn't done teaching young children. By 2004 he had turned up in Honduras, where he worked at two schools; in 2006 he taught at three schools in Thailand. A colleague at Bangkok Christian College says Karr "was famous for kicking chairs in class because the kids weren't picking up English fast enough."

A lax screening process for foreign teachers apparently wasn't the only thing that drew Karr to Thailand. Earlier this year he visited the Pruksa Laser Center to have his beard and sideburn hair removed. "He told me he was on medication to prepare for a sex change," says the Center's Dr. Setthakarn Attakonpan. "He said, 'Don't take all of the hair—leave what a woman would have.'"

It was while he was out of the U.S. that Karr began his anonymous correspondence with journalism professor Michael Tracey, whom he knew to be a strong advocate of the theory that an intruder killed JonBenét. According to the Rocky Mountain News, in one e-mail about JonBenét, Karr wrote, "I love you and shall forever love you. If there is to be a life for me after this one, I pray that it will be with you." Earlier this year Tracey grew alarmed enough by something in an e-mail to contact the Boulder D.A.'s office. Police then fooled Karr into thinking he was exchanging e-mails with Patsy Ramsey. On Aug. 16, just a day after Karr began teaching at the New Sathorn International School in Bangkok, Thai police, acting on behalf of U.S. federal officials, picked him up in his apartment. During his interrogation U.S. investigators brought up the Ramsey case, and Karr quickly confessed. According to Thai police, Karr admitted to having sex with JonBenét, but later insinuated he may have just kissed her.

On Aug. 20 U.S. officials whisked Karr out of Bangkok on a commercial flight; during the 15-hour trip to Los Angeles, Karr ate the standard business-class meal of prawns and pâté and even sipped champagne. But once in L.A. he was locked in a 6-by-9-ft. cell, where he awaited extradition to Colorado and formal charges in JonBenét's murder.

Ten years ago the Ramseys themselves were under an "umbrella of suspicion," as one law enforcement official put it, for the murder of JonBenét. Investigators made them the chief suspects after they quickly hired lawyers, refused police interviews for four months and even engaged a publicist. Many saw their evasiveness as evidence they were involved, and they have never been officially cleared as suspects. But in 2003 Mary Lacy said, "the weight of the evidence is more consistent with the theory that an intruder murdered JonBenét." John Ramsey, in a statement, urged that Karr be spared "the type of media speculation that my wife and I were subjected to for so many years" until forensic tests are done. "John isn't getting all revved up about the arrest," says his friend Barney Way in Charlevoix, Mich. "He's keeping level-headed, as always."

But with Karr's arrest, both John and <NODE id="11326" />his<NODE id="11329" /> son <NODE id="11334" />Burke<NODE id="11339" />, 19, will have to relive the horror of JonBenét's murder. Burke, a computer-programming major at Purdue University and a skateboarding whiz, was also once a suspect, particularly in the tabloids (he was officially cleared by the D.A. of any involvement). Today, if his sister's murder "does haunt him, he doesn't let it show," says a friend. "He tries to live like everybody else." Burke has been dating a college student he met in high school for a few years. "I asked him if he was excited [about Karr's arrest] and he said yes," says his friend. "But he didn't mention anything specific. He's learned not to say a whole lot."

<NODE id="11970" />Patsy Ramsey<NODE id="11982" />'s sister <NODE id="11992" />Pamela Paugh<NODE id="12004" /> says the accusations against the family have taken a heavy toll on them. "At one point or another, we all considered suicide," says Paugh. "Of course John and Patsy thought about it at some point. But having a strong faith means you can stand in the fire." What the Ramseys need now, she says, is DNA evidence linking Karr to the murder: "JonBenét fought like a banshee. She tried to get that rope off her neck. She had somebody's DNA under her fingernails. And I'm 100 percent certain that it belongs to the killer." But even if Karr's DNA isn't a match, says Paugh, "it doesn't mean he doesn't have intimate knowledge of the crime. Does he know who was there?"

A preliminary hearing, at which more details about Karr's arrest might be revealed, could be a month away. Like so much about the murder of JonBenét Ramsey, the question of Karr's guilt or innocence may not be resolved quickly. "Closure in this case doesn't come with someone being arrested," says Lin Wood. "Closure for John and his family is when someone is found guilty in a court of law."

1997 UNDER SUSPICION On Dec. 26, 1996, the Ramseys called police to report their daughter missing; later that day John Ramsey found her body in the basement. Boulder police, feeling the couple were less than forthright, zeroed in on them as suspects. "We were aghast," John told PEOPLE in 2004.

JOHN AND LARA After <NODE id="13379" />Karr<NODE id="13383" /> married a pregnant <NODE id="13403" />Lara<NODE id="13407" /> in <NODE id="13411" />1989<NODE id="13415" />, he forbade her "to talk, see or communicate with her parents," says a law-enforcement official familiar with Karr.

2000 KARR'S THREE SONS As a father Karr "exercised very strong authority over his family," says Dale Jenkins, his pastor in Hamilton, Ala. "His boys had to walk the line. They were very well-behaved." According to Jenkins, Karr delivered <NODE id="13771" />his<NODE id="13774" /> sons <NODE id="13780" />John<NODE id="13784" />, <NODE id="13786" />Damon<NODE id="13791" /> and <NODE id="13796" />Seven Exodus<NODE id="13808" /> in his home with no doctor present.

2006 THE SON Burke at Patsy's funeral in June. "He's a very mature 19-year-old," says his aunt Pamela. "He just lost his mother two months ago—he's trying to refocus."

2001 JONBENET'S GRAVE Patsy mourns her daughter in Atlanta. Of Patsy's own death, says a friend from Charlevoix, Mich., "The whole community was just destroyed." Says another friend: "Too bad Patsy's not here [for Karr's arrest]. But she probably pulled some strings up there. I can just hear her saying, 'Okay, let's do it!'"

1996 BOULDER'S BEAUTY QUEEN Like her mother, a former Miss West Virginia, JonBenét "loved the beauty pageants," says <NODE id="14460" />Patsy Ramsey<NODE id="14472" />'s sister <NODE id="14482" />Pamela Paugh<NODE id="14494" />. "She was just out there having fun, bopping around the stage, playing dress-up with a bunch of girls her age." So far there is no evidence that Karr ever attended any of JonBenét's pageants.</TEXT>
<Meta /><Entities>
<Entity id="0" startPos="183" endPos="186" type="person" surface="her">
<feature featureName="cm_id" featureValue="107_3" />
<feature featureName="annotator" featureValue="R.H., V.M." /></Entity>
<Entity id="1" startPos="196" endPos="200" type="person" surface="John">
<feature featureName="cm_id" featureValue="120_4" />
<feature featureName="annotator" featureValue="R.H., V.M." /></Entity>
<Entity id="2" startPos="3273" endPos="3277" type="person" surface="Karr">
<feature featureName="cm_id" featureValue="13_3" />
<feature featureName="annotator" featureValue="R.H., V.M." /></Entity>
<Entity id="3" startPos="3293" endPos="3305" type="person" surface="Lara Knutson">
<feature featureName="cm_id" featureValue="33_1" />
<feature featureName="annotator" featureValue="R.H., V.M." /></Entity>
<Entity id="4" startPos="4170" endPos="4173" type="person" surface="his">
<feature featureName="cm_id" featureValue="47_1" />
<feature featureName="annotator" featureValue="R.H., V.M." /></Entity>
<Entity id="5" startPos="4182" endPos="4191" type="person" surface="Nate Karr">
<feature featureName="cm_id" featureValue="59_2" />
<feature featureName="annotator" featureValue="R.H., V.M." /></Entity>
<Entity id="6" startPos="5860" endPos="5863" type="person" surface="His">
<feature featureName="cm_id" featureValue="0_4" />
<feature featureName="annotator" featureValue="R.H., V.M." /></Entity>
<Entity id="7" startPos="5873" endPos="5880" type="person" surface="Wexford">
<feature featureName="cm_id" featureValue="13_3" />
<feature featureName="annotator" featureValue="R.H., V.M." /></Entity>
<Entity id="8" startPos="5885" endPos="5898" type="person" surface="Patricia Karr">
<feature featureName="cm_id" featureValue="25_2" />
<feature featureName="annotator" featureValue="R.H., V.M." /></Entity>
<Entity id="9" startPos="6523" endPos="6527" type="person" surface="Karr">
<feature featureName="cm_id" featureValue="16_1" />
<feature featureName="annotator" featureValue="R.H., V.M." /></Entity>
<Entity id="10" startPos="6536" endPos="6552" type="person" surface="Quientana Shotts">
<feature featureName="cm_id" featureValue="29_2" />
<feature featureName="annotator" featureValue="R.H., V.M." /></Entity>
<Entity id="11" startPos="6708" endPos="6711" type="person" surface="she">
<feature featureName="cm_id" featureValue="108_5" />
<feature featureName="annotator" featureValue="R.H." /></Entity>
<Entity id="12" startPos="6716" endPos="6720" type="person" surface="Karr">
<feature featureName="cm_id" featureValue="116_1" />
<feature featureName="annotator" featureValue="R.H., V.M." /></Entity>
<Entity id="13" startPos="6724" endPos="6728" type="date" surface="1989">
<feature featureName="cm_id" featureValue="124_4" />
<feature featureName="date_year" featureValue="1989" />
<feature featureName="annotator" featureValue="R.H., V.M." /></Entity>
<Entity id="14" startPos="6809" endPos="6814" type="person" surface="Angel">
<feature featureName="cm_id" featureValue="79_3" />
<feature featureName="annotator" featureValue="R.H., V.M." /></Entity>
<Entity id="15" startPos="6819" endPos="6828" type="person" surface="Innocence">
<feature featureName="cm_id" featureValue="89_4" />
<feature featureName="annotator" featureValue="R.H." /></Entity>
<Entity id="16" startPos="6907" endPos="6911" type="person" surface="John">
<feature featureName="cm_id" featureValue="51_2" />
<feature featureName="annotator" featureValue="R.H., V.M." /></Entity>
<Entity id="17" startPos="6913" endPos="6918" type="person" surface="Damon">
<feature featureName="cm_id" featureValue="57_1" />
<feature featureName="annotator" featureValue="R.H., V.M." /></Entity>
<Entity id="18" startPos="6923" endPos="6935" type="person" surface="Seven Exodus">
<feature featureName="cm_id" featureValue="67_3" />
<feature featureName="annotator" featureValue="R.H." /></Entity>
<Entity id="19" startPos="11326" endPos="11329" type="person" surface="his">
<feature featureName="cm_id" featureValue="38_1" />
<feature featureName="annotator" featureValue="R.H., V.M." /></Entity>
<Entity id="20" startPos="11334" endPos="11339" type="person" surface="Burke">
<feature featureName="cm_id" featureValue="46_3" />
<feature featureName="annotator" featureValue="R.H., V.M." /></Entity>
<Entity id="21" startPos="11970" endPos="11982" type="person" surface="Patsy Ramsey">
<feature featureName="cm_id" featureValue="0_2" />
<feature featureName="annotator" featureValue="R.H., V.M." /></Entity>
<Entity id="22" startPos="11992" endPos="12004" type="person" surface="Pamela Paugh">
<feature featureName="cm_id" featureValue="22_1" />
<feature featureName="annotator" featureValue="R.H., V.M." /></Entity>
<Entity id="23" startPos="13379" endPos="13383" type="person" surface="Karr">
<feature featureName="cm_id" featureValue="20_4" />
<feature featureName="annotator" featureValue="R.H., V.M." /></Entity>
<Entity id="24" startPos="13403" endPos="13407" type="person" surface="Lara">
<feature featureName="cm_id" featureValue="44_2" />
<feature featureName="annotator" featureValue="R.H., V.M." /></Entity>
<Entity id="25" startPos="13411" endPos="13415" type="date" surface="1989">
<feature featureName="cm_id" featureValue="52_1" />
<feature featureName="date_year" featureValue="1989" />
<feature featureName="annotator" featureValue="R.H., V.M." /></Entity>
<Entity id="26" startPos="13771" endPos="13774" type="person" surface="his">
<feature featureName="cm_id" featureValue="37_2" />
<feature featureName="annotator" featureValue="R.H., V.M." /></Entity>
<Entity id="27" startPos="13780" endPos="13784" type="person" surface="John">
<feature featureName="cm_id" featureValue="46_1" />
<feature featureName="annotator" featureValue="R.H., V.M." /></Entity>
<Entity id="28" startPos="13786" endPos="13791" type="person" surface="Damon">
<feature featureName="cm_id" featureValue="52_6" />
<feature featureName="annotator" featureValue="R.H., V.M." /></Entity>
<Entity id="29" startPos="13796" endPos="13808" type="person" surface="Seven Exodus">
<feature featureName="cm_id" featureValue="62_4" />
<feature featureName="annotator" featureValue="R.H., V.M." /></Entity>
<Entity id="30" startPos="14460" endPos="14472" type="person" surface="Patsy Ramsey">
<feature featureName="cm_id" featureValue="117_1" />
<feature featureName="annotator" featureValue="R.H., V.M." /></Entity>
<Entity id="31" startPos="14482" endPos="14494" type="person" surface="Pamela Paugh">
<feature featureName="cm_id" featureValue="139_2" />
<feature featureName="annotator" featureValue="R.H., V.M." /></Entity></Entities><Relations>
<Relation id="32" NAME="marriage">
<Entity id="1" label="person" />
<Entity id="0" label="person" />
<feature featureName="annotator" featureValue="R.H., V.M." />
<feature featureName="rm_id" featureValue="doc83_76_1" />
</Relation>
<Relation id="33" NAME="marriage">
<Entity id="3" label="person" />
<Entity id="2" label="person" />
<feature featureName="annotator" featureValue="R.H., V.M." />
<feature featureName="rm_id" featureValue="doc83_3260_1" />
</Relation>
<Relation id="34" NAME="sibling_relationship">
<Entity id="4" label="person" />
<Entity id="5" label="person" />
<feature featureName="annotator" featureValue="R.H., V.M." />
<feature featureName="rm_id" featureValue="doc83_4123_1" />
</Relation>
<Relation id="35" NAME="marriage">
<Entity id="8" label="person" />
<Entity id="7" label="person" />
<feature featureName="annotator" featureValue="R.H., V.M." />
<feature featureName="rm_id" featureValue="doc83_5860_1" />
</Relation>
<Relation id="36" NAME="person_parent">
<Entity id="6" label="person" />
<Entity id="8" label="parent" />
<Entity id="7" label="parent" />
<feature featureName="annotator" featureValue="V.M., L.S." />
<feature featureName="rm_id" featureValue="doc83_5860_0_281" />
</Relation>
<Relation id="37" NAME="marriage">
<Entity id="9" label="person" />
<Entity id="10" label="person" />
<feature featureName="annotator" featureValue="R.H., V.M." />
<feature featureName="rm_id" featureValue="doc83_6507_1" />
</Relation>
<Relation id="38" NAME="marriage">
<Entity id="12" label="person" />
<Entity id="11" label="person" />
<Entity id="13" label="from" />
<feature featureName="annotator" featureValue="R.H., L.S." />
<feature featureName="rm_id" featureValue="doc83_6600_0_289" />
</Relation>
<Relation id="39" NAME="sibling_relationship">
<Entity id="14" label="person" />
<Entity id="15" label="person" />
<feature featureName="annotator" featureValue="R.H., L.S." />
<feature featureName="rm_id" featureValue="doc83_6730_0_294" />
</Relation>
<Relation id="40" NAME="sibling_relationship">
<Entity id="18" label="person" />
<Entity id="16" label="person" />
<Entity id="17" label="person" />
<feature featureName="annotator" featureValue="R.H., L.S." />
<feature featureName="rm_id" featureValue="doc83_6856_0_295" />
</Relation>
<Relation id="41" NAME="person_parent">
<Entity id="20" label="person" />
<Entity id="19" label="parent" />
<feature featureName="annotator" featureValue="R.H., V.M." />
<feature featureName="rm_id" featureValue="doc83_11288_1" />
</Relation>
<Relation id="42" NAME="sibling_relationship">
<Entity id="22" label="person" />
<Entity id="21" label="person" />
<feature featureName="annotator" featureValue="R.H., V.M." />
<feature featureName="rm_id" featureValue="doc83_11970_1" />
</Relation>
<Relation id="43" NAME="marriage">
<Entity id="24" label="person" />
<Entity id="23" label="person" />
<Entity id="25" label="from" />
<feature featureName="annotator" featureValue="R.H., V.M." />
<feature featureName="rm_id" featureValue="doc83_13359_1" />
</Relation>
<Relation id="44" NAME="sibling_relationship">
<Entity id="27" label="person" />
<Entity id="28" label="person" />
<Entity id="29" label="person" />
<feature featureName="annotator" featureValue="R.H., V.M." />
<feature featureName="rm_id" featureValue="doc83_13734_1" />
</Relation>
<Relation id="45" NAME="person_parent">
<Entity id="27" label="person" />
<Entity id="28" label="person" />
<Entity id="29" label="person" />
<Entity id="26" label="parent" />
<feature featureName="annotator" featureValue="V.M., L.S." />
<feature featureName="rm_id" featureValue="doc83_13734_1_283" />
</Relation>
<Relation id="46" NAME="sibling_relationship">
<Entity id="31" label="person" />
<Entity id="30" label="person" />
<feature featureName="annotator" featureValue="R.H., V.M." />
<feature featureName="rm_id" featureValue="doc83_14343_1" />
</Relation></Relations>
</Document>
